cv_row_index,industry_group_slug,industry_branch_slug
0,lao-dong-pho-thong,lao-dong-pho-thong-lai-xe
1,lao-dong-pho-thong,lao-dong-pho-thong-lai-xe
2,nhan-su-hanh-chinh,nhan-su-hanh-chinh-van-phong
3,lao-dong-pho-thong,lao-dong-pho-thong-lai-xe
4,,
5,nhan-su-hanh-chinh,nhan-su-hanh-chinh-van-phong
6,lao-dong-pho-thong,lao-dong-pho-thong-lai-xe
7,lao-dong-pho-thong,lao-dong-pho-thong-lai-xe
8,,
9,kinh-doanh-ban-hang,kinh-doanh-ban-hang-tong-hop
10,san-xuat-qa-qc,san-xuat-thuc-pham
11,kinh-doanh-ban-hang,kinh-doanh-ban-hang-ban-hang
12,dich-vu-khach-hang,dich-vu-khach-hang-cskh
13,lao-dong-pho-thong,lao-dong-pho-thong-lai-xe
14,,
15,ke-toan-tai-chinh,ke-toan-tai-chinh-kiem-toan
16,lao-dong-pho-thong,lao-dong-pho-thong-lai-xe
17,kinh-doanh-ban-hang,kinh-doanh-ban-hang-tong-hop
18,lao-dong-pho-thong,lao-dong-pho-thong-lai-xe
19,lao-dong-pho-thong,lao-dong-pho-thong-lai-xe
20,lao-dong-pho-thong,lao-dong-pho-thong-lai-xe
21,san-xuat-qa-qc,san-xuat-qa-qc-qa-qc
22,san-xuat-qa-qc,san-xuat-my-pham
23,,
24,lao-dong-pho-thong,lao-dong-pho-thong-lai-xe
25,ke-toan-tai-chinh,ke-toan-tai-chinh-kiem-toan
26,dich-vu-khach-hang,dich-vu-khach-hang-cskh
27,lao-dong-pho-thong,lao-dong-pho-thong-lai-xe
28,lao-dong-pho-thong,lao-dong-pho-thong-lai-xe
29,,
30,lao-dong-pho-thong,lao-dong-pho-thong-lai-xe
31,lao-dong-pho-thong,lao-dong-pho-thong-lai-xe
32,lao-dong-pho-thong,lao-dong-pho-thong-lai-xe
33,lao-dong-pho-thong,lao-dong-pho-thong-lai-xe
34,lao-dong-pho-thong,lao-dong-pho-thong-lai-xe
35,lao-dong-pho-thong,lao-dong-pho-thong-lai-xe
36,nhan-su-hanh-chinh,nhan-su-tuyen-dung-cb
37,ke-toan-tai-chinh,ke-toan-tai-chinh-kiem-toan
38,lao-dong-pho-thong,lao-dong-pho-thong-lai-xe
39,lao-dong-pho-thong,lao-dong-pho-thong-lai-xe
40,lao-dong-pho-thong,lao-dong-pho-thong-lai-xe
41,y-te-duoc,y-te-duoc-y-te
42,,
43,marketing-truyen-thong,marketing-bien-phien-dich
44,thiet-ke-kien-truc,thiet-ke-my-thuat
45,lao-dong-pho-thong,lao-dong-pho-thong-lai-xe
46,lao-dong-pho-thong,lao-dong-pho-thong-lai-xe
47,giao-duc-dao-tao,giao-duc-giang-day
48,lao-dong-pho-thong,lao-dong-pho-thong-lai-xe
49,,
50,san-xuat-qa-qc,san-xuat-thuc-pham
51,marketing-truyen-thong,marketing-tong-hop
52,lao-dong-pho-thong,lao-dong-pho-thong-lai-xe
53,lao-dong-pho-thong,lao-dong-pho-thong-lai-xe
54,lao-dong-pho-thong,lao-dong-pho-thong-lai-xe
55,giao-duc-dao-tao,giao-duc-giang-day
56,lao-dong-pho-thong,lao-dong-pho-thong-lai-xe
57,kinh-doanh-ban-hang,kinh-doanh-ban-hang-tong-hop
58,lao-dong-pho-thong,lao-dong-pho-thong-lai-xe
59,lao-dong-pho-thong,lao-dong-pho-thong-lai-xe
60,san-xuat-qa-qc,san-xuat-qa-qc-qa-qc
61,giao-duc-dao-tao,giao-duc-giang-day
62,ke-toan-tai-chinh,ke-toan-tai-chinh-kiem-toan
63,lao-dong-pho-thong,lao-dong-pho-thong-lai-xe
64,ke-toan-tai-chinh,ke-toan-tai-chinh-kiem-toan
65,lao-dong-pho-thong,lao-dong-pho-thong-lai-xe
66,lao-dong-pho-thong,lao-dong-pho-thong-lai-xe
67,lao-dong-pho-thong,lao-dong-pho-thong-lai-xe
68,lao-dong-pho-thong,lao-dong-pho-thong-lai-xe
69,co-khi-che-tao,co-khi-che-tao-co-khi
70,lao-dong-pho-thong,lao-dong-pho-thong-lai-xe
71,ke-toan-tai-chinh,ke-toan-tai-chinh-kiem-toan
72,,
73,nhan-su-hanh-chinh,nhan-su-hanh-chinh-van-phong
74,khach-san-nha-hang-du-lich,khach-san-khach-san
75,lao-dong-pho-thong,lao-dong-pho-thong-lai-xe
76,lao-dong-pho-thong,lao-dong-pho-thong-lai-xe
77,nhan-su-hanh-chinh,nhan-su-hanh-chinh-van-phong
78,lao-dong-pho-thong,lao-dong-pho-thong-lai-xe
79,lao-dong-pho-thong,lao-dong-pho-thong-lai-xe
80,lao-dong-pho-thong,lao-dong-pho-thong-lai-xe
81,y-te-duoc,y-te-duoc-y-te
82,nhan-su-hanh-chinh,nhan-su-hanh-chinh-van-phong
83,van-tai-logistics,van-tai-giao-nhan
84,ke-toan-tai-chinh,ke-toan-tai-chinh-chung-khoan
85,lao-dong-pho-thong,lao-dong-pho-thong-lai-xe
86,cntt,cntt-phat-trien-phan-mem
87,y-te-duoc,y-te-duoc-y-te
88,,
89,kinh-doanh-ban-hang,kinh-doanh-ban-hang-tong-hop
90,lao-dong-pho-thong,lao-dong-pho-thong-lai-xe
91,lao-dong-pho-thong,lao-dong-pho-thong-lai-xe
92,,
93,ke-toan-tai-chinh,ke-toan-tai-chinh-kiem-toan
94,thiet-ke-kien-truc,thiet-ke-my-thuat
95,lao-dong-pho-thong,lao-dong-pho-thong-lai-xe
96,y-te-duoc,y-te-duoc-y-te
97,,
98,giao-duc-dao-tao,giao-duc-giang-day
99,van-tai-logistics,van-tai-giao-nhan
100,lao-dong-pho-thong,lao-dong-pho-thong-lai-xe
101,lao-dong-pho-thong,lao-dong-pho-thong-lai-xe
102,lao-dong-pho-thong,lao-dong-pho-thong-lai-xe
103,marketing-truyen-thong,marketing-bien-phien-dich
104,lao-dong-pho-thong,lao-dong-pho-thong-lai-xe
105,lao-dong-pho-thong,lao-dong-pho-thong-lai-xe
106,marketing-truyen-thong,marketing-tong-hop
107,lao-dong-pho-thong,lao-dong-pho-thong-lai-xe
108,lao-dong-pho-thong,lao-dong-pho-thong-lai-xe
109,lao-dong-pho-thong,lao-dong-pho-thong-lai-xe
110,xay-dung,xay-dung-ky-su
111,lao-dong-pho-thong,lao-dong-pho-thong-lai-xe
112,ke-toan-tai-chinh,ke-toan-tai-chinh-kiem-toan
113,kinh-doanh-ban-hang,kinh-doanh-ban-hang-tong-hop
114,,
115,lao-dong-pho-thong,lao-dong-pho-thong-lai-xe
116,lao-dong-pho-thong,lao-dong-pho-thong-lai-xe
117,lao-dong-pho-thong,lao-dong-pho-thong-lai-xe
118,co-khi-che-tao,co-khi-che-tao-co-khi
119,lao-dong-pho-thong,lao-dong-pho-thong-lai-xe
120,,
121,lao-dong-pho-thong,lao-dong-pho-thong-lai-xe
122,,
123,lao-dong-pho-thong,lao-dong-pho-thong-lai-xe
124,kinh-doanh-ban-hang,kinh-doanh-ban-hang-tong-hop
125,lao-dong-pho-thong,lao-dong-pho-thong-lai-xe
126,nhan-su-hanh-chinh,nhan-su-hanh-chinh-van-phong
127,,
128,van-tai-logistics,van-tai-logistics-kho-van
129,san-xuat-qa-qc,san-xuat-det-may
130,lao-dong-pho-thong,lao-dong-pho-thong-lai-xe
131,,
132,marketing-truyen-thong,marketing-tong-hop
133,,
134,lao-dong-pho-thong,lao-dong-pho-thong-lai-xe
135,,
136,kinh-doanh-ban-hang,kinh-doanh-ban-hang-ban-hang
137,giao-duc-dao-tao,giao-duc-giang-day
138,dien-dien-tu-vien-thong,dien-dien-tu-vien-thong-vt
139,lao-dong-pho-thong,lao-dong-pho-thong-lai-xe
140,lao-dong-pho-thong,lao-dong-pho-thong-lai-xe
141,lao-dong-pho-thong,lao-dong-pho-thong-lai-xe
142,kinh-doanh-ban-hang,kinh-doanh-ban-hang-tong-hop
143,nhan-su-hanh-chinh,nhan-su-hanh-chinh-van-phong
144,van-tai-logistics,van-tai-giao-nhan
145,lao-dong-pho-thong,lao-dong-pho-thong-lai-xe
146,lao-dong-pho-thong,lao-dong-pho-thong-lai-xe
147,lao-dong-pho-thong,lao-dong-pho-thong-lai-xe
148,nhan-su-hanh-chinh,nhan-su-thu-ky-tro-ly
149,lao-dong-pho-thong,lao-dong-pho-thong-lai-xe
150,lao-dong-pho-thong,lao-dong-pho-thong-lai-xe
151,lao-dong-pho-thong,lao-dong-pho-thong-lai-xe
152,,
153,lao-dong-pho-thong,lao-dong-pho-thong-lai-xe
154,lao-dong-pho-thong,lao-dong-pho-thong-lai-xe
155,ke-toan-tai-chinh,ke-toan-tai-chinh-kiem-toan
156,,
157,lao-dong-pho-thong,lao-dong-pho-thong-lai-xe
158,,
159,nhan-su-hanh-chinh,nhan-su-hanh-chinh-van-phong
160,nhan-su-hanh-chinh,nhan-su-hanh-chinh-van-phong
161,lao-dong-pho-thong,lao-dong-pho-thong-lai-xe
162,san-xuat-qa-qc,san-xuat-thuc-pham
163,van-tai-logistics,van-tai-giao-nhan
164,co-khi-che-tao,co-khi-che-tao-co-khi
165,lao-dong-pho-thong,lao-dong-pho-thong-lai-xe
166,lao-dong-pho-thong,lao-dong-pho-thong-lai-xe
167,nhan-su-hanh-chinh,nhan-su-hanh-chinh-van-phong
168,,
169,y-te-duoc,y-te-duoc-y-te
170,lao-dong-pho-thong,lao-dong-pho-thong-lai-xe
171,van-tai-logistics,van-tai-giao-nhan
172,ke-toan-tai-chinh,ke-toan-tai-chinh-kiem-toan
173,lao-dong-pho-thong,lao-dong-pho-thong-lai-xe
174,lao-dong-pho-thong,lao-dong-pho-thong-lai-xe
175,cntt,cntt-phan-cung-mang
176,lao-dong-pho-thong,lao-dong-pho-thong-lai-xe
177,dich-vu-khach-hang,dich-vu-khach-hang-cskh
178,dich-vu-khach-hang,dich-vu-khach-hang-cskh
179,lao-dong-pho-thong,lao-dong-pho-thong-lai-xe
180,,
181,lao-dong-pho-thong,lao-dong-pho-thong-lai-xe
182,lao-dong-pho-thong,lao-dong-pho-thong-lai-xe
183,nhan-su-hanh-chinh,nhan-su-hanh-chinh-van-phong
184,san-xuat-qa-qc,san-xuat-det-may
185,lao-dong-pho-thong,lao-dong-pho-thong-lai-xe
186,marketing-truyen-thong,marketing-bien-phien-dich
187,marketing-truyen-thong,marketing-to-chuc-su-kien
188,lao-dong-pho-thong,lao-dong-pho-thong-lai-xe
189,lao-dong-pho-thong,lao-dong-pho-thong-lai-xe
190,lao-dong-pho-thong,lao-dong-pho-thong-lai-xe
191,lao-dong-pho-thong,lao-dong-pho-thong-lai-xe
192,lao-dong-pho-thong,lao-dong-pho-thong-lai-xe
193,ke-toan-tai-chinh,ke-toan-tai-chinh-kiem-toan
194,,
195,khach-san-nha-hang-du-lich,khach-san-khach-san
196,khach-san-nha-hang-du-lich,khach-san-khach-san
197,lao-dong-pho-thong,lao-dong-pho-thong-lai-xe
198,lao-dong-pho-thong,lao-dong-pho-thong-lai-xe
199,lao-dong-pho-thong,lao-dong-pho-thong-lai-xe
200,lao-dong-pho-thong,lao-dong-pho-thong-lai-xe
201,lao-dong-pho-thong,lao-dong-pho-thong-lai-xe
202,lao-dong-pho-thong,lao-dong-pho-thong-lai-xe
203,lao-dong-pho-thong,lao-dong-pho-thong-lai-xe
204,lao-dong-pho-thong,lao-dong-pho-thong-lai-xe
205,kinh-doanh-ban-hang,kinh-doanh-ban-hang-tong-hop
206,,
207,lao-dong-pho-thong,lao-dong-pho-thong-lai-xe
208,kinh-doanh-ban-hang,kinh-doanh-ban-hang-tong-hop
209,kinh-doanh-ban-hang,kinh-doanh-ban-hang-tong-hop
210,nhan-su-hanh-chinh,nhan-su-hanh-chinh-van-phong
211,,
212,lao-dong-pho-thong,lao-dong-pho-thong-lai-xe
213,nhan-su-hanh-chinh,nhan-su-hanh-chinh-van-phong
214,lao-dong-pho-thong,lao-dong-pho-thong-lai-xe
215,lao-dong-pho-thong,lao-dong-pho-thong-lai-xe
216,lao-dong-pho-thong,lao-dong-pho-thong-lai-xe
217,lao-dong-pho-thong,lao-dong-pho-thong-lai-xe
218,,
219,lao-dong-pho-thong,lao-dong-pho-thong-lai-xe
220,dich-vu-khach-hang,dich-vu-khach-hang-cskh
221,lao-dong-pho-thong,lao-dong-pho-thong-lai-xe
222,nhan-su-hanh-chinh,nhan-su-phap-ly-phap-che
223,lao-dong-pho-thong,lao-dong-pho-thong-lai-xe
224,khach-san-nha-hang-du-lich,khach-san-du-lich-le-hanh
225,lao-dong-pho-thong,lao-dong-pho-thong-lai-xe
226,lao-dong-pho-thong,lao-dong-pho-thong-lai-xe
227,,
228,lao-dong-pho-thong,lao-dong-pho-thong-lai-xe
229,giao-duc-dao-tao,giao-duc-giang-day
230,nhan-su-hanh-chinh,nhan-su-tuyen-dung-cb
231,kinh-doanh-ban-hang,kinh-doanh-ban-hang-tong-hop
232,nhan-su-hanh-chinh,nhan-su-hanh-chinh-van-phong
233,y-te-duoc,y-te-duoc-y-te
234,kinh-doanh-ban-hang,kinh-doanh-ban-hang-ban-hang
235,lao-dong-pho-thong,lao-dong-pho-thong-lai-xe
236,cntt,cntt-phat-trien-phan-mem
237,,
238,,
239,lao-dong-pho-thong,lao-dong-pho-thong-lai-xe
240,lao-dong-pho-thong,lao-dong-pho-thong-lai-xe
241,lao-dong-pho-thong,lao-dong-pho-thong-lai-xe
242,lao-dong-pho-thong,lao-dong-pho-thong-lai-xe
243,lao-dong-pho-thong,lao-dong-pho-thong-lai-xe
244,nhan-su-hanh-chinh,nhan-su-hanh-chinh-van-phong
245,marketing-truyen-thong,marketing-bien-phien-dich
246,lao-dong-pho-thong,lao-dong-pho-thong-lai-xe
247,lao-dong-pho-thong,lao-dong-pho-thong-lai-xe
248,marketing-truyen-thong,marketing-tong-hop
249,y-te-duoc,y-te-duoc-y-te
250,y-te-duoc,y-te-duoc-y-te
251,,
252,lao-dong-pho-thong,lao-dong-pho-thong-lai-xe
253,san-xuat-qa-qc,san-xuat-quan-ly
254,,
255,lao-dong-pho-thong,lao-dong-pho-thong-lai-xe
256,lao-dong-pho-thong,lao-dong-pho-thong-lai-xe
257,lao-dong-pho-thong,lao-dong-pho-thong-lai-xe
258,lao-dong-pho-thong,lao-dong-pho-thong-lai-xe
259,,
260,kinh-doanh-ban-hang,kinh-doanh-ban-hang-ban-hang
261,nhan-su-hanh-chinh,nhan-su-hanh-chinh-van-phong
262,khach-san-nha-hang-du-lich,khach-san-khach-san
263,kinh-doanh-ban-hang,kinh-doanh-ban-hang-ban-hang
264,kinh-doanh-ban-hang,kinh-doanh-ban-hang-ban-hang
265,y-te-duoc,y-te-duoc-y-te
266,ke-toan-tai-chinh,ke-toan-tai-chinh-kiem-toan
267,lao-dong-pho-thong,lao-dong-pho-thong-lai-xe
268,,
269,san-xuat-qa-qc,san-xuat-det-may
270,,
271,lao-dong-pho-thong,lao-dong-pho-thong-lai-xe
272,van-tai-logistics,van-tai-giao-nhan
273,lao-dong-pho-thong,lao-dong-pho-thong-lai-xe
274,co-khi-che-tao,co-khi-che-tao-co-khi
275,lao-dong-pho-thong,lao-dong-pho-thong-lai-xe
276,ke-toan-tai-chinh,ke-toan-tai-chinh-kiem-toan
277,nhan-su-hanh-chinh,nhan-su-hanh-chinh-van-phong
278,lao-dong-pho-thong,lao-dong-pho-thong-lai-xe
279,lao-dong-pho-thong,lao-dong-pho-thong-lai-xe
280,lao-dong-pho-thong,lao-dong-pho-thong-lai-xe
281,,
282,,
283,lao-dong-pho-thong,lao-dong-pho-thong-lai-xe
284,kinh-doanh-ban-hang,kinh-doanh-ban-hang-tong-hop
285,lao-dong-pho-thong,lao-dong-pho-thong-lai-xe
286,lao-dong-pho-thong,lao-dong-pho-thong-lai-xe
287,co-khi-che-tao,co-khi-che-tao-co-khi
288,kinh-doanh-ban-hang,kinh-doanh-ban-hang-ban-hang
289,kinh-doanh-ban-hang,kinh-doanh-ban-hang-tong-hop
290,kinh-doanh-ban-hang,kinh-doanh-ban-hang-tong-hop
291,kinh-doanh-ban-hang,kinh-doanh-ban-hang-tong-hop
292,dich-vu-khach-hang,dich-vu-khach-hang-cskh
293,lao-dong-pho-thong,lao-dong-pho-thong-lai-xe
294,,
295,san-xuat-qa-qc,san-xuat-thuc-pham
296,lao-dong-pho-thong,lao-dong-pho-thong-lai-xe
297,lao-dong-pho-thong,lao-dong-pho-thong-lai-xe
298,nhan-su-hanh-chinh,nhan-su-hanh-chinh-van-phong
299,,
300,,
301,kinh-doanh-ban-hang,kinh-doanh-ban-hang-tong-hop
302,van-tai-logistics,van-tai-giao-nhan
303,lao-dong-pho-thong,lao-dong-pho-thong-lai-xe
304,nhan-su-hanh-chinh,nhan-su-tuyen-dung-cb
305,lao-dong-pho-thong,lao-dong-pho-thong-lai-xe
306,lao-dong-pho-thong,lao-dong-pho-thong-lai-xe
307,,
308,lao-dong-pho-thong,lao-dong-pho-thong-lai-xe
309,nhan-su-hanh-chinh,nhan-su-hanh-chinh-van-phong
310,lao-dong-pho-thong,lao-dong-pho-thong-lai-xe
311,lao-dong-pho-thong,lao-dong-pho-thong-lai-xe
312,cntt,cntt-phat-trien-phan-mem
313,lao-dong-pho-thong,lao-dong-pho-thong-bao-ve
314,,
315,nhan-su-hanh-chinh,nhan-su-hanh-chinh-van-phong
316,,
317,lao-dong-pho-thong,lao-dong-pho-thong-lai-xe
318,lao-dong-pho-thong,lao-dong-pho-thong-lai-xe
319,san-xuat-qa-qc,san-xuat-quan-ly
320,,
321,lao-dong-pho-thong,lao-dong-pho-thong-lai-xe
322,ke-toan-tai-chinh,ke-toan-tai-chinh-kiem-toan
323,nhan-su-hanh-chinh,nhan-su-hanh-chinh-van-phong
324,lao-dong-pho-thong,lao-dong-pho-thong-lai-xe
325,lao-dong-pho-thong,lao-dong-pho-thong-lai-xe
326,lao-dong-pho-thong,lao-dong-pho-thong-lai-xe
327,lao-dong-pho-thong,lao-dong-pho-thong-lai-xe
328,lao-dong-pho-thong,lao-dong-pho-thong-lai-xe
329,ke-toan-tai-chinh,ke-toan-tai-chinh-bao-hiem
330,lao-dong-pho-thong,lao-dong-pho-thong-lai-xe
331,lao-dong-pho-thong,lao-dong-pho-thong-lai-xe
332,lao-dong-pho-thong,lao-dong-pho-thong-lai-xe
333,lao-dong-pho-thong,lao-dong-pho-thong-lai-xe
334,,
335,ke-toan-tai-chinh,ke-toan-tai-chinh-kiem-toan
336,kinh-doanh-ban-hang,kinh-doanh-ban-hang-tong-hop
337,lao-dong-pho-thong,lao-dong-pho-thong-lai-xe
338,lao-dong-pho-thong,lao-dong-pho-thong-lai-xe
339,lao-dong-pho-thong,lao-dong-pho-thong-lai-xe
340,lao-dong-pho-thong,lao-dong-pho-thong-lai-xe
341,lao-dong-pho-thong,lao-dong-pho-thong-lai-xe
342,cntt,cntt-phat-trien-phan-mem
343,marketing-truyen-thong,marketing-tong-hop
344,,
345,,
346,nhan-su-hanh-chinh,nhan-su-hanh-chinh-van-phong
347,lao-dong-pho-thong,lao-dong-pho-thong-lai-xe
348,lao-dong-pho-thong,lao-dong-pho-thong-lai-xe
349,lao-dong-pho-thong,lao-dong-pho-thong-lai-xe
350,khach-san-nha-hang-du-lich,khach-san-spa-lam-dep
351,ke-toan-tai-chinh,ke-toan-tai-chinh-kiem-toan
352,xay-dung,xay-dung-ky-su
353,khach-san-nha-hang-du-lich,khach-san-khach-san
354,lao-dong-pho-thong,lao-dong-pho-thong-lai-xe
355,lao-dong-pho-thong,lao-dong-pho-thong-lai-xe
356,lao-dong-pho-thong,lao-dong-pho-thong-lai-xe
357,lao-dong-pho-thong,lao-dong-pho-thong-lai-xe
358,lao-dong-pho-thong,lao-dong-pho-thong-lai-xe
359,lao-dong-pho-thong,lao-dong-pho-thong-lai-xe
360,,
361,lao-dong-pho-thong,lao-dong-pho-thong-lai-xe
362,lao-dong-pho-thong,lao-dong-pho-thong-lai-xe
363,lao-dong-pho-thong,lao-dong-pho-thong-lai-xe
364,lao-dong-pho-thong,lao-dong-pho-thong-lai-xe
365,san-xuat-qa-qc,san-xuat-qa-qc-qa-qc
366,lao-dong-pho-thong,lao-dong-pho-thong-lai-xe
367,lao-dong-pho-thong,lao-dong-pho-thong-lai-xe
368,lao-dong-pho-thong,lao-dong-pho-thong-lai-xe
369,giao-duc-dao-tao,giao-duc-giang-day
370,lao-dong-pho-thong,lao-dong-pho-thong-lai-xe
371,,
372,kinh-doanh-ban-hang,kinh-doanh-ban-hang-ban-hang
373,van-tai-logistics,van-tai-giao-nhan
374,lao-dong-pho-thong,lao-dong-pho-thong-lai-xe
375,lao-dong-pho-thong,lao-dong-pho-thong-lai-xe
376,nhan-su-hanh-chinh,nhan-su-hanh-chinh-van-phong
377,y-te-duoc,y-te-duoc-y-te
378,lao-dong-pho-thong,lao-dong-pho-thong-lai-xe
379,kinh-doanh-ban-hang,kinh-doanh-ban-hang-tong-hop
380,,
381,xay-dung,xay-dung-ky-su
382,lao-dong-pho-thong,lao-dong-pho-thong-lai-xe
383,,
384,lao-dong-pho-thong,lao-dong-pho-thong-lai-xe
385,lao-dong-pho-thong,lao-dong-pho-thong-lai-xe
386,dich-vu-khach-hang,dich-vu-khach-hang-cskh
387,lao-dong-pho-thong,lao-dong-pho-thong-lai-xe
388,nhan-su-hanh-chinh,nhan-su-tuyen-dung-cb
389,,
390,lao-dong-pho-thong,lao-dong-pho-thong-lai-xe
391,lao-dong-pho-thong,lao-dong-pho-thong-lai-xe
392,lao-dong-pho-thong,lao-dong-pho-thong-lai-xe
393,lao-dong-pho-thong,lao-dong-pho-thong-lai-xe
394,kinh-doanh-ban-hang,kinh-doanh-ban-hang-ban-hang
395,lao-dong-pho-thong,lao-dong-pho-thong-lai-xe
396,lao-dong-pho-thong,lao-dong-pho-thong-lai-xe
397,nhan-su-hanh-chinh,nhan-su-hanh-chinh-van-phong
398,lao-dong-pho-thong,lao-dong-pho-thong-lai-xe
399,lao-dong-pho-thong,lao-dong-pho-thong-lai-xe
400,xay-dung,xay-dung-ky-su
401,ke-toan-tai-chinh,ke-toan-tai-chinh-kiem-toan
402,lao-dong-pho-thong,lao-dong-pho-thong-lai-xe
403,lao-dong-pho-thong,lao-dong-pho-thong-lai-xe
404,san-xuat-qa-qc,san-xuat-qa-qc-qa-qc
405,lao-dong-pho-thong,lao-dong-pho-thong-lai-xe
406,lao-dong-pho-thong,lao-dong-pho-thong-lai-xe
407,lao-dong-pho-thong,lao-dong-pho-thong-lai-xe
408,nhan-su-hanh-chinh,nhan-su-hanh-chinh-van-phong
409,lao-dong-pho-thong,lao-dong-pho-thong-lai-xe
410,,
411,nhan-su-hanh-chinh,nhan-su-hanh-chinh-van-phong
412,,
413,ke-toan-tai-chinh,ke-toan-tai-chinh-kiem-toan
414,kinh-doanh-ban-hang,kinh-doanh-ban-hang-tong-hop
415,lao-dong-pho-thong,lao-dong-pho-thong-lai-xe
416,lao-dong-pho-thong,lao-dong-pho-thong-lai-xe
417,lao-dong-pho-thong,lao-dong-pho-thong-lai-xe
418,van-tai-logistics,van-tai-giao-nhan
419,lao-dong-pho-thong,lao-dong-pho-thong-lai-xe
420,nhan-su-hanh-chinh,nhan-su-hanh-chinh-van-phong
421,van-tai-logistics,van-tai-giao-nhan
422,lao-dong-pho-thong,lao-dong-pho-thong-lai-xe
423,van-tai-logistics,van-tai-giao-nhan
424,,
425,nhan-su-hanh-chinh,nhan-su-hanh-chinh-van-phong
426,nhan-su-hanh-chinh,nhan-su-phap-ly-phap-che
427,lao-dong-pho-thong,lao-dong-pho-thong-lai-xe
428,ke-toan-tai-chinh,ke-toan-tai-chinh-kiem-toan
429,kinh-doanh-ban-hang,kinh-doanh-ban-hang-tong-hop
430,lao-dong-pho-thong,lao-dong-pho-thong-lai-xe
431,lao-dong-pho-thong,lao-dong-pho-thong-lai-xe
432,lao-dong-pho-thong,lao-dong-pho-thong-lai-xe
433,lao-dong-pho-thong,lao-dong-pho-thong-lai-xe
434,lao-dong-pho-thong,lao-dong-pho-thong-lai-xe
435,lao-dong-pho-thong,lao-dong-pho-thong-lai-xe
436,van-tai-logistics,van-tai-giao-nhan
437,cntt,cntt-phat-trien-phan-mem
438,cntt,cntt-phan-cung-mang
439,ke-toan-tai-chinh,ke-toan-tai-chinh-kiem-toan
440,lao-dong-pho-thong,lao-dong-pho-thong-lai-xe
441,van-tai-logistics,van-tai-giao-nhan
442,lao-dong-pho-thong,lao-dong-pho-thong-lai-xe
443,xay-dung,xay-dung-ky-su
444,,
445,lao-dong-pho-thong,lao-dong-pho-thong-lai-xe
446,,
447,dich-vu-khach-hang,dich-vu-khach-hang-cskh
448,lao-dong-pho-thong,lao-dong-pho-thong-lai-xe
449,lao-dong-pho-thong,lao-dong-pho-thong-lai-xe
450,lao-dong-pho-thong,lao-dong-pho-thong-lai-xe
451,nhan-su-hanh-chinh,nhan-su-hanh-chinh-van-phong
452,lao-dong-pho-thong,lao-dong-pho-thong-lai-xe
453,lao-dong-pho-thong,lao-dong-pho-thong-lai-xe
454,lao-dong-pho-thong,lao-dong-pho-thong-lai-xe
455,nhan-su-hanh-chinh,nhan-su-hanh-chinh-van-phong
456,,
457,y-te-duoc,y-te-duoc-y-te
458,,
459,lao-dong-pho-thong,lao-dong-pho-thong-lai-xe
460,nhan-su-hanh-chinh,nhan-su-hanh-chinh-van-phong
461,,
462,lao-dong-pho-thong,lao-dong-pho-thong-lai-xe
463,khach-san-nha-hang-du-lich,khach-san-nha-hang-fb
464,nhan-su-hanh-chinh,nhan-su-hanh-chinh-van-phong
465,ke-toan-tai-chinh,ke-toan-tai-chinh-tai-chinh
466,lao-dong-pho-thong,lao-dong-pho-thong-lai-xe
467,lao-dong-pho-thong,lao-dong-pho-thong-lai-xe
468,lao-dong-pho-thong,lao-dong-pho-thong-lai-xe
469,lao-dong-pho-thong,lao-dong-pho-thong-lai-xe
470,van-tai-logistics,van-tai-giao-nhan
471,,
472,lao-dong-pho-thong,lao-dong-pho-thong-lai-xe
473,lao-dong-pho-thong,lao-dong-pho-thong-lai-xe
474,lao-dong-pho-thong,lao-dong-pho-thong-lai-xe
475,giao-duc-dao-tao,giao-duc-giang-day
476,van-tai-logistics,van-tai-giao-nhan
477,giao-duc-dao-tao,giao-duc-giang-day
478,y-te-duoc,y-te-duoc-y-te
479,lao-dong-pho-thong,lao-dong-pho-thong-lai-xe
480,lao-dong-pho-thong,lao-dong-pho-thong-lai-xe
481,,
482,lao-dong-pho-thong,lao-dong-pho-thong-lai-xe
483,,
484,,
485,lao-dong-pho-thong,lao-dong-pho-thong-lai-xe
486,xay-dung,xay-dung-ky-su
487,lao-dong-pho-thong,lao-dong-pho-thong-lai-xe
488,,
489,lao-dong-pho-thong,lao-dong-pho-thong-lai-xe
490,lao-dong-pho-thong,lao-dong-pho-thong-lai-xe
491,lao-dong-pho-thong,lao-dong-pho-thong-lai-xe
492,,
493,lao-dong-pho-thong,lao-dong-pho-thong-lai-xe
494,kinh-doanh-ban-hang,kinh-doanh-ban-hang-tong-hop
495,lao-dong-pho-thong,lao-dong-pho-thong-lai-xe
496,,
497,lao-dong-pho-thong,lao-dong-pho-thong-lai-xe
498,,
499,lao-dong-pho-thong,lao-dong-pho-thong-lai-xe
500,lao-dong-pho-thong,lao-dong-pho-thong-lai-xe
501,kinh-doanh-ban-hang,kinh-doanh-ban-hang-tong-hop
502,lao-dong-pho-thong,lao-dong-pho-thong-lai-xe
503,nhan-su-hanh-chinh,nhan-su-hanh-chinh-van-phong
504,lao-dong-pho-thong,lao-dong-pho-thong-lai-xe
505,lao-dong-pho-thong,lao-dong-pho-thong-lai-xe
506,lao-dong-pho-thong,lao-dong-pho-thong-lai-xe
507,,
508,khach-san-nha-hang-du-lich,khach-san-du-lich-le-hanh
509,lao-dong-pho-thong,lao-dong-pho-thong-lai-xe
510,lao-dong-pho-thong,lao-dong-pho-thong-lai-xe
511,xay-dung,xay-dung-ky-su
512,lao-dong-pho-thong,lao-dong-pho-thong-lai-xe
513,lao-dong-pho-thong,lao-dong-pho-thong-lai-xe
514,ke-toan-tai-chinh,ke-toan-tai-chinh-kiem-toan
515,cntt,cntt-phat-trien-phan-mem
516,ke-toan-tai-chinh,ke-toan-tai-chinh-kiem-toan
517,lao-dong-pho-thong,lao-dong-pho-thong-lai-xe
518,lao-dong-pho-thong,lao-dong-pho-thong-lai-xe
519,lao-dong-pho-thong,lao-dong-pho-thong-lai-xe
520,san-xuat-qa-qc,san-xuat-my-pham
521,kinh-doanh-ban-hang,kinh-doanh-ban-hang-ban-hang
522,,
523,lao-dong-pho-thong,lao-dong-pho-thong-lai-xe
524,nhan-su-hanh-chinh,nhan-su-hanh-chinh-van-phong
525,lao-dong-pho-thong,lao-dong-pho-thong-lai-xe
526,,
527,xay-dung,xay-dung-ky-su
528,lao-dong-pho-thong,lao-dong-pho-thong-lai-xe
529,,
530,cntt,cntt-phat-trien-phan-mem
531,nhan-su-hanh-chinh,nhan-su-hanh-chinh-van-phong
532,lao-dong-pho-thong,lao-dong-pho-thong-lai-xe
533,lao-dong-pho-thong,lao-dong-pho-thong-lai-xe
534,lao-dong-pho-thong,lao-dong-pho-thong-lai-xe
535,,
536,co-khi-che-tao,co-khi-che-tao-co-khi
537,lao-dong-pho-thong,lao-dong-pho-thong-lai-xe
538,nhan-su-hanh-chinh,nhan-su-phap-ly-phap-che
539,lao-dong-pho-thong,lao-dong-pho-thong-lai-xe
540,lao-dong-pho-thong,lao-dong-pho-thong-lai-xe
541,,
542,khach-san-nha-hang-du-lich,khach-san-khach-san
543,kinh-doanh-ban-hang,kinh-doanh-ban-hang-ban-hang
544,lao-dong-pho-thong,lao-dong-pho-thong-lai-xe
545,lao-dong-pho-thong,lao-dong-pho-thong-lai-xe
546,kinh-doanh-ban-hang,kinh-doanh-ban-hang-tong-hop
547,lao-dong-pho-thong,lao-dong-pho-thong-lai-xe
548,ke-toan-tai-chinh,ke-toan-tai-chinh-kiem-toan
549,san-xuat-qa-qc,san-xuat-thuc-pham
550,lao-dong-pho-thong,lao-dong-pho-thong-lai-xe
551,lao-dong-pho-thong,lao-dong-pho-thong-lai-xe
552,lao-dong-pho-thong,lao-dong-pho-thong-lai-xe
553,lao-dong-pho-thong,lao-dong-pho-thong-lai-xe
554,lao-dong-pho-thong,lao-dong-pho-thong-lai-xe
555,nhan-su-hanh-chinh,nhan-su-hanh-chinh-van-phong
556,marketing-truyen-thong,marketing-tong-hop
557,lao-dong-pho-thong,lao-dong-pho-thong-lai-xe
558,lao-dong-pho-thong,lao-dong-pho-thong-lai-xe
559,lao-dong-pho-thong,lao-dong-pho-thong-lai-xe
560,,
561,lao-dong-pho-thong,lao-dong-pho-thong-lai-xe
562,lao-dong-pho-thong,lao-dong-pho-thong-lai-xe
563,co-khi-che-tao,co-khi-che-tao-co-khi
564,lao-dong-pho-thong,lao-dong-pho-thong-lai-xe
565,lao-dong-pho-thong,lao-dong-pho-thong-lai-xe
566,lao-dong-pho-thong,lao-dong-pho-thong-lai-xe
567,lao-dong-pho-thong,lao-dong-pho-thong-lai-xe
568,lao-dong-pho-thong,lao-dong-pho-thong-lai-xe
569,lao-dong-pho-thong,lao-dong-pho-thong-lai-xe
570,khach-san-nha-hang-du-lich,khach-san-khach-san
571,lao-dong-pho-thong,lao-dong-pho-thong-lai-xe
572,lao-dong-pho-thong,lao-dong-pho-thong-lai-xe
573,nhan-su-hanh-chinh,nhan-su-hanh-chinh-van-phong
574,,
575,lao-dong-pho-thong,lao-dong-pho-thong-lai-xe
576,lao-dong-pho-thong,lao-dong-pho-thong-lai-xe
577,san-xuat-qa-qc,san-xuat-my-pham
578,,
579,lao-dong-pho-thong,lao-dong-pho-thong-lai-xe
580,van-tai-logistics,van-tai-giao-nhan
581,ke-toan-tai-chinh,ke-toan-tai-chinh-kiem-toan
582,san-xuat-qa-qc,san-xuat-quan-ly
583,lao-dong-pho-thong,lao-dong-pho-thong-lai-xe
584,,
585,lao-dong-pho-thong,lao-dong-pho-thong-lai-xe
586,nhan-su-hanh-chinh,nhan-su-hanh-chinh-van-phong
587,khach-san-nha-hang-du-lich,khach-san-khach-san
588,nhan-su-hanh-chinh,nhan-su-hanh-chinh-van-phong
589,lao-dong-pho-thong,lao-dong-pho-thong-lai-xe
590,khach-san-nha-hang-du-lich,khach-san-du-lich-le-hanh
591,ke-toan-tai-chinh,ke-toan-tai-chinh-kiem-toan
592,van-tai-logistics,van-tai-logistics-kho-van
593,lao-dong-pho-thong,lao-dong-pho-thong-lai-xe
594,marketing-truyen-thong,marketing-tong-hop
595,marketing-truyen-thong,marketing-tong-hop
596,lao-dong-pho-thong,lao-dong-pho-thong-lai-xe
597,kinh-doanh-ban-hang,kinh-doanh-ban-hang-tong-hop
598,dien-dien-tu-vien-thong,dien-dien-tu-vien-thong-vt
599,lao-dong-pho-thong,lao-dong-pho-thong-lai-xe
600,lao-dong-pho-thong,lao-dong-pho-thong-lai-xe
601,marketing-truyen-thong,marketing-bien-phien-dich
602,kinh-doanh-ban-hang,kinh-doanh-ban-hang-tong-hop
603,nhan-su-hanh-chinh,nhan-su-hanh-chinh-van-phong
604,lao-dong-pho-thong,lao-dong-pho-thong-lai-xe
605,nhan-su-hanh-chinh,nhan-su-tuyen-dung-cb
606,lao-dong-pho-thong,lao-dong-pho-thong-lai-xe
607,lao-dong-pho-thong,lao-dong-pho-thong-lai-xe
608,marketing-truyen-thong,marketing-bao-chi-truyen-hinh
609,kinh-doanh-ban-hang,kinh-doanh-ban-hang-ban-hang
610,kinh-doanh-ban-hang,kinh-doanh-ban-hang-thu-ngan
611,lao-dong-pho-thong,lao-dong-pho-thong-lai-xe
612,van-tai-logistics,van-tai-giao-nhan
613,nhan-su-hanh-chinh,nhan-su-thu-ky-tro-ly
614,khach-san-nha-hang-du-lich,khach-san-khach-san
615,dich-vu-khach-hang,dich-vu-khach-hang-cskh
616,lao-dong-pho-thong,lao-dong-pho-thong-lai-xe
617,nhan-su-hanh-chinh,nhan-su-hanh-chinh-van-phong
618,nhan-su-hanh-chinh,nhan-su-hanh-chinh-van-phong
619,van-tai-logistics,van-tai-logistics-kho-van
620,lao-dong-pho-thong,lao-dong-pho-thong-lai-xe
621,kinh-doanh-ban-hang,kinh-doanh-ban-hang-ban-hang
622,lao-dong-pho-thong,lao-dong-pho-thong-lai-xe
623,lao-dong-pho-thong,lao-dong-pho-thong-lai-xe
624,lao-dong-pho-thong,lao-dong-pho-thong-lai-xe
625,khach-san-nha-hang-du-lich,khach-san-khach-san
626,lao-dong-pho-thong,lao-dong-pho-thong-lai-xe
627,,
628,marketing-truyen-thong,marketing-bao-chi-truyen-hinh
629,marketing-truyen-thong,marketing-bien-phien-dich
630,lao-dong-pho-thong,lao-dong-pho-thong-lai-xe
631,lao-dong-pho-thong,lao-dong-pho-thong-lai-xe
632,lao-dong-pho-thong,lao-dong-pho-thong-lai-xe
633,kinh-doanh-ban-hang,kinh-doanh-ban-hang-tong-hop
634,lao-dong-pho-thong,lao-dong-pho-thong-lai-xe
635,co-khi-che-tao,co-khi-che-tao-co-khi
636,lao-dong-pho-thong,lao-dong-pho-thong-lai-xe
637,marketing-truyen-thong,marketing-tong-hop
638,y-te-duoc,y-te-duoc-y-te
639,marketing-truyen-thong,marketing-bien-phien-dich
640,lao-dong-pho-thong,lao-dong-pho-thong-lai-xe
641,lao-dong-pho-thong,lao-dong-pho-thong-lai-xe
642,lao-dong-pho-thong,lao-dong-pho-thong-lai-xe
643,khach-san-nha-hang-du-lich,khach-san-khach-san
644,thiet-ke-kien-truc,thiet-ke-my-thuat
645,lao-dong-pho-thong,lao-dong-pho-thong-lai-xe
646,giao-duc-dao-tao,giao-duc-giang-day
647,lao-dong-pho-thong,lao-dong-pho-thong-lai-xe
648,lao-dong-pho-thong,lao-dong-pho-thong-lai-xe
649,,
650,lao-dong-pho-thong,lao-dong-pho-thong-lai-xe
651,lao-dong-pho-thong,lao-dong-pho-thong-lai-xe
652,marketing-truyen-thong,marketing-bien-phien-dich
653,lao-dong-pho-thong,lao-dong-pho-thong-lai-xe
654,cntt,cntt-phat-trien-phan-mem
655,lao-dong-pho-thong,lao-dong-pho-thong-lai-xe
656,cntt,cntt-phat-trien-phan-mem
657,kinh-doanh-ban-hang,kinh-doanh-ban-hang-tong-hop
658,marketing-truyen-thong,marketing-bien-phien-dich
659,nhan-su-hanh-chinh,nhan-su-hanh-chinh-van-phong
660,,
661,lao-dong-pho-thong,lao-dong-pho-thong-lai-xe
662,,
663,lao-dong-pho-thong,lao-dong-pho-thong-lai-xe
664,nhan-su-hanh-chinh,nhan-su-hanh-chinh-van-phong
665,y-te-duoc,y-te-duoc-y-te
666,lao-dong-pho-thong,lao-dong-pho-thong-lai-xe
667,lao-dong-pho-thong,lao-dong-pho-thong-lai-xe
668,,
669,lao-dong-pho-thong,lao-dong-pho-thong-lai-xe
670,marketing-truyen-thong,marketing-bao-chi-truyen-hinh
671,dich-vu-khach-hang,dich-vu-khach-hang-cskh
672,kinh-doanh-ban-hang,kinh-doanh-ban-hang-tong-hop
673,lao-dong-pho-thong,lao-dong-pho-thong-lai-xe
674,lao-dong-pho-thong,lao-dong-pho-thong-lai-xe
675,ke-toan-tai-chinh,ke-toan-tai-chinh-chung-khoan
676,marketing-truyen-thong,marketing-tong-hop
677,lao-dong-pho-thong,lao-dong-pho-thong-lai-xe
678,,
679,,
680,nhan-su-hanh-chinh,nhan-su-hanh-chinh-van-phong
681,khach-san-nha-hang-du-lich,khach-san-khach-san
682,lao-dong-pho-thong,lao-dong-pho-thong-lai-xe
683,thiet-ke-kien-truc,thiet-ke-kien-truc-kien-truc
684,,
685,lao-dong-pho-thong,lao-dong-pho-thong-lai-xe
686,lao-dong-pho-thong,lao-dong-pho-thong-lai-xe
687,lao-dong-pho-thong,lao-dong-pho-thong-lai-xe
688,lao-dong-pho-thong,lao-dong-pho-thong-lai-xe
689,nhan-su-hanh-chinh,nhan-su-hanh-chinh-van-phong
690,khach-san-nha-hang-du-lich,khach-san-du-lich-le-hanh
691,lao-dong-pho-thong,lao-dong-pho-thong-lai-xe
692,lao-dong-pho-thong,lao-dong-pho-thong-lai-xe
693,van-tai-logistics,van-tai-logistics-kho-van
694,lao-dong-pho-thong,lao-dong-pho-thong-lai-xe
695,nhan-su-hanh-chinh,nhan-su-hanh-chinh-van-phong
696,,
697,san-xuat-qa-qc,san-xuat-moi-truong
698,lao-dong-pho-thong,lao-dong-pho-thong-lai-xe
699,lao-dong-pho-thong,lao-dong-pho-thong-lai-xe
700,lao-dong-pho-thong,lao-dong-pho-thong-lai-xe
701,nhan-su-hanh-chinh,nhan-su-hanh-chinh-van-phong
702,nhan-su-hanh-chinh,nhan-su-hanh-chinh-van-phong
703,ke-toan-tai-chinh,ke-toan-tai-chinh-kiem-toan
704,kinh-doanh-ban-hang,kinh-doanh-ban-hang-tong-hop
705,lao-dong-pho-thong,lao-dong-pho-thong-lai-xe
706,,
707,kinh-doanh-ban-hang,kinh-doanh-ban-hang-tong-hop
708,kinh-doanh-ban-hang,kinh-doanh-ban-hang-ban-hang
709,,
710,,
711,thiet-ke-kien-truc,thiet-ke-kien-truc-kien-truc
712,lao-dong-pho-thong,lao-dong-pho-thong-lai-xe
713,,
714,lao-dong-pho-thong,lao-dong-pho-thong-lai-xe
715,lao-dong-pho-thong,lao-dong-pho-thong-lai-xe
716,lao-dong-pho-thong,lao-dong-pho-thong-lai-xe
717,ke-toan-tai-chinh,ke-toan-tai-chinh-kiem-toan
718,lao-dong-pho-thong,lao-dong-pho-thong-lai-xe
719,,
720,lao-dong-pho-thong,lao-dong-pho-thong-lai-xe
721,lao-dong-pho-thong,lao-dong-pho-thong-lai-xe
722,lao-dong-pho-thong,lao-dong-pho-thong-lai-xe
723,lao-dong-pho-thong,lao-dong-pho-thong-lai-xe
724,lao-dong-pho-thong,lao-dong-pho-thong-lai-xe
725,lao-dong-pho-thong,lao-dong-pho-thong-lai-xe
726,lao-dong-pho-thong,lao-dong-pho-thong-lai-xe
727,kinh-doanh-ban-hang,kinh-doanh-ban-hang-tong-hop
728,co-khi-che-tao,co-khi-che-tao-co-khi
729,nhan-su-hanh-chinh,nhan-su-hanh-chinh-van-phong
730,,
731,san-xuat-qa-qc,san-xuat-quan-ly
732,,
733,marketing-truyen-thong,marketing-to-chuc-su-kien
734,lao-dong-pho-thong,lao-dong-pho-thong-lai-xe
735,giao-duc-dao-tao,giao-duc-giang-day
736,kinh-doanh-ban-hang,kinh-doanh-ban-hang-tong-hop
737,,
738,lao-dong-pho-thong,lao-dong-pho-thong-lai-xe
739,lao-dong-pho-thong,lao-dong-pho-thong-lai-xe
740,kinh-doanh-ban-hang,kinh-doanh-ban-hang-ban-hang
741,san-xuat-qa-qc,san-xuat-moi-truong
742,lao-dong-pho-thong,lao-dong-pho-thong-lai-xe
743,lao-dong-pho-thong,lao-dong-pho-thong-lai-xe
744,lao-dong-pho-thong,lao-dong-pho-thong-lai-xe
745,lao-dong-pho-thong,lao-dong-pho-thong-lai-xe
746,lao-dong-pho-thong,lao-dong-pho-thong-lai-xe
747,kinh-doanh-ban-hang,kinh-doanh-ban-hang-tong-hop
748,nhan-su-hanh-chinh,nhan-su-hanh-chinh-van-phong
749,cntt,cntt-phat-trien-phan-mem
750,y-te-duoc,y-te-duoc-y-te
751,ke-toan-tai-chinh,ke-toan-tai-chinh-bao-hiem
752,marketing-truyen-thong,marketing-bien-phien-dich
753,kinh-doanh-ban-hang,kinh-doanh-ban-hang-tong-hop
754,lao-dong-pho-thong,lao-dong-pho-thong-lai-xe
755,lao-dong-pho-thong,lao-dong-pho-thong-lai-xe
756,nhan-su-hanh-chinh,nhan-su-tuyen-dung-cb
757,ke-toan-tai-chinh,ke-toan-tai-chinh-kiem-toan
758,marketing-truyen-thong,marketing-tong-hop
759,lao-dong-pho-thong,lao-dong-pho-thong-lai-xe
760,,
761,van-tai-logistics,van-tai-giao-nhan
762,lao-dong-pho-thong,lao-dong-pho-thong-lai-xe
763,kinh-doanh-ban-hang,kinh-doanh-ban-hang-tong-hop
764,lao-dong-pho-thong,lao-dong-pho-thong-lai-xe
765,lao-dong-pho-thong,lao-dong-pho-thong-lai-xe
766,lao-dong-pho-thong,lao-dong-pho-thong-lai-xe
767,lao-dong-pho-thong,lao-dong-pho-thong-lai-xe
768,nhan-su-hanh-chinh,nhan-su-hanh-chinh-van-phong
769,lao-dong-pho-thong,lao-dong-pho-thong-lai-xe
770,kinh-doanh-ban-hang,kinh-doanh-ban-hang-ban-hang
771,lao-dong-pho-thong,lao-dong-pho-thong-lai-xe
772,,
773,,
774,lao-dong-pho-thong,lao-dong-pho-thong-lai-xe
775,kinh-doanh-ban-hang,kinh-doanh-ban-hang-tong-hop
776,lao-dong-pho-thong,lao-dong-pho-thong-lai-xe
777,lao-dong-pho-thong,lao-dong-pho-thong-lai-xe
778,cntt,cntt-phan-cung-mang
779,lao-dong-pho-thong,lao-dong-pho-thong-lai-xe
780,nhan-su-hanh-chinh,nhan-su-hanh-chinh-van-phong
781,ke-toan-tai-chinh,ke-toan-tai-chinh-kiem-toan
782,marketing-truyen-thong,marketing-bien-phien-dich
783,lao-dong-pho-thong,lao-dong-pho-thong-lai-xe
784,lao-dong-pho-thong,lao-dong-pho-thong-lai-xe
785,lao-dong-pho-thong,lao-dong-pho-thong-lai-xe
786,lao-dong-pho-thong,lao-dong-pho-thong-lai-xe
787,lao-dong-pho-thong,lao-dong-pho-thong-lai-xe
788,ke-toan-tai-chinh,ke-toan-tai-chinh-kiem-toan
789,,
790,nhan-su-hanh-chinh,nhan-su-hanh-chinh-van-phong
791,,
792,lao-dong-pho-thong,lao-dong-pho-thong-lai-xe
793,giao-duc-dao-tao,giao-duc-giang-day
794,lao-dong-pho-thong,lao-dong-pho-thong-lai-xe
795,lao-dong-pho-thong,lao-dong-pho-thong-lai-xe
796,lao-dong-pho-thong,lao-dong-pho-thong-lai-xe
797,ke-toan-tai-chinh,ke-toan-tai-chinh-kiem-toan
798,,
799,nhan-su-hanh-chinh,nhan-su-hanh-chinh-van-phong
800,,
801,lao-dong-pho-thong,lao-dong-pho-thong-lai-xe
802,giao-duc-dao-tao,giao-duc-giang-day
803,lao-dong-pho-thong,lao-dong-pho-thong-lai-xe
804,,
805,co-khi-che-tao,co-khi-che-tao-co-khi
806,,
807,lao-dong-pho-thong,lao-dong-pho-thong-lai-xe
808,lao-dong-pho-thong,lao-dong-pho-thong-lai-xe
809,lao-dong-pho-thong,lao-dong-pho-thong-lai-xe
810,lao-dong-pho-thong,lao-dong-pho-thong-lai-xe
811,lao-dong-pho-thong,lao-dong-pho-thong-lai-xe
812,lao-dong-pho-thong,lao-dong-pho-thong-lai-xe
813,nhan-su-hanh-chinh,nhan-su-hanh-chinh-van-phong
814,san-xuat-qa-qc,san-xuat-qa-qc-qa-qc
815,lao-dong-pho-thong,lao-dong-pho-thong-lai-xe
816,marketing-truyen-thong,marketing-bien-phien-dich
817,khach-san-nha-hang-du-lich,khach-san-khach-san
818,lao-dong-pho-thong,lao-dong-pho-thong-lai-xe
819,ke-toan-tai-chinh,ke-toan-tai-chinh-bao-hiem
820,lao-dong-pho-thong,lao-dong-pho-thong-lai-xe
821,lao-dong-pho-thong,lao-dong-pho-thong-lai-xe
822,lao-dong-pho-thong,lao-dong-pho-thong-lai-xe
823,van-tai-logistics,van-tai-logistics-kho-van
824,lao-dong-pho-thong,lao-dong-pho-thong-lai-xe
825,co-khi-che-tao,co-khi-che-tao-co-khi
826,kinh-doanh-ban-hang,kinh-doanh-ban-hang-tong-hop
827,,
828,lao-dong-pho-thong,lao-dong-pho-thong-lai-xe
829,san-xuat-qa-qc,san-xuat-det-may
830,lao-dong-pho-thong,lao-dong-pho-thong-lai-xe
831,lao-dong-pho-thong,lao-dong-pho-thong-lai-xe
832,giao-duc-dao-tao,giao-duc-giang-day
833,marketing-truyen-thong,marketing-bao-chi-truyen-hinh
834,van-tai-logistics,van-tai-giao-nhan
835,,
836,y-te-duoc,y-te-duoc-y-te
837,,
838,lao-dong-pho-thong,lao-dong-pho-thong-lai-xe
839,lao-dong-pho-thong,lao-dong-pho-thong-lai-xe
840,lao-dong-pho-thong,lao-dong-pho-thong-lai-xe
841,nhan-su-hanh-chinh,nhan-su-tuyen-dung-cb
842,,
843,co-khi-che-tao,co-khi-che-tao-co-khi
844,lao-dong-pho-thong,lao-dong-pho-thong-lai-xe
845,,
846,marketing-truyen-thong,marketing-bao-chi-truyen-hinh
847,nhan-su-hanh-chinh,nhan-su-hanh-chinh-van-phong
848,khach-san-nha-hang-du-lich,khach-san-du-lich-le-hanh
849,san-xuat-qa-qc,san-xuat-qa-qc-qa-qc
850,lao-dong-pho-thong,lao-dong-pho-thong-lai-xe
851,dich-vu-khach-hang,dich-vu-khach-hang-cskh
852,lao-dong-pho-thong,lao-dong-pho-thong-lai-xe
853,kinh-doanh-ban-hang,kinh-doanh-ban-hang-tong-hop
854,nhan-su-hanh-chinh,nhan-su-hanh-chinh-van-phong
855,marketing-truyen-thong,marketing-tong-hop
856,y-te-duoc,y-te-duoc-y-te
857,lao-dong-pho-thong,lao-dong-pho-thong-lai-xe
858,,
859,marketing-truyen-thong,marketing-tong-hop
860,,
861,,
862,,
863,khach-san-nha-hang-du-lich,khach-san-nha-hang-fb
864,lao-dong-pho-thong,lao-dong-pho-thong-lai-xe
865,lao-dong-pho-thong,lao-dong-pho-thong-lai-xe
866,lao-dong-pho-thong,lao-dong-pho-thong-lai-xe
867,cntt,cntt-phat-trien-phan-mem
868,kinh-doanh-ban-hang,kinh-doanh-ban-hang-ban-hang
869,lao-dong-pho-thong,lao-dong-pho-thong-lai-xe
870,,
871,lao-dong-pho-thong,lao-dong-pho-thong-lai-xe
872,y-te-duoc,y-te-duoc-y-te
873,lao-dong-pho-thong,lao-dong-pho-thong-lai-xe
874,lao-dong-pho-thong,lao-dong-pho-thong-lai-xe
875,lao-dong-pho-thong,lao-dong-pho-thong-lai-xe
876,y-te-duoc,y-te-duoc-y-te
877,marketing-truyen-thong,marketing-bien-phien-dich
878,thiet-ke-kien-truc,thiet-ke-kien-truc-kien-truc
879,lao-dong-pho-thong,lao-dong-pho-thong-lai-xe
880,lao-dong-pho-thong,lao-dong-pho-thong-lai-xe
881,marketing-truyen-thong,marketing-bien-phien-dich
882,lao-dong-pho-thong,lao-dong-pho-thong-lai-xe
883,lao-dong-pho-thong,lao-dong-pho-thong-lai-xe
884,lao-dong-pho-thong,lao-dong-pho-thong-lai-xe
885,giao-duc-dao-tao,giao-duc-giang-day
886,lao-dong-pho-thong,lao-dong-pho-thong-lai-xe
887,kinh-doanh-ban-hang,kinh-doanh-ban-hang-ban-hang
888,lao-dong-pho-thong,lao-dong-pho-thong-lai-xe
889,co-khi-che-tao,co-khi-che-tao-co-khi
890,xay-dung,xay-dung-ky-su
891,,
892,kinh-doanh-ban-hang,kinh-doanh-ban-hang-tong-hop
893,lao-dong-pho-thong,lao-dong-pho-thong-lai-xe
894,marketing-truyen-thong,marketing-tong-hop
895,,
896,ke-toan-tai-chinh,ke-toan-tai-chinh-bao-hiem
897,nhan-su-hanh-chinh,nhan-su-hanh-chinh-van-phong
898,van-tai-logistics,van-tai-giao-nhan
899,lao-dong-pho-thong,lao-dong-pho-thong-lai-xe
900,,
901,lao-dong-pho-thong,lao-dong-pho-thong-lai-xe
902,lao-dong-pho-thong,lao-dong-pho-thong-lai-xe
903,lao-dong-pho-thong,lao-dong-pho-thong-lai-xe
904,lao-dong-pho-thong,lao-dong-pho-thong-lai-xe
905,lao-dong-pho-thong,lao-dong-pho-thong-lai-xe
906,lao-dong-pho-thong,lao-dong-pho-thong-lai-xe
907,lao-dong-pho-thong,lao-dong-pho-thong-lai-xe
908,nhan-su-hanh-chinh,nhan-su-hanh-chinh-van-phong
909,lao-dong-pho-thong,lao-dong-pho-thong-lai-xe
910,nhan-su-hanh-chinh,nhan-su-hanh-chinh-van-phong
911,y-te-duoc,y-te-duoc-y-te
912,lao-dong-pho-thong,lao-dong-pho-thong-lai-xe
913,san-xuat-qa-qc,san-xuat-qa-qc-qa-qc
914,,
915,lao-dong-pho-thong,lao-dong-pho-thong-lai-xe
916,lao-dong-pho-thong,lao-dong-pho-thong-lai-xe
917,nhan-su-hanh-chinh,nhan-su-hanh-chinh-van-phong
918,kinh-doanh-ban-hang,kinh-doanh-ban-hang-tong-hop
919,lao-dong-pho-thong,lao-dong-pho-thong-lai-xe
920,lao-dong-pho-thong,lao-dong-pho-thong-lai-xe
921,dich-vu-khach-hang,dich-vu-khach-hang-cskh
922,,
923,lao-dong-pho-thong,lao-dong-pho-thong-lai-xe
924,,
925,dich-vu-khach-hang,dich-vu-khach-hang-cskh
926,nhan-su-hanh-chinh,nhan-su-hanh-chinh-van-phong
927,lao-dong-pho-thong,lao-dong-pho-thong-lai-xe
928,,
929,,
930,nhan-su-hanh-chinh,nhan-su-hanh-chinh-van-phong
931,van-tai-logistics,van-tai-giao-nhan
932,,
933,lao-dong-pho-thong,lao-dong-pho-thong-lai-xe
934,lao-dong-pho-thong,lao-dong-pho-thong-lai-xe
935,nhan-su-hanh-chinh,nhan-su-hanh-chinh-van-phong
936,dich-vu-khach-hang,dich-vu-khach-hang-cskh
937,,
938,lao-dong-pho-thong,lao-dong-pho-thong-lai-xe
939,lao-dong-pho-thong,lao-dong-pho-thong-lai-xe
940,lao-dong-pho-thong,lao-dong-pho-thong-lai-xe
941,lao-dong-pho-thong,lao-dong-pho-thong-lai-xe
942,lao-dong-pho-thong,lao-dong-pho-thong-lai-xe
943,lao-dong-pho-thong,lao-dong-pho-thong-lai-xe
944,ke-toan-tai-chinh,ke-toan-tai-chinh-kiem-toan
945,,
946,,
947,lao-dong-pho-thong,lao-dong-pho-thong-lai-xe
948,lao-dong-pho-thong,lao-dong-pho-thong-lai-xe
949,marketing-truyen-thong,marketing-bien-phien-dich
950,lao-dong-pho-thong,lao-dong-pho-thong-lai-xe
951,lao-dong-pho-thong,lao-dong-pho-thong-lai-xe
952,y-te-duoc,y-te-duoc-y-te
953,marketing-truyen-thong,marketing-bao-chi-truyen-hinh
954,lao-dong-pho-thong,lao-dong-pho-thong-lai-xe
955,lao-dong-pho-thong,lao-dong-pho-thong-lai-xe
956,co-khi-che-tao,co-khi-che-tao-co-khi
957,y-te-duoc,y-te-duoc-y-te
958,dich-vu-khach-hang,dich-vu-khach-hang-cskh
959,marketing-truyen-thong,marketing-bien-phien-dich
960,lao-dong-pho-thong,lao-dong-pho-thong-lai-xe
961,nhan-su-hanh-chinh,nhan-su-hanh-chinh-van-phong
962,marketing-truyen-thong,marketing-truyen-thong-pr
963,lao-dong-pho-thong,lao-dong-pho-thong-lai-xe
964,lao-dong-pho-thong,lao-dong-pho-thong-lai-xe
965,lao-dong-pho-thong,lao-dong-pho-thong-lai-xe
966,y-te-duoc,y-te-duoc-y-te
967,nhan-su-hanh-chinh,nhan-su-hanh-chinh-van-phong
968,kinh-doanh-ban-hang,kinh-doanh-ban-hang-tong-hop
969,marketing-truyen-thong,marketing-tong-hop
970,lao-dong-pho-thong,lao-dong-pho-thong-lai-xe
971,lao-dong-pho-thong,lao-dong-pho-thong-lai-xe
972,,
973,lao-dong-pho-thong,lao-dong-pho-thong-lai-xe
974,lao-dong-pho-thong,lao-dong-pho-thong-lai-xe
975,dich-vu-khach-hang,dich-vu-khach-hang-cskh
976,lao-dong-pho-thong,lao-dong-pho-thong-lai-xe
977,khach-san-nha-hang-du-lich,khach-san-khach-san
978,lao-dong-pho-thong,lao-dong-pho-thong-lai-xe
979,lao-dong-pho-thong,lao-dong-pho-thong-lai-xe
980,san-xuat-qa-qc,san-xuat-thuc-pham
981,thiet-ke-kien-truc,thiet-ke-kien-truc-kien-truc
982,bat-dong-san,bat-dong-san-moi-gioi
983,lao-dong-pho-thong,lao-dong-pho-thong-lai-xe
984,lao-dong-pho-thong,lao-dong-pho-thong-lai-xe
985,lao-dong-pho-thong,lao-dong-pho-thong-lai-xe
986,lao-dong-pho-thong,lao-dong-pho-thong-lai-xe
987,van-tai-logistics,van-tai-giao-nhan
988,lao-dong-pho-thong,lao-dong-pho-thong-lai-xe
989,lao-dong-pho-thong,lao-dong-pho-thong-lai-xe
990,,
991,lao-dong-pho-thong,lao-dong-pho-thong-lai-xe
992,lao-dong-pho-thong,lao-dong-pho-thong-lai-xe
993,,
994,lao-dong-pho-thong,lao-dong-pho-thong-lai-xe
995,,
996,lao-dong-pho-thong,lao-dong-pho-thong-lai-xe
997,lao-dong-pho-thong,lao-dong-pho-thong-lai-xe
998,lao-dong-pho-thong,lao-dong-pho-thong-lai-xe
999,lao-dong-pho-thong,lao-dong-pho-thong-lai-xe
1000,lao-dong-pho-thong,lao-dong-pho-thong-lai-xe
1001,lao-dong-pho-thong,lao-dong-pho-thong-lai-xe
1002,nhan-su-hanh-chinh,nhan-su-hanh-chinh-van-phong
1003,,
1004,lao-dong-pho-thong,lao-dong-pho-thong-lai-xe
1005,lao-dong-pho-thong,lao-dong-pho-thong-lai-xe
1006,marketing-truyen-thong,marketing-tong-hop
1007,san-xuat-qa-qc,san-xuat-nong-nghiep
1008,lao-dong-pho-thong,lao-dong-pho-thong-lai-xe
1009,san-xuat-qa-qc,san-xuat-qa-qc-qa-qc
1010,lao-dong-pho-thong,lao-dong-pho-thong-lai-xe
1011,lao-dong-pho-thong,lao-dong-pho-thong-lai-xe
1012,lao-dong-pho-thong,lao-dong-pho-thong-lai-xe
1013,bat-dong-san,bat-dong-san-moi-gioi
1014,y-te-duoc,y-te-duoc-y-te
1015,lao-dong-pho-thong,lao-dong-pho-thong-lai-xe
1016,lao-dong-pho-thong,lao-dong-pho-thong-lai-xe
1017,lao-dong-pho-thong,lao-dong-pho-thong-lai-xe
1018,,
1019,van-tai-logistics,van-tai-giao-nhan
1020,nhan-su-hanh-chinh,nhan-su-hanh-chinh-van-phong
1021,lao-dong-pho-thong,lao-dong-pho-thong-lai-xe
1022,,
1023,lao-dong-pho-thong,lao-dong-pho-thong-lai-xe
1024,lao-dong-pho-thong,lao-dong-pho-thong-lai-xe
1025,kinh-doanh-ban-hang,kinh-doanh-ban-hang-tong-hop
1026,dich-vu-khach-hang,dich-vu-khach-hang-cskh
1027,lao-dong-pho-thong,lao-dong-pho-thong-lai-xe
1028,lao-dong-pho-thong,lao-dong-pho-thong-lai-xe
1029,lao-dong-pho-thong,lao-dong-pho-thong-lai-xe
1030,thiet-ke-kien-truc,thiet-ke-my-thuat
1031,lao-dong-pho-thong,lao-dong-pho-thong-lai-xe
1032,ke-toan-tai-chinh,ke-toan-tai-chinh-kiem-toan
1033,lao-dong-pho-thong,lao-dong-pho-thong-lai-xe
1034,nhan-su-hanh-chinh,nhan-su-hanh-chinh-van-phong
1035,lao-dong-pho-thong,lao-dong-pho-thong-lai-xe
1036,kinh-doanh-ban-hang,kinh-doanh-ban-hang-tong-hop
1037,lao-dong-pho-thong,lao-dong-pho-thong-lai-xe
1038,lao-dong-pho-thong,lao-dong-pho-thong-lai-xe
1039,lao-dong-pho-thong,lao-dong-pho-thong-lai-xe
1040,lao-dong-pho-thong,lao-dong-pho-thong-lai-xe
1041,lao-dong-pho-thong,lao-dong-pho-thong-lai-xe
1042,lao-dong-pho-thong,lao-dong-pho-thong-lai-xe
1043,,
1044,lao-dong-pho-thong,lao-dong-pho-thong-lai-xe
1045,lao-dong-pho-thong,lao-dong-pho-thong-lai-xe
1046,ke-toan-tai-chinh,ke-toan-tai-chinh-kiem-toan
1047,,
1048,cntt,cntt-phat-trien-phan-mem
1049,lao-dong-pho-thong,lao-dong-pho-thong-lai-xe
1050,lao-dong-pho-thong,lao-dong-pho-thong-lai-xe
1051,xay-dung,xay-dung-ky-su
1052,lao-dong-pho-thong,lao-dong-pho-thong-lai-xe
1053,cntt,cntt-phan-cung-mang
1054,lao-dong-pho-thong,lao-dong-pho-thong-lai-xe
1055,dich-vu-khach-hang,dich-vu-khach-hang-cskh
1056,lao-dong-pho-thong,lao-dong-pho-thong-lai-xe
1057,lao-dong-pho-thong,lao-dong-pho-thong-lai-xe
1058,ke-toan-tai-chinh,ke-toan-tai-chinh-kiem-toan
1059,lao-dong-pho-thong,lao-dong-pho-thong-lai-xe
1060,lao-dong-pho-thong,lao-dong-pho-thong-lai-xe
1061,lao-dong-pho-thong,lao-dong-pho-thong-lai-xe
1062,lao-dong-pho-thong,lao-dong-pho-thong-lai-xe
1063,nhan-su-hanh-chinh,nhan-su-tuyen-dung-cb
1064,nhan-su-hanh-chinh,nhan-su-hanh-chinh-van-phong
1065,kinh-doanh-ban-hang,kinh-doanh-ban-hang-tong-hop
1066,nhan-su-hanh-chinh,nhan-su-hanh-chinh-van-phong
1067,lao-dong-pho-thong,lao-dong-pho-thong-lai-xe
1068,lao-dong-pho-thong,lao-dong-pho-thong-lai-xe
1069,lao-dong-pho-thong,lao-dong-pho-thong-lai-xe
1070,lao-dong-pho-thong,lao-dong-pho-thong-lai-xe
1071,marketing-truyen-thong,marketing-bien-phien-dich
1072,lao-dong-pho-thong,lao-dong-pho-thong-lai-xe
1073,lao-dong-pho-thong,lao-dong-pho-thong-lai-xe
1074,lao-dong-pho-thong,lao-dong-pho-thong-lai-xe
1075,lao-dong-pho-thong,lao-dong-pho-thong-lai-xe
1076,lao-dong-pho-thong,lao-dong-pho-thong-lai-xe
1077,lao-dong-pho-thong,lao-dong-pho-thong-lai-xe
1078,dich-vu-khach-hang,dich-vu-khach-hang-cskh
1079,san-xuat-qa-qc,san-xuat-thuc-pham
1080,lao-dong-pho-thong,lao-dong-pho-thong-lai-xe
1081,ke-toan-tai-chinh,ke-toan-tai-chinh-kiem-toan
1082,dich-vu-khach-hang,dich-vu-khach-hang-cskh
1083,kinh-doanh-ban-hang,kinh-doanh-ban-hang-tong-hop
1084,van-tai-logistics,van-tai-giao-nhan
1085,lao-dong-pho-thong,lao-dong-pho-thong-lai-xe
1086,lao-dong-pho-thong,lao-dong-pho-thong-lai-xe
1087,lao-dong-pho-thong,lao-dong-pho-thong-lai-xe
1088,dich-vu-khach-hang,dich-vu-khach-hang-cskh
1089,san-xuat-qa-qc,san-xuat-qa-qc-qa-qc
1090,lao-dong-pho-thong,lao-dong-pho-thong-lai-xe
1091,lao-dong-pho-thong,lao-dong-pho-thong-lai-xe
1092,,
1093,khach-san-nha-hang-du-lich,khach-san-khach-san
1094,kinh-doanh-ban-hang,kinh-doanh-ban-hang-tong-hop
1095,lao-dong-pho-thong,lao-dong-pho-thong-lai-xe
1096,ke-toan-tai-chinh,ke-toan-tai-chinh-bao-hiem
1097,dich-vu-khach-hang,dich-vu-khach-hang-cskh
1098,lao-dong-pho-thong,lao-dong-pho-thong-lai-xe
1099,lao-dong-pho-thong,lao-dong-pho-thong-lai-xe
1100,nhan-su-hanh-chinh,nhan-su-hanh-chinh-van-phong
1101,lao-dong-pho-thong,lao-dong-pho-thong-lai-xe
1102,ke-toan-tai-chinh,ke-toan-tai-chinh-kiem-toan
1103,lao-dong-pho-thong,lao-dong-pho-thong-lai-xe
1104,lao-dong-pho-thong,lao-dong-pho-thong-lai-xe
1105,lao-dong-pho-thong,lao-dong-pho-thong-lai-xe
1106,dien-dien-tu-vien-thong,dien-dien-tu-vien-thong-vt
1107,lao-dong-pho-thong,lao-dong-pho-thong-lai-xe
1108,lao-dong-pho-thong,lao-dong-pho-thong-lai-xe
1109,lao-dong-pho-thong,lao-dong-pho-thong-lai-xe
1110,nhan-su-hanh-chinh,nhan-su-hanh-chinh-van-phong
1111,san-xuat-qa-qc,san-xuat-quan-ly
1112,nhan-su-hanh-chinh,nhan-su-phap-ly-phap-che
1113,,
1114,kinh-doanh-ban-hang,kinh-doanh-ban-hang-tong-hop
1115,lao-dong-pho-thong,lao-dong-pho-thong-lai-xe
1116,lao-dong-pho-thong,lao-dong-pho-thong-lai-xe
1117,lao-dong-pho-thong,lao-dong-pho-thong-lai-xe
1118,,
1119,,
1120,co-khi-che-tao,co-khi-che-tao-co-khi
1121,lao-dong-pho-thong,lao-dong-pho-thong-lai-xe
1122,,
1123,lao-dong-pho-thong,lao-dong-pho-thong-lai-xe
1124,marketing-truyen-thong,marketing-bien-phien-dich
1125,lao-dong-pho-thong,lao-dong-pho-thong-lai-xe
1126,van-tai-logistics,van-tai-giao-nhan
1127,kinh-doanh-ban-hang,kinh-doanh-ban-hang-ban-hang
1128,,
1129,cntt,cntt-phan-cung-mang
1130,,
1131,lao-dong-pho-thong,lao-dong-pho-thong-lai-xe
1132,dich-vu-khach-hang,dich-vu-khach-hang-cskh
1133,lao-dong-pho-thong,lao-dong-pho-thong-lai-xe
1134,ke-toan-tai-chinh,ke-toan-tai-chinh-kiem-toan
1135,kinh-doanh-ban-hang,kinh-doanh-ban-hang-tong-hop
1136,lao-dong-pho-thong,lao-dong-pho-thong-lai-xe
1137,lao-dong-pho-thong,lao-dong-pho-thong-lai-xe
1138,lao-dong-pho-thong,lao-dong-pho-thong-lai-xe
1139,nhan-su-hanh-chinh,nhan-su-tuyen-dung-cb
1140,van-tai-logistics,van-tai-giao-nhan
1141,lao-dong-pho-thong,lao-dong-pho-thong-lai-xe
1142,van-tai-logistics,van-tai-giao-nhan
1143,co-khi-che-tao,co-khi-che-tao-co-khi
1144,marketing-truyen-thong,marketing-bien-phien-dich
1145,marketing-truyen-thong,marketing-tong-hop
1146,marketing-truyen-thong,marketing-bien-phien-dich
1147,lao-dong-pho-thong,lao-dong-pho-thong-lai-xe
1148,lao-dong-pho-thong,lao-dong-pho-thong-lai-xe
1149,xay-dung,xay-dung-ky-su
1150,lao-dong-pho-thong,lao-dong-pho-thong-lai-xe
1151,lao-dong-pho-thong,lao-dong-pho-thong-lai-xe
1152,,
1153,van-tai-logistics,van-tai-giao-nhan
1154,ke-toan-tai-chinh,ke-toan-tai-chinh-chung-khoan
1155,marketing-truyen-thong,marketing-bien-phien-dich
1156,thiet-ke-kien-truc,thiet-ke-kien-truc-kien-truc
1157,marketing-truyen-thong,marketing-bao-chi-truyen-hinh
1158,xay-dung,xay-dung-ky-su
1159,lao-dong-pho-thong,lao-dong-pho-thong-lai-xe
1160,lao-dong-pho-thong,lao-dong-pho-thong-lai-xe
1161,lao-dong-pho-thong,lao-dong-pho-thong-lai-xe
1162,lao-dong-pho-thong,lao-dong-pho-thong-lai-xe
1163,,
1164,lao-dong-pho-thong,lao-dong-pho-thong-lai-xe
1165,cntt,cntt-phat-trien-phan-mem
1166,lao-dong-pho-thong,lao-dong-pho-thong-lai-xe
1167,kinh-doanh-ban-hang,kinh-doanh-ban-hang-tong-hop
1168,lao-dong-pho-thong,lao-dong-pho-thong-lai-xe
1169,lao-dong-pho-thong,lao-dong-pho-thong-lai-xe
1170,cntt,cntt-phat-trien-phan-mem
1171,lao-dong-pho-thong,lao-dong-pho-thong-lai-xe
1172,cntt,cntt-phat-trien-phan-mem
1173,lao-dong-pho-thong,lao-dong-pho-thong-lai-xe
1174,lao-dong-pho-thong,lao-dong-pho-thong-lai-xe
1175,dich-vu-khach-hang,dich-vu-khach-hang-cskh
1176,kinh-doanh-ban-hang,kinh-doanh-ban-hang-ban-hang
1177,cntt,cntt-phat-trien-phan-mem
1178,lao-dong-pho-thong,lao-dong-pho-thong-lai-xe
1179,nhan-su-hanh-chinh,nhan-su-hanh-chinh-van-phong
1180,lao-dong-pho-thong,lao-dong-pho-thong-lai-xe
1181,lao-dong-pho-thong,lao-dong-pho-thong-lai-xe
1182,,
1183,nhan-su-hanh-chinh,nhan-su-hanh-chinh-van-phong
1184,lao-dong-pho-thong,lao-dong-pho-thong-lai-xe
1185,dich-vu-khach-hang,dich-vu-khach-hang-cskh
1186,,
1187,dich-vu-khach-hang,dich-vu-khach-hang-cskh
1188,lao-dong-pho-thong,lao-dong-pho-thong-lai-xe
1189,co-khi-che-tao,co-khi-che-tao-co-khi
1190,,
1191,lao-dong-pho-thong,lao-dong-pho-thong-lai-xe
1192,lao-dong-pho-thong,lao-dong-pho-thong-lai-xe
1193,nhan-su-hanh-chinh,nhan-su-hanh-chinh-van-phong
1194,lao-dong-pho-thong,lao-dong-pho-thong-lai-xe
1195,,
1196,lao-dong-pho-thong,lao-dong-pho-thong-lai-xe
1197,lao-dong-pho-thong,lao-dong-pho-thong-lai-xe
1198,lao-dong-pho-thong,lao-dong-pho-thong-lai-xe
1199,lao-dong-pho-thong,lao-dong-pho-thong-lai-xe
1200,van-tai-logistics,van-tai-giao-nhan
1201,lao-dong-pho-thong,lao-dong-pho-thong-lai-xe
1202,ke-toan-tai-chinh,ke-toan-tai-chinh-bao-hiem
1203,lao-dong-pho-thong,lao-dong-pho-thong-lai-xe
1204,lao-dong-pho-thong,lao-dong-pho-thong-lai-xe
1205,ke-toan-tai-chinh,ke-toan-tai-chinh-kiem-toan
1206,lao-dong-pho-thong,lao-dong-pho-thong-lai-xe
1207,cntt,cntt-phan-cung-mang
1208,lao-dong-pho-thong,lao-dong-pho-thong-lai-xe
1209,lao-dong-pho-thong,lao-dong-pho-thong-lai-xe
1210,nhan-su-hanh-chinh,nhan-su-hanh-chinh-van-phong
1211,nhan-su-hanh-chinh,nhan-su-hanh-chinh-van-phong
1212,lao-dong-pho-thong,lao-dong-pho-thong-lai-xe
1213,lao-dong-pho-thong,lao-dong-pho-thong-lai-xe
1214,nhan-su-hanh-chinh,nhan-su-hanh-chinh-van-phong
1215,,
1216,san-xuat-qa-qc,san-xuat-thuc-pham
1217,ke-toan-tai-chinh,ke-toan-tai-chinh-kiem-toan
1218,lao-dong-pho-thong,lao-dong-pho-thong-lai-xe
1219,lao-dong-pho-thong,lao-dong-pho-thong-lai-xe
1220,,
1221,lao-dong-pho-thong,lao-dong-pho-thong-lai-xe
1222,co-khi-che-tao,co-khi-che-tao-co-khi
1223,lao-dong-pho-thong,lao-dong-pho-thong-lai-xe
1224,lao-dong-pho-thong,lao-dong-pho-thong-lai-xe
1225,lao-dong-pho-thong,lao-dong-pho-thong-lai-xe
1226,lao-dong-pho-thong,lao-dong-pho-thong-lai-xe
1227,marketing-truyen-thong,marketing-bien-phien-dich
1228,lao-dong-pho-thong,lao-dong-pho-thong-lai-xe
1229,lao-dong-pho-thong,lao-dong-pho-thong-lai-xe
1230,ke-toan-tai-chinh,ke-toan-tai-chinh-kiem-toan
1231,dich-vu-khach-hang,dich-vu-khach-hang-cskh
1232,lao-dong-pho-thong,lao-dong-pho-thong-lai-xe
1233,lao-dong-pho-thong,lao-dong-pho-thong-lai-xe
1234,lao-dong-pho-thong,lao-dong-pho-thong-lai-xe
1235,marketing-truyen-thong,marketing-bien-phien-dich
1236,,
1237,dich-vu-khach-hang,dich-vu-khach-hang-cskh
1238,lao-dong-pho-thong,lao-dong-pho-thong-lai-xe
1239,,
1240,lao-dong-pho-thong,lao-dong-pho-thong-lai-xe
1241,,
1242,,
1243,lao-dong-pho-thong,lao-dong-pho-thong-lai-xe
1244,khach-san-nha-hang-du-lich,khach-san-khach-san
1245,,
1246,,
1247,thiet-ke-kien-truc,thiet-ke-my-thuat
1248,nhan-su-hanh-chinh,nhan-su-hanh-chinh-van-phong
1249,ke-toan-tai-chinh,ke-toan-tai-chinh-kiem-toan
1250,,
1251,bat-dong-san,bat-dong-san-moi-gioi
1252,van-tai-logistics,van-tai-logistics-kho-van
1253,kinh-doanh-ban-hang,kinh-doanh-ban-hang-ban-hang
1254,nhan-su-hanh-chinh,nhan-su-tuyen-dung-cb
1255,kinh-doanh-ban-hang,kinh-doanh-ban-hang-tong-hop
1256,lao-dong-pho-thong,lao-dong-pho-thong-lai-xe
1257,lao-dong-pho-thong,lao-dong-pho-thong-lai-xe
1258,marketing-truyen-thong,marketing-tong-hop
1259,lao-dong-pho-thong,lao-dong-pho-thong-lai-xe
1260,co-khi-che-tao,co-khi-che-tao-co-khi
1261,lao-dong-pho-thong,lao-dong-pho-thong-lai-xe
1262,lao-dong-pho-thong,lao-dong-pho-thong-lai-xe
1263,lao-dong-pho-thong,lao-dong-pho-thong-tap-vu
1264,kinh-doanh-ban-hang,kinh-doanh-ban-hang-ban-hang
1265,cntt,cntt-phat-trien-phan-mem
1266,kinh-doanh-ban-hang,kinh-doanh-ban-hang-tong-hop
1267,lao-dong-pho-thong,lao-dong-pho-thong-lai-xe
1268,lao-dong-pho-thong,lao-dong-pho-thong-lai-xe
1269,lao-dong-pho-thong,lao-dong-pho-thong-lai-xe
1270,lao-dong-pho-thong,lao-dong-pho-thong-lai-xe
1271,lao-dong-pho-thong,lao-dong-pho-thong-lai-xe
1272,lao-dong-pho-thong,lao-dong-pho-thong-lai-xe
1273,lao-dong-pho-thong,lao-dong-pho-thong-lai-xe
1274,lao-dong-pho-thong,lao-dong-pho-thong-lai-xe
1275,lao-dong-pho-thong,lao-dong-pho-thong-lai-xe
1276,san-xuat-qa-qc,san-xuat-thuc-pham
1277,lao-dong-pho-thong,lao-dong-pho-thong-lai-xe
1278,lao-dong-pho-thong,lao-dong-pho-thong-lai-xe
1279,lao-dong-pho-thong,lao-dong-pho-thong-lai-xe
1280,van-tai-logistics,van-tai-giao-nhan
1281,lao-dong-pho-thong,lao-dong-pho-thong-lai-xe
1282,lao-dong-pho-thong,lao-dong-pho-thong-lai-xe
1283,co-khi-che-tao,co-khi-che-tao-co-khi
1284,,
1285,xay-dung,xay-dung-ky-su
1286,lao-dong-pho-thong,lao-dong-pho-thong-lai-xe
1287,,
1288,lao-dong-pho-thong,lao-dong-pho-thong-lai-xe
1289,,
1290,lao-dong-pho-thong,lao-dong-pho-thong-lai-xe
1291,marketing-truyen-thong,marketing-bien-phien-dich
1292,,
1293,lao-dong-pho-thong,lao-dong-pho-thong-lai-xe
1294,lao-dong-pho-thong,lao-dong-pho-thong-lai-xe
1295,,
1296,lao-dong-pho-thong,lao-dong-pho-thong-lai-xe
1297,lao-dong-pho-thong,lao-dong-pho-thong-lai-xe
1298,lao-dong-pho-thong,lao-dong-pho-thong-lai-xe
1299,van-tai-logistics,van-tai-giao-nhan
1300,ke-toan-tai-chinh,ke-toan-tai-chinh-kiem-toan
1301,nhan-su-hanh-chinh,nhan-su-hanh-chinh-van-phong
1302,thiet-ke-kien-truc,thiet-ke-kien-truc-kien-truc
1303,lao-dong-pho-thong,lao-dong-pho-thong-lai-xe
1304,nhan-su-hanh-chinh,nhan-su-hanh-chinh-van-phong
1305,kinh-doanh-ban-hang,kinh-doanh-ban-hang-ban-hang
1306,lao-dong-pho-thong,lao-dong-pho-thong-lai-xe
1307,van-tai-logistics,van-tai-giao-nhan
1308,lao-dong-pho-thong,lao-dong-pho-thong-lai-xe
1309,dich-vu-khach-hang,dich-vu-khach-hang-cskh
1310,ke-toan-tai-chinh,ke-toan-tai-chinh-kiem-toan
1311,ke-toan-tai-chinh,ke-toan-tai-chinh-kiem-toan
1312,lao-dong-pho-thong,lao-dong-pho-thong-lai-xe
1313,lao-dong-pho-thong,lao-dong-pho-thong-lai-xe
1314,giao-duc-dao-tao,giao-duc-giang-day
1315,co-khi-che-tao,co-khi-che-tao-co-khi
1316,lao-dong-pho-thong,lao-dong-pho-thong-lai-xe
1317,van-tai-logistics,van-tai-giao-nhan
1318,,
1319,lao-dong-pho-thong,lao-dong-pho-thong-lai-xe
1320,dich-vu-khach-hang,dich-vu-khach-hang-cskh
1321,lao-dong-pho-thong,lao-dong-pho-thong-lai-xe
1322,lao-dong-pho-thong,lao-dong-pho-thong-lai-xe
1323,lao-dong-pho-thong,lao-dong-pho-thong-lai-xe
1324,,
1325,thiet-ke-kien-truc,thiet-ke-my-thuat
1326,lao-dong-pho-thong,lao-dong-pho-thong-lai-xe
1327,lao-dong-pho-thong,lao-dong-pho-thong-lai-xe
1328,lao-dong-pho-thong,lao-dong-pho-thong-lai-xe
1329,nhan-su-hanh-chinh,nhan-su-tuyen-dung-cb
1330,,
1331,van-tai-logistics,van-tai-giao-nhan
1332,dich-vu-khach-hang,dich-vu-khach-hang-cskh
1333,lao-dong-pho-thong,lao-dong-pho-thong-lai-xe
1334,,
1335,lao-dong-pho-thong,lao-dong-pho-thong-lai-xe
1336,kinh-doanh-ban-hang,kinh-doanh-ban-hang-ban-hang
1337,lao-dong-pho-thong,lao-dong-pho-thong-lai-xe
1338,marketing-truyen-thong,marketing-bien-phien-dich
1339,kinh-doanh-ban-hang,kinh-doanh-ban-hang-ban-hang
1340,nhan-su-hanh-chinh,nhan-su-phap-ly-phap-che
1341,cntt,cntt-phat-trien-phan-mem
1342,nhan-su-hanh-chinh,nhan-su-hanh-chinh-van-phong
1343,,
1344,lao-dong-pho-thong,lao-dong-pho-thong-lai-xe
1345,marketing-truyen-thong,marketing-bao-chi-truyen-hinh
1346,san-xuat-qa-qc,san-xuat-qa-qc-qa-qc
1347,lao-dong-pho-thong,lao-dong-pho-thong-lai-xe
1348,san-xuat-qa-qc,san-xuat-my-pham
1349,lao-dong-pho-thong,lao-dong-pho-thong-lai-xe
1350,lao-dong-pho-thong,lao-dong-pho-thong-lai-xe
1351,lao-dong-pho-thong,lao-dong-pho-thong-lai-xe
1352,nhan-su-hanh-chinh,nhan-su-tuyen-dung-cb
1353,marketing-truyen-thong,marketing-bien-phien-dich
1354,nhan-su-hanh-chinh,nhan-su-hanh-chinh-van-phong
1355,lao-dong-pho-thong,lao-dong-pho-thong-lai-xe
1356,lao-dong-pho-thong,lao-dong-pho-thong-lai-xe
1357,san-xuat-qa-qc,san-xuat-my-pham
1358,giao-duc-dao-tao,giao-duc-giang-day
1359,lao-dong-pho-thong,lao-dong-pho-thong-lai-xe
1360,lao-dong-pho-thong,lao-dong-pho-thong-lai-xe
1361,lao-dong-pho-thong,lao-dong-pho-thong-lai-xe
1362,lao-dong-pho-thong,lao-dong-pho-thong-lai-xe
1363,dich-vu-khach-hang,dich-vu-khach-hang-cskh
1364,ke-toan-tai-chinh,ke-toan-tai-chinh-chung-khoan
1365,,
1366,lao-dong-pho-thong,lao-dong-pho-thong-lai-xe
1367,lao-dong-pho-thong,lao-dong-pho-thong-lai-xe
1368,lao-dong-pho-thong,lao-dong-pho-thong-lai-xe
1369,lao-dong-pho-thong,lao-dong-pho-thong-lai-xe
1370,kinh-doanh-ban-hang,kinh-doanh-ban-hang-ban-hang
1371,lao-dong-pho-thong,lao-dong-pho-thong-lai-xe
1372,marketing-truyen-thong,marketing-bao-chi-truyen-hinh
1373,nhan-su-hanh-chinh,nhan-su-hanh-chinh-van-phong
1374,,
1375,lao-dong-pho-thong,lao-dong-pho-thong-lai-xe
1376,marketing-truyen-thong,marketing-bien-phien-dich
1377,lao-dong-pho-thong,lao-dong-pho-thong-lai-xe
1378,,
1379,ke-toan-tai-chinh,ke-toan-tai-chinh-kiem-toan
1380,san-xuat-qa-qc,san-xuat-qa-qc-qa-qc
1381,lao-dong-pho-thong,lao-dong-pho-thong-lai-xe
1382,marketing-truyen-thong,marketing-bien-phien-dich
1383,,
1384,nhan-su-hanh-chinh,nhan-su-hanh-chinh-van-phong
1385,lao-dong-pho-thong,lao-dong-pho-thong-lai-xe
1386,y-te-duoc,y-te-duoc-y-te
1387,lao-dong-pho-thong,lao-dong-pho-thong-lai-xe
1388,san-xuat-qa-qc,san-xuat-det-may
1389,lao-dong-pho-thong,lao-dong-pho-thong-lai-xe
1390,,
1391,dich-vu-khach-hang,dich-vu-khach-hang-cskh
1392,giao-duc-dao-tao,giao-duc-giang-day
1393,,
1394,,
1395,co-khi-che-tao,co-khi-che-tao-co-khi
1396,lao-dong-pho-thong,lao-dong-pho-thong-lai-xe
1397,lao-dong-pho-thong,lao-dong-pho-thong-lai-xe
1398,lao-dong-pho-thong,lao-dong-pho-thong-lai-xe
1399,lao-dong-pho-thong,lao-dong-pho-thong-lai-xe
1400,marketing-truyen-thong,marketing-bien-phien-dich
1401,lao-dong-pho-thong,lao-dong-pho-thong-lai-xe
1402,giao-duc-dao-tao,giao-duc-giang-day
1403,kinh-doanh-ban-hang,kinh-doanh-ban-hang-tong-hop
1404,lao-dong-pho-thong,lao-dong-pho-thong-lai-xe
1405,,
1406,thiet-ke-kien-truc,thiet-ke-my-thuat
1407,lao-dong-pho-thong,lao-dong-pho-thong-lai-xe
1408,lao-dong-pho-thong,lao-dong-pho-thong-lai-xe
1409,,
1410,lao-dong-pho-thong,lao-dong-pho-thong-lai-xe
1411,lao-dong-pho-thong,lao-dong-pho-thong-lai-xe
1412,marketing-truyen-thong,marketing-bien-phien-dich
1413,dich-vu-khach-hang,dich-vu-khach-hang-cskh
1414,,
1415,lao-dong-pho-thong,lao-dong-pho-thong-lai-xe
1416,lao-dong-pho-thong,lao-dong-pho-thong-lai-xe
1417,lao-dong-pho-thong,lao-dong-pho-thong-lai-xe
1418,lao-dong-pho-thong,lao-dong-pho-thong-lai-xe
1419,marketing-truyen-thong,marketing-bien-phien-dich
1420,giao-duc-dao-tao,giao-duc-giang-day
1421,van-tai-logistics,van-tai-giao-nhan
1422,co-khi-che-tao,co-khi-che-tao-co-khi
1423,lao-dong-pho-thong,lao-dong-pho-thong-lai-xe
1424,co-khi-che-tao,co-khi-che-tao-co-khi
1425,kinh-doanh-ban-hang,kinh-doanh-ban-hang-tong-hop
1426,lao-dong-pho-thong,lao-dong-pho-thong-lai-xe
1427,van-tai-logistics,van-tai-giao-nhan
1428,lao-dong-pho-thong,lao-dong-pho-thong-lai-xe
1429,xay-dung,xay-dung-ky-su
1430,lao-dong-pho-thong,lao-dong-pho-thong-lai-xe
1431,lao-dong-pho-thong,lao-dong-pho-thong-lai-xe
1432,,
1433,lao-dong-pho-thong,lao-dong-pho-thong-lai-xe
1434,lao-dong-pho-thong,lao-dong-pho-thong-lai-xe
1435,lao-dong-pho-thong,lao-dong-pho-thong-lai-xe
1436,lao-dong-pho-thong,lao-dong-pho-thong-lai-xe
1437,ke-toan-tai-chinh,ke-toan-tai-chinh-kiem-toan
1438,nhan-su-hanh-chinh,nhan-su-hanh-chinh-van-phong
1439,lao-dong-pho-thong,lao-dong-pho-thong-lai-xe
1440,lao-dong-pho-thong,lao-dong-pho-thong-lai-xe
1441,lao-dong-pho-thong,lao-dong-pho-thong-lai-xe
1442,lao-dong-pho-thong,lao-dong-pho-thong-lai-xe
1443,co-khi-che-tao,co-khi-che-tao-co-khi
1444,lao-dong-pho-thong,lao-dong-pho-thong-lai-xe
1445,kinh-doanh-ban-hang,kinh-doanh-ban-hang-tong-hop
1446,lao-dong-pho-thong,lao-dong-pho-thong-lai-xe
1447,lao-dong-pho-thong,lao-dong-pho-thong-lai-xe
1448,co-khi-che-tao,co-khi-che-tao-co-khi
1449,lao-dong-pho-thong,lao-dong-pho-thong-lai-xe
1450,kinh-doanh-ban-hang,kinh-doanh-ban-hang-ban-hang
1451,xay-dung,xay-dung-ky-su
1452,,
1453,,
1454,lao-dong-pho-thong,lao-dong-pho-thong-tap-vu
1455,marketing-truyen-thong,marketing-bien-phien-dich
1456,van-tai-logistics,van-tai-logistics-kho-van
1457,,
1458,lao-dong-pho-thong,lao-dong-pho-thong-lai-xe
1459,,
1460,lao-dong-pho-thong,lao-dong-pho-thong-lai-xe
1461,,
1462,lao-dong-pho-thong,lao-dong-pho-thong-lai-xe
1463,,
1464,lao-dong-pho-thong,lao-dong-pho-thong-lai-xe
1465,ke-toan-tai-chinh,ke-toan-tai-chinh-chung-khoan
1466,giao-duc-dao-tao,giao-duc-giang-day
1467,lao-dong-pho-thong,lao-dong-pho-thong-lai-xe
1468,lao-dong-pho-thong,lao-dong-pho-thong-lai-xe
1469,khach-san-nha-hang-du-lich,khach-san-khach-san
1470,lao-dong-pho-thong,lao-dong-pho-thong-lai-xe
1471,lao-dong-pho-thong,lao-dong-pho-thong-lai-xe
1472,lao-dong-pho-thong,lao-dong-pho-thong-lai-xe
1473,lao-dong-pho-thong,lao-dong-pho-thong-lai-xe
1474,van-tai-logistics,van-tai-giao-nhan
1475,lao-dong-pho-thong,lao-dong-pho-thong-lai-xe
1476,kinh-doanh-ban-hang,kinh-doanh-ban-hang-tong-hop
1477,lao-dong-pho-thong,lao-dong-pho-thong-lai-xe
1478,lao-dong-pho-thong,lao-dong-pho-thong-lai-xe
1479,marketing-truyen-thong,marketing-tong-hop
1480,lao-dong-pho-thong,lao-dong-pho-thong-lai-xe
1481,lao-dong-pho-thong,lao-dong-pho-thong-lai-xe
1482,lao-dong-pho-thong,lao-dong-pho-thong-lai-xe
1483,kinh-doanh-ban-hang,kinh-doanh-ban-hang-tong-hop
1484,giao-duc-dao-tao,giao-duc-giang-day
1485,lao-dong-pho-thong,lao-dong-pho-thong-lai-xe
1486,nhan-su-hanh-chinh,nhan-su-hanh-chinh-van-phong
1487,lao-dong-pho-thong,lao-dong-pho-thong-lai-xe
1488,lao-dong-pho-thong,lao-dong-pho-thong-lai-xe
1489,thiet-ke-kien-truc,thiet-ke-my-thuat
1490,,
1491,co-khi-che-tao,co-khi-che-tao-co-khi
1492,lao-dong-pho-thong,lao-dong-pho-thong-lai-xe
1493,lao-dong-pho-thong,lao-dong-pho-thong-lai-xe
1494,marketing-truyen-thong,marketing-bien-phien-dich
1495,,
1496,nhan-su-hanh-chinh,nhan-su-tuyen-dung-cb
1497,lao-dong-pho-thong,lao-dong-pho-thong-lai-xe
1498,co-khi-che-tao,co-khi-che-tao-co-khi
1499,ke-toan-tai-chinh,ke-toan-tai-chinh-kiem-toan
1500,khach-san-nha-hang-du-lich,khach-san-du-lich-le-hanh
1501,,
1502,ke-toan-tai-chinh,ke-toan-tai-chinh-kiem-toan
1503,lao-dong-pho-thong,lao-dong-pho-thong-bao-ve
1504,nhan-su-hanh-chinh,nhan-su-hanh-chinh-van-phong
1505,y-te-duoc,y-te-duoc-y-te
1506,lao-dong-pho-thong,lao-dong-pho-thong-lai-xe
1507,,
1508,lao-dong-pho-thong,lao-dong-pho-thong-lai-xe
1509,lao-dong-pho-thong,lao-dong-pho-thong-lai-xe
1510,lao-dong-pho-thong,lao-dong-pho-thong-lai-xe
1511,nhan-su-hanh-chinh,nhan-su-hanh-chinh-van-phong
1512,,
1513,lao-dong-pho-thong,lao-dong-pho-thong-lai-xe
1514,lao-dong-pho-thong,lao-dong-pho-thong-lai-xe
1515,lao-dong-pho-thong,lao-dong-pho-thong-lai-xe
1516,lao-dong-pho-thong,lao-dong-pho-thong-lai-xe
1517,lao-dong-pho-thong,lao-dong-pho-thong-lai-xe
1518,lao-dong-pho-thong,lao-dong-pho-thong-lai-xe
1519,nhan-su-hanh-chinh,nhan-su-hanh-chinh-van-phong
1520,lao-dong-pho-thong,lao-dong-pho-thong-lai-xe
1521,,
1522,,
1523,van-tai-logistics,van-tai-giao-nhan
1524,lao-dong-pho-thong,lao-dong-pho-thong-lai-xe
1525,lao-dong-pho-thong,lao-dong-pho-thong-lai-xe
1526,kinh-doanh-ban-hang,kinh-doanh-ban-hang-thu-ngan
1527,lao-dong-pho-thong,lao-dong-pho-thong-lai-xe
1528,lao-dong-pho-thong,lao-dong-pho-thong-lai-xe
1529,lao-dong-pho-thong,lao-dong-pho-thong-lai-xe
1530,y-te-duoc,y-te-duoc-y-te
1531,lao-dong-pho-thong,lao-dong-pho-thong-lai-xe
1532,lao-dong-pho-thong,lao-dong-pho-thong-lai-xe
1533,van-tai-logistics,van-tai-giao-nhan
1534,lao-dong-pho-thong,lao-dong-pho-thong-lai-xe
1535,lao-dong-pho-thong,lao-dong-pho-thong-lai-xe
1536,giao-duc-dao-tao,giao-duc-giang-day
1537,xay-dung,xay-dung-ky-su
1538,lao-dong-pho-thong,lao-dong-pho-thong-lai-xe
1539,,
1540,kinh-doanh-ban-hang,kinh-doanh-ban-hang-tong-hop
1541,lao-dong-pho-thong,lao-dong-pho-thong-lai-xe
1542,lao-dong-pho-thong,lao-dong-pho-thong-lai-xe
1543,,
1544,lao-dong-pho-thong,lao-dong-pho-thong-lai-xe
1545,co-khi-che-tao,co-khi-che-tao-co-khi
1546,dich-vu-khach-hang,dich-vu-khach-hang-cskh
1547,lao-dong-pho-thong,lao-dong-pho-thong-lai-xe
1548,van-tai-logistics,van-tai-giao-nhan
1549,nhan-su-hanh-chinh,nhan-su-hanh-chinh-van-phong
1550,,
1551,lao-dong-pho-thong,lao-dong-pho-thong-lai-xe
1552,lao-dong-pho-thong,lao-dong-pho-thong-lai-xe
1553,lao-dong-pho-thong,lao-dong-pho-thong-lai-xe
1554,lao-dong-pho-thong,lao-dong-pho-thong-lai-xe
1555,lao-dong-pho-thong,lao-dong-pho-thong-lai-xe
1556,lao-dong-pho-thong,lao-dong-pho-thong-lai-xe
1557,san-xuat-qa-qc,san-xuat-thuc-pham
1558,lao-dong-pho-thong,lao-dong-pho-thong-lai-xe
1559,lao-dong-pho-thong,lao-dong-pho-thong-lai-xe
1560,,
1561,lao-dong-pho-thong,lao-dong-pho-thong-lai-xe
1562,lao-dong-pho-thong,lao-dong-pho-thong-lai-xe
1563,lao-dong-pho-thong,lao-dong-pho-thong-lai-xe
1564,marketing-truyen-thong,marketing-bien-phien-dich
1565,lao-dong-pho-thong,lao-dong-pho-thong-lai-xe
1566,lao-dong-pho-thong,lao-dong-pho-thong-lai-xe
1567,ke-toan-tai-chinh,ke-toan-tai-chinh-kiem-toan
1568,lao-dong-pho-thong,lao-dong-pho-thong-lai-xe
1569,,
1570,co-khi-che-tao,co-khi-che-tao-co-khi
1571,lao-dong-pho-thong,lao-dong-pho-thong-lai-xe
1572,,
1573,lao-dong-pho-thong,lao-dong-pho-thong-lai-xe
1574,,
1575,lao-dong-pho-thong,lao-dong-pho-thong-lai-xe
1576,dich-vu-khach-hang,dich-vu-khach-hang-cskh
1577,lao-dong-pho-thong,lao-dong-pho-thong-lai-xe
1578,lao-dong-pho-thong,lao-dong-pho-thong-lai-xe
1579,lao-dong-pho-thong,lao-dong-pho-thong-lai-xe
1580,ke-toan-tai-chinh,ke-toan-tai-chinh-kiem-toan
1581,,
1582,nhan-su-hanh-chinh,nhan-su-hanh-chinh-van-phong
1583,,
1584,lao-dong-pho-thong,lao-dong-pho-thong-lai-xe
1585,giao-duc-dao-tao,giao-duc-giang-day
1586,lao-dong-pho-thong,lao-dong-pho-thong-lai-xe
1587,,
1588,co-khi-che-tao,co-khi-che-tao-co-khi
1589,,
1590,lao-dong-pho-thong,lao-dong-pho-thong-lai-xe
1591,lao-dong-pho-thong,lao-dong-pho-thong-lai-xe
1592,lao-dong-pho-thong,lao-dong-pho-thong-lai-xe
1593,lao-dong-pho-thong,lao-dong-pho-thong-lai-xe
1594,lao-dong-pho-thong,lao-dong-pho-thong-lai-xe
1595,lao-dong-pho-thong,lao-dong-pho-thong-lai-xe
1596,nhan-su-hanh-chinh,nhan-su-hanh-chinh-van-phong
1597,san-xuat-qa-qc,san-xuat-qa-qc-qa-qc
1598,lao-dong-pho-thong,lao-dong-pho-thong-lai-xe
1599,marketing-truyen-thong,marketing-bien-phien-dich
1600,khach-san-nha-hang-du-lich,khach-san-khach-san
1601,lao-dong-pho-thong,lao-dong-pho-thong-lai-xe
1602,ke-toan-tai-chinh,ke-toan-tai-chinh-bao-hiem
1603,lao-dong-pho-thong,lao-dong-pho-thong-lai-xe
1604,lao-dong-pho-thong,lao-dong-pho-thong-lai-xe
1605,lao-dong-pho-thong,lao-dong-pho-thong-lai-xe
1606,van-tai-logistics,van-tai-logistics-kho-van
1607,lao-dong-pho-thong,lao-dong-pho-thong-lai-xe
1608,co-khi-che-tao,co-khi-che-tao-co-khi
1609,kinh-doanh-ban-hang,kinh-doanh-ban-hang-tong-hop
1610,,
1611,lao-dong-pho-thong,lao-dong-pho-thong-lai-xe
1612,san-xuat-qa-qc,san-xuat-det-may
1613,lao-dong-pho-thong,lao-dong-pho-thong-lai-xe
1614,lao-dong-pho-thong,lao-dong-pho-thong-lai-xe
1615,giao-duc-dao-tao,giao-duc-giang-day
1616,marketing-truyen-thong,marketing-bao-chi-truyen-hinh
1617,van-tai-logistics,van-tai-giao-nhan
1618,,
1619,y-te-duoc,y-te-duoc-y-te
1620,,
1621,lao-dong-pho-thong,lao-dong-pho-thong-lai-xe
1622,lao-dong-pho-thong,lao-dong-pho-thong-lai-xe
1623,lao-dong-pho-thong,lao-dong-pho-thong-lai-xe
1624,nhan-su-hanh-chinh,nhan-su-tuyen-dung-cb
1625,,
1626,co-khi-che-tao,co-khi-che-tao-co-khi
1627,lao-dong-pho-thong,lao-dong-pho-thong-lai-xe
1628,,
1629,marketing-truyen-thong,marketing-bao-chi-truyen-hinh
1630,nhan-su-hanh-chinh,nhan-su-hanh-chinh-van-phong
1631,khach-san-nha-hang-du-lich,khach-san-du-lich-le-hanh
1632,san-xuat-qa-qc,san-xuat-qa-qc-qa-qc
1633,lao-dong-pho-thong,lao-dong-pho-thong-lai-xe
1634,dich-vu-khach-hang,dich-vu-khach-hang-cskh
1635,lao-dong-pho-thong,lao-dong-pho-thong-lai-xe
1636,kinh-doanh-ban-hang,kinh-doanh-ban-hang-tong-hop
1637,nhan-su-hanh-chinh,nhan-su-hanh-chinh-van-phong
1638,marketing-truyen-thong,marketing-tong-hop
1639,y-te-duoc,y-te-duoc-y-te
1640,lao-dong-pho-thong,lao-dong-pho-thong-lai-xe
1641,,
1642,marketing-truyen-thong,marketing-tong-hop
1643,,
1644,,
1645,,
1646,khach-san-nha-hang-du-lich,khach-san-nha-hang-fb
1647,lao-dong-pho-thong,lao-dong-pho-thong-lai-xe
1648,lao-dong-pho-thong,lao-dong-pho-thong-lai-xe
1649,lao-dong-pho-thong,lao-dong-pho-thong-lai-xe
1650,cntt,cntt-phat-trien-phan-mem
1651,kinh-doanh-ban-hang,kinh-doanh-ban-hang-ban-hang
1652,lao-dong-pho-thong,lao-dong-pho-thong-lai-xe
1653,,
1654,lao-dong-pho-thong,lao-dong-pho-thong-lai-xe
1655,y-te-duoc,y-te-duoc-y-te
1656,lao-dong-pho-thong,lao-dong-pho-thong-lai-xe
1657,lao-dong-pho-thong,lao-dong-pho-thong-lai-xe
1658,lao-dong-pho-thong,lao-dong-pho-thong-lai-xe
1659,y-te-duoc,y-te-duoc-y-te
1660,marketing-truyen-thong,marketing-bien-phien-dich
1661,thiet-ke-kien-truc,thiet-ke-kien-truc-kien-truc
1662,lao-dong-pho-thong,lao-dong-pho-thong-lai-xe
1663,lao-dong-pho-thong,lao-dong-pho-thong-lai-xe
1664,marketing-truyen-thong,marketing-bien-phien-dich
1665,lao-dong-pho-thong,lao-dong-pho-thong-lai-xe
1666,lao-dong-pho-thong,lao-dong-pho-thong-lai-xe
1667,lao-dong-pho-thong,lao-dong-pho-thong-lai-xe
1668,giao-duc-dao-tao,giao-duc-giang-day
1669,lao-dong-pho-thong,lao-dong-pho-thong-lai-xe
1670,kinh-doanh-ban-hang,kinh-doanh-ban-hang-ban-hang
1671,lao-dong-pho-thong,lao-dong-pho-thong-lai-xe
1672,co-khi-che-tao,co-khi-che-tao-co-khi
1673,xay-dung,xay-dung-ky-su
1674,,
1675,kinh-doanh-ban-hang,kinh-doanh-ban-hang-tong-hop
1676,lao-dong-pho-thong,lao-dong-pho-thong-lai-xe
1677,marketing-truyen-thong,marketing-tong-hop
1678,,
1679,ke-toan-tai-chinh,ke-toan-tai-chinh-bao-hiem
1680,nhan-su-hanh-chinh,nhan-su-hanh-chinh-van-phong
1681,van-tai-logistics,van-tai-giao-nhan
1682,lao-dong-pho-thong,lao-dong-pho-thong-lai-xe
1683,,
1684,lao-dong-pho-thong,lao-dong-pho-thong-lai-xe
1685,lao-dong-pho-thong,lao-dong-pho-thong-lai-xe
1686,lao-dong-pho-thong,lao-dong-pho-thong-lai-xe
1687,lao-dong-pho-thong,lao-dong-pho-thong-lai-xe
1688,lao-dong-pho-thong,lao-dong-pho-thong-lai-xe
1689,lao-dong-pho-thong,lao-dong-pho-thong-lai-xe
1690,lao-dong-pho-thong,lao-dong-pho-thong-lai-xe
1691,nhan-su-hanh-chinh,nhan-su-hanh-chinh-van-phong
1692,lao-dong-pho-thong,lao-dong-pho-thong-lai-xe
1693,nhan-su-hanh-chinh,nhan-su-hanh-chinh-van-phong
1694,y-te-duoc,y-te-duoc-y-te
1695,lao-dong-pho-thong,lao-dong-pho-thong-lai-xe
1696,san-xuat-qa-qc,san-xuat-qa-qc-qa-qc
1697,,
1698,lao-dong-pho-thong,lao-dong-pho-thong-lai-xe
1699,lao-dong-pho-thong,lao-dong-pho-thong-lai-xe
1700,nhan-su-hanh-chinh,nhan-su-hanh-chinh-van-phong
1701,kinh-doanh-ban-hang,kinh-doanh-ban-hang-tong-hop
1702,lao-dong-pho-thong,lao-dong-pho-thong-lai-xe
1703,lao-dong-pho-thong,lao-dong-pho-thong-lai-xe
1704,dich-vu-khach-hang,dich-vu-khach-hang-cskh
1705,,
1706,lao-dong-pho-thong,lao-dong-pho-thong-lai-xe
1707,,
1708,dich-vu-khach-hang,dich-vu-khach-hang-cskh
1709,nhan-su-hanh-chinh,nhan-su-hanh-chinh-van-phong
1710,lao-dong-pho-thong,lao-dong-pho-thong-lai-xe
1711,,
1712,,
1713,nhan-su-hanh-chinh,nhan-su-hanh-chinh-van-phong
1714,van-tai-logistics,van-tai-giao-nhan
1715,,
1716,lao-dong-pho-thong,lao-dong-pho-thong-lai-xe
1717,lao-dong-pho-thong,lao-dong-pho-thong-lai-xe
1718,nhan-su-hanh-chinh,nhan-su-hanh-chinh-van-phong
1719,dich-vu-khach-hang,dich-vu-khach-hang-cskh
1720,,
1721,lao-dong-pho-thong,lao-dong-pho-thong-lai-xe
1722,lao-dong-pho-thong,lao-dong-pho-thong-lai-xe
1723,lao-dong-pho-thong,lao-dong-pho-thong-lai-xe
1724,lao-dong-pho-thong,lao-dong-pho-thong-lai-xe
1725,lao-dong-pho-thong,lao-dong-pho-thong-lai-xe
1726,lao-dong-pho-thong,lao-dong-pho-thong-lai-xe
1727,ke-toan-tai-chinh,ke-toan-tai-chinh-kiem-toan
1728,,
1729,,
1730,lao-dong-pho-thong,lao-dong-pho-thong-lai-xe
1731,lao-dong-pho-thong,lao-dong-pho-thong-lai-xe
1732,marketing-truyen-thong,marketing-bien-phien-dich
1733,lao-dong-pho-thong,lao-dong-pho-thong-lai-xe
1734,lao-dong-pho-thong,lao-dong-pho-thong-lai-xe
1735,y-te-duoc,y-te-duoc-y-te
1736,marketing-truyen-thong,marketing-bao-chi-truyen-hinh
1737,lao-dong-pho-thong,lao-dong-pho-thong-lai-xe
1738,lao-dong-pho-thong,lao-dong-pho-thong-lai-xe
1739,co-khi-che-tao,co-khi-che-tao-co-khi
1740,y-te-duoc,y-te-duoc-y-te
1741,dich-vu-khach-hang,dich-vu-khach-hang-cskh
1742,marketing-truyen-thong,marketing-bien-phien-dich
1743,lao-dong-pho-thong,lao-dong-pho-thong-lai-xe
1744,nhan-su-hanh-chinh,nhan-su-hanh-chinh-van-phong
1745,marketing-truyen-thong,marketing-truyen-thong-pr
1746,lao-dong-pho-thong,lao-dong-pho-thong-lai-xe
1747,lao-dong-pho-thong,lao-dong-pho-thong-lai-xe
1748,lao-dong-pho-thong,lao-dong-pho-thong-lai-xe
1749,y-te-duoc,y-te-duoc-y-te
1750,nhan-su-hanh-chinh,nhan-su-hanh-chinh-van-phong
1751,kinh-doanh-ban-hang,kinh-doanh-ban-hang-tong-hop
1752,marketing-truyen-thong,marketing-tong-hop
1753,lao-dong-pho-thong,lao-dong-pho-thong-lai-xe
1754,lao-dong-pho-thong,lao-dong-pho-thong-lai-xe
1755,,
1756,lao-dong-pho-thong,lao-dong-pho-thong-lai-xe
1757,lao-dong-pho-thong,lao-dong-pho-thong-lai-xe
1758,dich-vu-khach-hang,dich-vu-khach-hang-cskh
1759,lao-dong-pho-thong,lao-dong-pho-thong-lai-xe
1760,khach-san-nha-hang-du-lich,khach-san-khach-san
1761,lao-dong-pho-thong,lao-dong-pho-thong-lai-xe
1762,lao-dong-pho-thong,lao-dong-pho-thong-lai-xe
1763,san-xuat-qa-qc,san-xuat-thuc-pham
1764,thiet-ke-kien-truc,thiet-ke-kien-truc-kien-truc
1765,bat-dong-san,bat-dong-san-moi-gioi
1766,lao-dong-pho-thong,lao-dong-pho-thong-lai-xe
1767,lao-dong-pho-thong,lao-dong-pho-thong-lai-xe
1768,lao-dong-pho-thong,lao-dong-pho-thong-lai-xe
1769,lao-dong-pho-thong,lao-dong-pho-thong-lai-xe
1770,van-tai-logistics,van-tai-giao-nhan
1771,lao-dong-pho-thong,lao-dong-pho-thong-lai-xe
1772,lao-dong-pho-thong,lao-dong-pho-thong-lai-xe
1773,,
1774,lao-dong-pho-thong,lao-dong-pho-thong-lai-xe
1775,lao-dong-pho-thong,lao-dong-pho-thong-lai-xe
1776,,
1777,lao-dong-pho-thong,lao-dong-pho-thong-lai-xe
1778,,
1779,lao-dong-pho-thong,lao-dong-pho-thong-lai-xe
1780,lao-dong-pho-thong,lao-dong-pho-thong-lai-xe
1781,lao-dong-pho-thong,lao-dong-pho-thong-lai-xe
1782,lao-dong-pho-thong,lao-dong-pho-thong-lai-xe
1783,lao-dong-pho-thong,lao-dong-pho-thong-lai-xe
1784,lao-dong-pho-thong,lao-dong-pho-thong-lai-xe
1785,nhan-su-hanh-chinh,nhan-su-hanh-chinh-van-phong
1786,,
1787,lao-dong-pho-thong,lao-dong-pho-thong-lai-xe
1788,lao-dong-pho-thong,lao-dong-pho-thong-lai-xe
1789,marketing-truyen-thong,marketing-tong-hop
1790,san-xuat-qa-qc,san-xuat-nong-nghiep
1791,lao-dong-pho-thong,lao-dong-pho-thong-lai-xe
1792,san-xuat-qa-qc,san-xuat-qa-qc-qa-qc
1793,lao-dong-pho-thong,lao-dong-pho-thong-lai-xe
1794,lao-dong-pho-thong,lao-dong-pho-thong-lai-xe
1795,lao-dong-pho-thong,lao-dong-pho-thong-lai-xe
1796,bat-dong-san,bat-dong-san-moi-gioi
1797,y-te-duoc,y-te-duoc-y-te
1798,lao-dong-pho-thong,lao-dong-pho-thong-lai-xe
1799,lao-dong-pho-thong,lao-dong-pho-thong-lai-xe
1800,lao-dong-pho-thong,lao-dong-pho-thong-lai-xe
1801,,
1802,van-tai-logistics,van-tai-giao-nhan
1803,nhan-su-hanh-chinh,nhan-su-hanh-chinh-van-phong
1804,lao-dong-pho-thong,lao-dong-pho-thong-lai-xe
1805,,
1806,lao-dong-pho-thong,lao-dong-pho-thong-lai-xe
1807,lao-dong-pho-thong,lao-dong-pho-thong-lai-xe
1808,kinh-doanh-ban-hang,kinh-doanh-ban-hang-tong-hop
1809,dich-vu-khach-hang,dich-vu-khach-hang-cskh
1810,lao-dong-pho-thong,lao-dong-pho-thong-lai-xe
1811,lao-dong-pho-thong,lao-dong-pho-thong-lai-xe
1812,lao-dong-pho-thong,lao-dong-pho-thong-lai-xe
1813,thiet-ke-kien-truc,thiet-ke-my-thuat
1814,lao-dong-pho-thong,lao-dong-pho-thong-lai-xe
1815,ke-toan-tai-chinh,ke-toan-tai-chinh-kiem-toan
1816,lao-dong-pho-thong,lao-dong-pho-thong-lai-xe
1817,nhan-su-hanh-chinh,nhan-su-hanh-chinh-van-phong
1818,lao-dong-pho-thong,lao-dong-pho-thong-lai-xe
1819,kinh-doanh-ban-hang,kinh-doanh-ban-hang-tong-hop
1820,lao-dong-pho-thong,lao-dong-pho-thong-lai-xe
1821,lao-dong-pho-thong,lao-dong-pho-thong-lai-xe
1822,lao-dong-pho-thong,lao-dong-pho-thong-lai-xe
1823,lao-dong-pho-thong,lao-dong-pho-thong-lai-xe
1824,lao-dong-pho-thong,lao-dong-pho-thong-lai-xe
1825,lao-dong-pho-thong,lao-dong-pho-thong-lai-xe
1826,,
1827,lao-dong-pho-thong,lao-dong-pho-thong-lai-xe
1828,lao-dong-pho-thong,lao-dong-pho-thong-lai-xe
1829,ke-toan-tai-chinh,ke-toan-tai-chinh-kiem-toan
1830,,
1831,cntt,cntt-phat-trien-phan-mem
1832,lao-dong-pho-thong,lao-dong-pho-thong-lai-xe
1833,lao-dong-pho-thong,lao-dong-pho-thong-lai-xe
1834,xay-dung,xay-dung-ky-su
1835,lao-dong-pho-thong,lao-dong-pho-thong-lai-xe
1836,cntt,cntt-phan-cung-mang
1837,lao-dong-pho-thong,lao-dong-pho-thong-lai-xe
1838,dich-vu-khach-hang,dich-vu-khach-hang-cskh
1839,lao-dong-pho-thong,lao-dong-pho-thong-lai-xe
1840,lao-dong-pho-thong,lao-dong-pho-thong-lai-xe
1841,ke-toan-tai-chinh,ke-toan-tai-chinh-kiem-toan
1842,lao-dong-pho-thong,lao-dong-pho-thong-lai-xe
1843,lao-dong-pho-thong,lao-dong-pho-thong-lai-xe
1844,lao-dong-pho-thong,lao-dong-pho-thong-lai-xe
1845,lao-dong-pho-thong,lao-dong-pho-thong-lai-xe
1846,nhan-su-hanh-chinh,nhan-su-tuyen-dung-cb
1847,nhan-su-hanh-chinh,nhan-su-hanh-chinh-van-phong
1848,kinh-doanh-ban-hang,kinh-doanh-ban-hang-tong-hop
1849,nhan-su-hanh-chinh,nhan-su-hanh-chinh-van-phong
1850,lao-dong-pho-thong,lao-dong-pho-thong-lai-xe
1851,lao-dong-pho-thong,lao-dong-pho-thong-lai-xe
1852,lao-dong-pho-thong,lao-dong-pho-thong-lai-xe
1853,lao-dong-pho-thong,lao-dong-pho-thong-lai-xe
1854,marketing-truyen-thong,marketing-bien-phien-dich
1855,lao-dong-pho-thong,lao-dong-pho-thong-lai-xe
1856,lao-dong-pho-thong,lao-dong-pho-thong-lai-xe
1857,lao-dong-pho-thong,lao-dong-pho-thong-lai-xe
1858,lao-dong-pho-thong,lao-dong-pho-thong-lai-xe
1859,lao-dong-pho-thong,lao-dong-pho-thong-lai-xe
1860,lao-dong-pho-thong,lao-dong-pho-thong-lai-xe
1861,dich-vu-khach-hang,dich-vu-khach-hang-cskh
1862,san-xuat-qa-qc,san-xuat-thuc-pham
1863,lao-dong-pho-thong,lao-dong-pho-thong-lai-xe
1864,ke-toan-tai-chinh,ke-toan-tai-chinh-kiem-toan
1865,dich-vu-khach-hang,dich-vu-khach-hang-cskh
1866,kinh-doanh-ban-hang,kinh-doanh-ban-hang-tong-hop
1867,van-tai-logistics,van-tai-giao-nhan
1868,lao-dong-pho-thong,lao-dong-pho-thong-lai-xe
1869,lao-dong-pho-thong,lao-dong-pho-thong-lai-xe
1870,lao-dong-pho-thong,lao-dong-pho-thong-lai-xe
1871,dich-vu-khach-hang,dich-vu-khach-hang-cskh
1872,san-xuat-qa-qc,san-xuat-qa-qc-qa-qc
1873,lao-dong-pho-thong,lao-dong-pho-thong-lai-xe
1874,lao-dong-pho-thong,lao-dong-pho-thong-lai-xe
1875,,
1876,khach-san-nha-hang-du-lich,khach-san-khach-san
1877,kinh-doanh-ban-hang,kinh-doanh-ban-hang-tong-hop
1878,lao-dong-pho-thong,lao-dong-pho-thong-lai-xe
1879,ke-toan-tai-chinh,ke-toan-tai-chinh-bao-hiem
1880,dich-vu-khach-hang,dich-vu-khach-hang-cskh
1881,lao-dong-pho-thong,lao-dong-pho-thong-lai-xe
1882,lao-dong-pho-thong,lao-dong-pho-thong-lai-xe
1883,nhan-su-hanh-chinh,nhan-su-hanh-chinh-van-phong
1884,lao-dong-pho-thong,lao-dong-pho-thong-lai-xe
1885,ke-toan-tai-chinh,ke-toan-tai-chinh-kiem-toan
1886,lao-dong-pho-thong,lao-dong-pho-thong-lai-xe
1887,lao-dong-pho-thong,lao-dong-pho-thong-lai-xe
1888,lao-dong-pho-thong,lao-dong-pho-thong-lai-xe
1889,dien-dien-tu-vien-thong,dien-dien-tu-vien-thong-vt
1890,lao-dong-pho-thong,lao-dong-pho-thong-lai-xe
1891,lao-dong-pho-thong,lao-dong-pho-thong-lai-xe
1892,lao-dong-pho-thong,lao-dong-pho-thong-lai-xe
1893,nhan-su-hanh-chinh,nhan-su-hanh-chinh-van-phong
1894,san-xuat-qa-qc,san-xuat-quan-ly
1895,nhan-su-hanh-chinh,nhan-su-phap-ly-phap-che
1896,,
1897,kinh-doanh-ban-hang,kinh-doanh-ban-hang-tong-hop
1898,lao-dong-pho-thong,lao-dong-pho-thong-lai-xe
1899,lao-dong-pho-thong,lao-dong-pho-thong-lai-xe
1900,lao-dong-pho-thong,lao-dong-pho-thong-lai-xe
1901,,
1902,,
1903,co-khi-che-tao,co-khi-che-tao-co-khi
1904,lao-dong-pho-thong,lao-dong-pho-thong-lai-xe
1905,,
1906,lao-dong-pho-thong,lao-dong-pho-thong-lai-xe
1907,marketing-truyen-thong,marketing-bien-phien-dich
1908,lao-dong-pho-thong,lao-dong-pho-thong-lai-xe
1909,van-tai-logistics,van-tai-giao-nhan
1910,kinh-doanh-ban-hang,kinh-doanh-ban-hang-ban-hang
1911,,
1912,cntt,cntt-phan-cung-mang
1913,,
1914,lao-dong-pho-thong,lao-dong-pho-thong-lai-xe
1915,dich-vu-khach-hang,dich-vu-khach-hang-cskh
1916,lao-dong-pho-thong,lao-dong-pho-thong-lai-xe
1917,ke-toan-tai-chinh,ke-toan-tai-chinh-kiem-toan
1918,kinh-doanh-ban-hang,kinh-doanh-ban-hang-tong-hop
1919,lao-dong-pho-thong,lao-dong-pho-thong-lai-xe
1920,lao-dong-pho-thong,lao-dong-pho-thong-lai-xe
1921,lao-dong-pho-thong,lao-dong-pho-thong-lai-xe
1922,nhan-su-hanh-chinh,nhan-su-tuyen-dung-cb
1923,van-tai-logistics,van-tai-giao-nhan
1924,lao-dong-pho-thong,lao-dong-pho-thong-lai-xe
1925,van-tai-logistics,van-tai-giao-nhan
1926,co-khi-che-tao,co-khi-che-tao-co-khi
1927,marketing-truyen-thong,marketing-bien-phien-dich
1928,marketing-truyen-thong,marketing-tong-hop
1929,marketing-truyen-thong,marketing-bien-phien-dich
1930,lao-dong-pho-thong,lao-dong-pho-thong-lai-xe
1931,lao-dong-pho-thong,lao-dong-pho-thong-lai-xe
1932,xay-dung,xay-dung-ky-su
1933,lao-dong-pho-thong,lao-dong-pho-thong-lai-xe
1934,lao-dong-pho-thong,lao-dong-pho-thong-lai-xe
1935,,
1936,van-tai-logistics,van-tai-giao-nhan
1937,ke-toan-tai-chinh,ke-toan-tai-chinh-chung-khoan
1938,marketing-truyen-thong,marketing-bien-phien-dich
1939,thiet-ke-kien-truc,thiet-ke-kien-truc-kien-truc
1940,marketing-truyen-thong,marketing-bao-chi-truyen-hinh
1941,xay-dung,xay-dung-ky-su
1942,lao-dong-pho-thong,lao-dong-pho-thong-lai-xe
1943,lao-dong-pho-thong,lao-dong-pho-thong-lai-xe
1944,lao-dong-pho-thong,lao-dong-pho-thong-lai-xe
1945,lao-dong-pho-thong,lao-dong-pho-thong-lai-xe
1946,,
1947,lao-dong-pho-thong,lao-dong-pho-thong-lai-xe
1948,cntt,cntt-phat-trien-phan-mem
1949,lao-dong-pho-thong,lao-dong-pho-thong-lai-xe
1950,kinh-doanh-ban-hang,kinh-doanh-ban-hang-tong-hop
1951,lao-dong-pho-thong,lao-dong-pho-thong-lai-xe
1952,lao-dong-pho-thong,lao-dong-pho-thong-lai-xe
1953,cntt,cntt-phat-trien-phan-mem
1954,lao-dong-pho-thong,lao-dong-pho-thong-lai-xe
1955,cntt,cntt-phat-trien-phan-mem
1956,lao-dong-pho-thong,lao-dong-pho-thong-lai-xe
1957,lao-dong-pho-thong,lao-dong-pho-thong-lai-xe
1958,dich-vu-khach-hang,dich-vu-khach-hang-cskh
1959,kinh-doanh-ban-hang,kinh-doanh-ban-hang-ban-hang
1960,cntt,cntt-phat-trien-phan-mem
1961,lao-dong-pho-thong,lao-dong-pho-thong-lai-xe
1962,nhan-su-hanh-chinh,nhan-su-hanh-chinh-van-phong
1963,lao-dong-pho-thong,lao-dong-pho-thong-lai-xe
1964,lao-dong-pho-thong,lao-dong-pho-thong-lai-xe
1965,,
1966,nhan-su-hanh-chinh,nhan-su-hanh-chinh-van-phong
1967,lao-dong-pho-thong,lao-dong-pho-thong-lai-xe
1968,dich-vu-khach-hang,dich-vu-khach-hang-cskh
1969,,
1970,dich-vu-khach-hang,dich-vu-khach-hang-cskh
1971,lao-dong-pho-thong,lao-dong-pho-thong-lai-xe
1972,co-khi-che-tao,co-khi-che-tao-co-khi
1973,,
1974,lao-dong-pho-thong,lao-dong-pho-thong-lai-xe
1975,lao-dong-pho-thong,lao-dong-pho-thong-lai-xe
1976,nhan-su-hanh-chinh,nhan-su-hanh-chinh-van-phong
1977,lao-dong-pho-thong,lao-dong-pho-thong-lai-xe
1978,,
1979,lao-dong-pho-thong,lao-dong-pho-thong-lai-xe
1980,lao-dong-pho-thong,lao-dong-pho-thong-lai-xe
1981,lao-dong-pho-thong,lao-dong-pho-thong-lai-xe
1982,lao-dong-pho-thong,lao-dong-pho-thong-lai-xe
1983,van-tai-logistics,van-tai-giao-nhan
1984,lao-dong-pho-thong,lao-dong-pho-thong-lai-xe
1985,ke-toan-tai-chinh,ke-toan-tai-chinh-bao-hiem
1986,lao-dong-pho-thong,lao-dong-pho-thong-lai-xe
1987,lao-dong-pho-thong,lao-dong-pho-thong-lai-xe
1988,ke-toan-tai-chinh,ke-toan-tai-chinh-kiem-toan
1989,lao-dong-pho-thong,lao-dong-pho-thong-lai-xe
1990,cntt,cntt-phan-cung-mang
1991,lao-dong-pho-thong,lao-dong-pho-thong-lai-xe
1992,lao-dong-pho-thong,lao-dong-pho-thong-lai-xe
1993,nhan-su-hanh-chinh,nhan-su-hanh-chinh-van-phong
1994,nhan-su-hanh-chinh,nhan-su-hanh-chinh-van-phong
1995,lao-dong-pho-thong,lao-dong-pho-thong-lai-xe
1996,lao-dong-pho-thong,lao-dong-pho-thong-lai-xe
1997,nhan-su-hanh-chinh,nhan-su-hanh-chinh-van-phong
1998,,
1999,san-xuat-qa-qc,san-xuat-thuc-pham
2000,ke-toan-tai-chinh,ke-toan-tai-chinh-kiem-toan
2001,lao-dong-pho-thong,lao-dong-pho-thong-lai-xe
2002,lao-dong-pho-thong,lao-dong-pho-thong-lai-xe
2003,,
2004,lao-dong-pho-thong,lao-dong-pho-thong-lai-xe
2005,co-khi-che-tao,co-khi-che-tao-co-khi
2006,lao-dong-pho-thong,lao-dong-pho-thong-lai-xe
2007,lao-dong-pho-thong,lao-dong-pho-thong-lai-xe
2008,lao-dong-pho-thong,lao-dong-pho-thong-lai-xe
2009,lao-dong-pho-thong,lao-dong-pho-thong-lai-xe
2010,marketing-truyen-thong,marketing-bien-phien-dich
2011,lao-dong-pho-thong,lao-dong-pho-thong-lai-xe
2012,lao-dong-pho-thong,lao-dong-pho-thong-lai-xe
2013,ke-toan-tai-chinh,ke-toan-tai-chinh-kiem-toan
2014,dich-vu-khach-hang,dich-vu-khach-hang-cskh
2015,lao-dong-pho-thong,lao-dong-pho-thong-lai-xe
2016,lao-dong-pho-thong,lao-dong-pho-thong-lai-xe
2017,lao-dong-pho-thong,lao-dong-pho-thong-lai-xe
2018,marketing-truyen-thong,marketing-bien-phien-dich
2019,,
2020,dich-vu-khach-hang,dich-vu-khach-hang-cskh
2021,lao-dong-pho-thong,lao-dong-pho-thong-lai-xe
2022,,
2023,lao-dong-pho-thong,lao-dong-pho-thong-lai-xe
2024,,
2025,,
2026,lao-dong-pho-thong,lao-dong-pho-thong-lai-xe
2027,khach-san-nha-hang-du-lich,khach-san-khach-san
2028,,
2029,,
2030,thiet-ke-kien-truc,thiet-ke-my-thuat
2031,nhan-su-hanh-chinh,nhan-su-hanh-chinh-van-phong
2032,ke-toan-tai-chinh,ke-toan-tai-chinh-kiem-toan
2033,,
2034,bat-dong-san,bat-dong-san-moi-gioi
2035,van-tai-logistics,van-tai-logistics-kho-van
2036,kinh-doanh-ban-hang,kinh-doanh-ban-hang-ban-hang
2037,nhan-su-hanh-chinh,nhan-su-tuyen-dung-cb
2038,kinh-doanh-ban-hang,kinh-doanh-ban-hang-tong-hop
2039,lao-dong-pho-thong,lao-dong-pho-thong-lai-xe
2040,lao-dong-pho-thong,lao-dong-pho-thong-lai-xe
2041,marketing-truyen-thong,marketing-tong-hop
2042,lao-dong-pho-thong,lao-dong-pho-thong-lai-xe
2043,co-khi-che-tao,co-khi-che-tao-co-khi
2044,lao-dong-pho-thong,lao-dong-pho-thong-lai-xe
2045,lao-dong-pho-thong,lao-dong-pho-thong-lai-xe
2046,lao-dong-pho-thong,lao-dong-pho-thong-tap-vu
2047,kinh-doanh-ban-hang,kinh-doanh-ban-hang-ban-hang
2048,cntt,cntt-phat-trien-phan-mem
2049,kinh-doanh-ban-hang,kinh-doanh-ban-hang-tong-hop
2050,lao-dong-pho-thong,lao-dong-pho-thong-lai-xe
2051,lao-dong-pho-thong,lao-dong-pho-thong-lai-xe
2052,lao-dong-pho-thong,lao-dong-pho-thong-lai-xe
2053,lao-dong-pho-thong,lao-dong-pho-thong-lai-xe
2054,lao-dong-pho-thong,lao-dong-pho-thong-lai-xe
2055,lao-dong-pho-thong,lao-dong-pho-thong-lai-xe
2056,lao-dong-pho-thong,lao-dong-pho-thong-lai-xe
2057,lao-dong-pho-thong,lao-dong-pho-thong-lai-xe
2058,lao-dong-pho-thong,lao-dong-pho-thong-lai-xe
2059,san-xuat-qa-qc,san-xuat-thuc-pham
2060,lao-dong-pho-thong,lao-dong-pho-thong-lai-xe
2061,lao-dong-pho-thong,lao-dong-pho-thong-lai-xe
2062,lao-dong-pho-thong,lao-dong-pho-thong-lai-xe
2063,van-tai-logistics,van-tai-giao-nhan
2064,lao-dong-pho-thong,lao-dong-pho-thong-lai-xe
2065,lao-dong-pho-thong,lao-dong-pho-thong-lai-xe
2066,co-khi-che-tao,co-khi-che-tao-co-khi
2067,,
2068,xay-dung,xay-dung-ky-su
2069,lao-dong-pho-thong,lao-dong-pho-thong-lai-xe
2070,,
2071,lao-dong-pho-thong,lao-dong-pho-thong-lai-xe
2072,,
2073,lao-dong-pho-thong,lao-dong-pho-thong-lai-xe
2074,marketing-truyen-thong,marketing-bien-phien-dich
2075,,
2076,lao-dong-pho-thong,lao-dong-pho-thong-lai-xe
2077,lao-dong-pho-thong,lao-dong-pho-thong-lai-xe
2078,,
2079,lao-dong-pho-thong,lao-dong-pho-thong-lai-xe
2080,lao-dong-pho-thong,lao-dong-pho-thong-lai-xe
2081,lao-dong-pho-thong,lao-dong-pho-thong-lai-xe
2082,van-tai-logistics,van-tai-giao-nhan
2083,ke-toan-tai-chinh,ke-toan-tai-chinh-kiem-toan
2084,nhan-su-hanh-chinh,nhan-su-hanh-chinh-van-phong
2085,thiet-ke-kien-truc,thiet-ke-kien-truc-kien-truc
2086,lao-dong-pho-thong,lao-dong-pho-thong-lai-xe
2087,nhan-su-hanh-chinh,nhan-su-hanh-chinh-van-phong
2088,kinh-doanh-ban-hang,kinh-doanh-ban-hang-ban-hang
2089,lao-dong-pho-thong,lao-dong-pho-thong-lai-xe
2090,van-tai-logistics,van-tai-giao-nhan
2091,lao-dong-pho-thong,lao-dong-pho-thong-lai-xe
2092,dich-vu-khach-hang,dich-vu-khach-hang-cskh
2093,ke-toan-tai-chinh,ke-toan-tai-chinh-kiem-toan
2094,ke-toan-tai-chinh,ke-toan-tai-chinh-kiem-toan
2095,lao-dong-pho-thong,lao-dong-pho-thong-lai-xe
2096,lao-dong-pho-thong,lao-dong-pho-thong-lai-xe
2097,giao-duc-dao-tao,giao-duc-giang-day
2098,co-khi-che-tao,co-khi-che-tao-co-khi
2099,lao-dong-pho-thong,lao-dong-pho-thong-lai-xe
2100,van-tai-logistics,van-tai-giao-nhan
2101,,
2102,lao-dong-pho-thong,lao-dong-pho-thong-lai-xe
2103,dich-vu-khach-hang,dich-vu-khach-hang-cskh
2104,lao-dong-pho-thong,lao-dong-pho-thong-lai-xe
2105,lao-dong-pho-thong,lao-dong-pho-thong-lai-xe
2106,lao-dong-pho-thong,lao-dong-pho-thong-lai-xe
2107,,
2108,thiet-ke-kien-truc,thiet-ke-my-thuat
2109,lao-dong-pho-thong,lao-dong-pho-thong-lai-xe
2110,lao-dong-pho-thong,lao-dong-pho-thong-lai-xe
2111,lao-dong-pho-thong,lao-dong-pho-thong-lai-xe
2112,nhan-su-hanh-chinh,nhan-su-tuyen-dung-cb
2113,,
2114,van-tai-logistics,van-tai-giao-nhan
2115,dich-vu-khach-hang,dich-vu-khach-hang-cskh
2116,lao-dong-pho-thong,lao-dong-pho-thong-lai-xe
2117,,
2118,lao-dong-pho-thong,lao-dong-pho-thong-lai-xe
2119,kinh-doanh-ban-hang,kinh-doanh-ban-hang-ban-hang
2120,lao-dong-pho-thong,lao-dong-pho-thong-lai-xe
2121,marketing-truyen-thong,marketing-bien-phien-dich
2122,kinh-doanh-ban-hang,kinh-doanh-ban-hang-ban-hang
2123,nhan-su-hanh-chinh,nhan-su-phap-ly-phap-che
2124,cntt,cntt-phat-trien-phan-mem
2125,nhan-su-hanh-chinh,nhan-su-hanh-chinh-van-phong
2126,,
2127,lao-dong-pho-thong,lao-dong-pho-thong-lai-xe
2128,marketing-truyen-thong,marketing-bao-chi-truyen-hinh
2129,san-xuat-qa-qc,san-xuat-qa-qc-qa-qc
2130,lao-dong-pho-thong,lao-dong-pho-thong-lai-xe
2131,san-xuat-qa-qc,san-xuat-my-pham
2132,lao-dong-pho-thong,lao-dong-pho-thong-lai-xe
2133,lao-dong-pho-thong,lao-dong-pho-thong-lai-xe
2134,lao-dong-pho-thong,lao-dong-pho-thong-lai-xe
2135,nhan-su-hanh-chinh,nhan-su-tuyen-dung-cb
2136,marketing-truyen-thong,marketing-bien-phien-dich
2137,nhan-su-hanh-chinh,nhan-su-hanh-chinh-van-phong
2138,lao-dong-pho-thong,lao-dong-pho-thong-lai-xe
2139,lao-dong-pho-thong,lao-dong-pho-thong-lai-xe
2140,san-xuat-qa-qc,san-xuat-my-pham
2141,giao-duc-dao-tao,giao-duc-giang-day
2142,lao-dong-pho-thong,lao-dong-pho-thong-lai-xe
2143,lao-dong-pho-thong,lao-dong-pho-thong-lai-xe
2144,lao-dong-pho-thong,lao-dong-pho-thong-lai-xe
2145,lao-dong-pho-thong,lao-dong-pho-thong-lai-xe
2146,dich-vu-khach-hang,dich-vu-khach-hang-cskh
2147,ke-toan-tai-chinh,ke-toan-tai-chinh-chung-khoan
2148,,
2149,lao-dong-pho-thong,lao-dong-pho-thong-lai-xe
2150,lao-dong-pho-thong,lao-dong-pho-thong-lai-xe
2151,lao-dong-pho-thong,lao-dong-pho-thong-lai-xe
2152,lao-dong-pho-thong,lao-dong-pho-thong-lai-xe
2153,kinh-doanh-ban-hang,kinh-doanh-ban-hang-ban-hang
2154,lao-dong-pho-thong,lao-dong-pho-thong-lai-xe
2155,marketing-truyen-thong,marketing-bao-chi-truyen-hinh
2156,nhan-su-hanh-chinh,nhan-su-hanh-chinh-van-phong
2157,,
2158,lao-dong-pho-thong,lao-dong-pho-thong-lai-xe
2159,marketing-truyen-thong,marketing-bien-phien-dich
2160,lao-dong-pho-thong,lao-dong-pho-thong-lai-xe
2161,,
2162,ke-toan-tai-chinh,ke-toan-tai-chinh-kiem-toan
2163,san-xuat-qa-qc,san-xuat-qa-qc-qa-qc
2164,lao-dong-pho-thong,lao-dong-pho-thong-lai-xe
2165,marketing-truyen-thong,marketing-bien-phien-dich
2166,,
2167,nhan-su-hanh-chinh,nhan-su-hanh-chinh-van-phong
2168,lao-dong-pho-thong,lao-dong-pho-thong-lai-xe
2169,y-te-duoc,y-te-duoc-y-te
2170,lao-dong-pho-thong,lao-dong-pho-thong-lai-xe
2171,san-xuat-qa-qc,san-xuat-det-may
2172,lao-dong-pho-thong,lao-dong-pho-thong-lai-xe
2173,,
2174,dich-vu-khach-hang,dich-vu-khach-hang-cskh
2175,giao-duc-dao-tao,giao-duc-giang-day
2176,,
2177,,
2178,co-khi-che-tao,co-khi-che-tao-co-khi
2179,lao-dong-pho-thong,lao-dong-pho-thong-lai-xe
2180,lao-dong-pho-thong,lao-dong-pho-thong-lai-xe
2181,lao-dong-pho-thong,lao-dong-pho-thong-lai-xe
2182,lao-dong-pho-thong,lao-dong-pho-thong-lai-xe
2183,marketing-truyen-thong,marketing-bien-phien-dich
2184,lao-dong-pho-thong,lao-dong-pho-thong-lai-xe
2185,giao-duc-dao-tao,giao-duc-giang-day
2186,kinh-doanh-ban-hang,kinh-doanh-ban-hang-tong-hop
2187,lao-dong-pho-thong,lao-dong-pho-thong-lai-xe
2188,,
2189,thiet-ke-kien-truc,thiet-ke-my-thuat
2190,lao-dong-pho-thong,lao-dong-pho-thong-lai-xe
2191,lao-dong-pho-thong,lao-dong-pho-thong-lai-xe
2192,,
2193,lao-dong-pho-thong,lao-dong-pho-thong-lai-xe
2194,lao-dong-pho-thong,lao-dong-pho-thong-lai-xe
2195,marketing-truyen-thong,marketing-bien-phien-dich
2196,dich-vu-khach-hang,dich-vu-khach-hang-cskh
2197,,
2198,lao-dong-pho-thong,lao-dong-pho-thong-lai-xe
2199,lao-dong-pho-thong,lao-dong-pho-thong-lai-xe
2200,lao-dong-pho-thong,lao-dong-pho-thong-lai-xe
2201,lao-dong-pho-thong,lao-dong-pho-thong-lai-xe
2202,marketing-truyen-thong,marketing-bien-phien-dich
2203,giao-duc-dao-tao,giao-duc-giang-day
2204,van-tai-logistics,van-tai-giao-nhan
2205,co-khi-che-tao,co-khi-che-tao-co-khi
2206,lao-dong-pho-thong,lao-dong-pho-thong-lai-xe
2207,co-khi-che-tao,co-khi-che-tao-co-khi
2208,kinh-doanh-ban-hang,kinh-doanh-ban-hang-tong-hop
2209,lao-dong-pho-thong,lao-dong-pho-thong-lai-xe
2210,van-tai-logistics,van-tai-giao-nhan
2211,lao-dong-pho-thong,lao-dong-pho-thong-lai-xe
2212,xay-dung,xay-dung-ky-su
2213,lao-dong-pho-thong,lao-dong-pho-thong-lai-xe
2214,lao-dong-pho-thong,lao-dong-pho-thong-lai-xe
2215,,
2216,lao-dong-pho-thong,lao-dong-pho-thong-lai-xe
2217,lao-dong-pho-thong,lao-dong-pho-thong-lai-xe
2218,lao-dong-pho-thong,lao-dong-pho-thong-lai-xe
2219,lao-dong-pho-thong,lao-dong-pho-thong-lai-xe
2220,ke-toan-tai-chinh,ke-toan-tai-chinh-kiem-toan
2221,nhan-su-hanh-chinh,nhan-su-hanh-chinh-van-phong
2222,lao-dong-pho-thong,lao-dong-pho-thong-lai-xe
2223,lao-dong-pho-thong,lao-dong-pho-thong-lai-xe
2224,lao-dong-pho-thong,lao-dong-pho-thong-lai-xe
2225,lao-dong-pho-thong,lao-dong-pho-thong-lai-xe
2226,co-khi-che-tao,co-khi-che-tao-co-khi
2227,lao-dong-pho-thong,lao-dong-pho-thong-lai-xe
2228,kinh-doanh-ban-hang,kinh-doanh-ban-hang-tong-hop
2229,lao-dong-pho-thong,lao-dong-pho-thong-lai-xe
2230,lao-dong-pho-thong,lao-dong-pho-thong-lai-xe
2231,co-khi-che-tao,co-khi-che-tao-co-khi
2232,lao-dong-pho-thong,lao-dong-pho-thong-lai-xe
2233,kinh-doanh-ban-hang,kinh-doanh-ban-hang-ban-hang
2234,xay-dung,xay-dung-ky-su
2235,,
2236,,
2237,lao-dong-pho-thong,lao-dong-pho-thong-tap-vu
2238,marketing-truyen-thong,marketing-bien-phien-dich
2239,van-tai-logistics,van-tai-logistics-kho-van
2240,,
2241,lao-dong-pho-thong,lao-dong-pho-thong-lai-xe
2242,,
2243,lao-dong-pho-thong,lao-dong-pho-thong-lai-xe
2244,,
2245,lao-dong-pho-thong,lao-dong-pho-thong-lai-xe
2246,,
2247,lao-dong-pho-thong,lao-dong-pho-thong-lai-xe
2248,ke-toan-tai-chinh,ke-toan-tai-chinh-chung-khoan
2249,giao-duc-dao-tao,giao-duc-giang-day
2250,lao-dong-pho-thong,lao-dong-pho-thong-lai-xe
2251,lao-dong-pho-thong,lao-dong-pho-thong-lai-xe
2252,khach-san-nha-hang-du-lich,khach-san-khach-san
2253,lao-dong-pho-thong,lao-dong-pho-thong-lai-xe
2254,lao-dong-pho-thong,lao-dong-pho-thong-lai-xe
2255,lao-dong-pho-thong,lao-dong-pho-thong-lai-xe
2256,lao-dong-pho-thong,lao-dong-pho-thong-lai-xe
2257,van-tai-logistics,van-tai-giao-nhan
2258,lao-dong-pho-thong,lao-dong-pho-thong-lai-xe
2259,kinh-doanh-ban-hang,kinh-doanh-ban-hang-tong-hop
2260,lao-dong-pho-thong,lao-dong-pho-thong-lai-xe
2261,lao-dong-pho-thong,lao-dong-pho-thong-lai-xe
2262,marketing-truyen-thong,marketing-tong-hop
2263,lao-dong-pho-thong,lao-dong-pho-thong-lai-xe
2264,lao-dong-pho-thong,lao-dong-pho-thong-lai-xe
2265,lao-dong-pho-thong,lao-dong-pho-thong-lai-xe
2266,kinh-doanh-ban-hang,kinh-doanh-ban-hang-tong-hop
2267,giao-duc-dao-tao,giao-duc-giang-day
2268,lao-dong-pho-thong,lao-dong-pho-thong-lai-xe
2269,nhan-su-hanh-chinh,nhan-su-hanh-chinh-van-phong
2270,lao-dong-pho-thong,lao-dong-pho-thong-lai-xe
2271,lao-dong-pho-thong,lao-dong-pho-thong-lai-xe
2272,thiet-ke-kien-truc,thiet-ke-my-thuat
2273,,
2274,co-khi-che-tao,co-khi-che-tao-co-khi
2275,lao-dong-pho-thong,lao-dong-pho-thong-lai-xe
2276,lao-dong-pho-thong,lao-dong-pho-thong-lai-xe
2277,marketing-truyen-thong,marketing-bien-phien-dich
2278,,
2279,nhan-su-hanh-chinh,nhan-su-tuyen-dung-cb
2280,lao-dong-pho-thong,lao-dong-pho-thong-lai-xe
2281,co-khi-che-tao,co-khi-che-tao-co-khi
2282,ke-toan-tai-chinh,ke-toan-tai-chinh-kiem-toan
2283,khach-san-nha-hang-du-lich,khach-san-du-lich-le-hanh
2284,,
2285,ke-toan-tai-chinh,ke-toan-tai-chinh-kiem-toan
2286,lao-dong-pho-thong,lao-dong-pho-thong-bao-ve
2287,nhan-su-hanh-chinh,nhan-su-hanh-chinh-van-phong
2288,y-te-duoc,y-te-duoc-y-te
2289,lao-dong-pho-thong,lao-dong-pho-thong-lai-xe
2290,,
2291,lao-dong-pho-thong,lao-dong-pho-thong-lai-xe
2292,lao-dong-pho-thong,lao-dong-pho-thong-lai-xe
2293,lao-dong-pho-thong,lao-dong-pho-thong-lai-xe
2294,nhan-su-hanh-chinh,nhan-su-hanh-chinh-van-phong
2295,,
2296,lao-dong-pho-thong,lao-dong-pho-thong-lai-xe
2297,lao-dong-pho-thong,lao-dong-pho-thong-lai-xe
2298,lao-dong-pho-thong,lao-dong-pho-thong-lai-xe
2299,lao-dong-pho-thong,lao-dong-pho-thong-lai-xe
2300,lao-dong-pho-thong,lao-dong-pho-thong-lai-xe
2301,lao-dong-pho-thong,lao-dong-pho-thong-lai-xe
2302,nhan-su-hanh-chinh,nhan-su-hanh-chinh-van-phong
2303,lao-dong-pho-thong,lao-dong-pho-thong-lai-xe
2304,,
2305,,
2306,van-tai-logistics,van-tai-giao-nhan
2307,lao-dong-pho-thong,lao-dong-pho-thong-lai-xe
2308,lao-dong-pho-thong,lao-dong-pho-thong-lai-xe
2309,kinh-doanh-ban-hang,kinh-doanh-ban-hang-thu-ngan
2310,lao-dong-pho-thong,lao-dong-pho-thong-lai-xe
2311,lao-dong-pho-thong,lao-dong-pho-thong-lai-xe
2312,lao-dong-pho-thong,lao-dong-pho-thong-lai-xe
2313,y-te-duoc,y-te-duoc-y-te
2314,lao-dong-pho-thong,lao-dong-pho-thong-lai-xe
2315,lao-dong-pho-thong,lao-dong-pho-thong-lai-xe
2316,van-tai-logistics,van-tai-giao-nhan
2317,lao-dong-pho-thong,lao-dong-pho-thong-lai-xe
2318,lao-dong-pho-thong,lao-dong-pho-thong-lai-xe
2319,giao-duc-dao-tao,giao-duc-giang-day
2320,xay-dung,xay-dung-ky-su
2321,lao-dong-pho-thong,lao-dong-pho-thong-lai-xe
2322,,
2323,kinh-doanh-ban-hang,kinh-doanh-ban-hang-tong-hop
2324,lao-dong-pho-thong,lao-dong-pho-thong-lai-xe
2325,lao-dong-pho-thong,lao-dong-pho-thong-lai-xe
2326,,
2327,lao-dong-pho-thong,lao-dong-pho-thong-lai-xe
2328,co-khi-che-tao,co-khi-che-tao-co-khi
2329,dich-vu-khach-hang,dich-vu-khach-hang-cskh
2330,lao-dong-pho-thong,lao-dong-pho-thong-lai-xe
2331,van-tai-logistics,van-tai-giao-nhan
2332,nhan-su-hanh-chinh,nhan-su-hanh-chinh-van-phong
2333,,
2334,lao-dong-pho-thong,lao-dong-pho-thong-lai-xe
2335,lao-dong-pho-thong,lao-dong-pho-thong-lai-xe
2336,lao-dong-pho-thong,lao-dong-pho-thong-lai-xe
2337,lao-dong-pho-thong,lao-dong-pho-thong-lai-xe
2338,lao-dong-pho-thong,lao-dong-pho-thong-lai-xe
2339,lao-dong-pho-thong,lao-dong-pho-thong-lai-xe
2340,san-xuat-qa-qc,san-xuat-thuc-pham
2341,lao-dong-pho-thong,lao-dong-pho-thong-lai-xe
2342,lao-dong-pho-thong,lao-dong-pho-thong-lai-xe
2343,,
2344,lao-dong-pho-thong,lao-dong-pho-thong-lai-xe
2345,lao-dong-pho-thong,lao-dong-pho-thong-lai-xe
2346,lao-dong-pho-thong,lao-dong-pho-thong-lai-xe
2347,marketing-truyen-thong,marketing-bien-phien-dich
2348,lao-dong-pho-thong,lao-dong-pho-thong-lai-xe
2349,lao-dong-pho-thong,lao-dong-pho-thong-lai-xe
2350,ke-toan-tai-chinh,ke-toan-tai-chinh-kiem-toan
2351,lao-dong-pho-thong,lao-dong-pho-thong-lai-xe
2352,,
2353,co-khi-che-tao,co-khi-che-tao-co-khi
2354,lao-dong-pho-thong,lao-dong-pho-thong-lai-xe
2355,,
2356,lao-dong-pho-thong,lao-dong-pho-thong-lai-xe
2357,,
2358,lao-dong-pho-thong,lao-dong-pho-thong-lai-xe
2359,dich-vu-khach-hang,dich-vu-khach-hang-cskh
2360,lao-dong-pho-thong,lao-dong-pho-thong-lai-xe
2361,nhan-su-hanh-chinh,nhan-su-hanh-chinh-van-phong
2362,,
2363,lao-dong-pho-thong,lao-dong-pho-thong-lai-xe
2364,lao-dong-pho-thong,lao-dong-pho-thong-lai-xe
2365,kinh-doanh-ban-hang,kinh-doanh-ban-hang-tong-hop
2366,lao-dong-pho-thong,lao-dong-pho-thong-lai-xe
2367,lao-dong-pho-thong,lao-dong-pho-thong-lai-xe
2368,,
2369,kinh-doanh-ban-hang,kinh-doanh-ban-hang-ban-hang
2370,kinh-doanh-ban-hang,kinh-doanh-ban-hang-tong-hop
2371,dich-vu-khach-hang,dich-vu-khach-hang-cskh
2372,xay-dung,xay-dung-ky-su
2373,lao-dong-pho-thong,lao-dong-pho-thong-lai-xe
2374,giao-duc-dao-tao,giao-duc-giang-day
2375,nhan-su-hanh-chinh,nhan-su-hanh-chinh-van-phong
2376,kinh-doanh-ban-hang,kinh-doanh-ban-hang-ban-hang
2377,nhan-su-hanh-chinh,nhan-su-hanh-chinh-van-phong
2378,lao-dong-pho-thong,lao-dong-pho-thong-lai-xe
2379,xay-dung,xay-dung-ky-su
2380,lao-dong-pho-thong,lao-dong-pho-thong-lai-xe
2381,,
2382,lao-dong-pho-thong,lao-dong-pho-thong-lai-xe
2383,lao-dong-pho-thong,lao-dong-pho-thong-lai-xe
2384,,
2385,lao-dong-pho-thong,lao-dong-pho-thong-lai-xe
2386,,
2387,nhan-su-hanh-chinh,nhan-su-hanh-chinh-van-phong
2388,xay-dung,xay-dung-ky-su
2389,lao-dong-pho-thong,lao-dong-pho-thong-lai-xe
2390,marketing-truyen-thong,marketing-bien-phien-dich
2391,khach-san-nha-hang-du-lich,khach-san-khach-san
2392,nhan-su-hanh-chinh,nhan-su-hanh-chinh-van-phong
2393,lao-dong-pho-thong,lao-dong-pho-thong-lai-xe
2394,lao-dong-pho-thong,lao-dong-pho-thong-lai-xe
2395,lao-dong-pho-thong,lao-dong-pho-thong-lai-xe
2396,lao-dong-pho-thong,lao-dong-pho-thong-lai-xe
2397,kinh-doanh-ban-hang,kinh-doanh-ban-hang-tong-hop
2398,,
2399,lao-dong-pho-thong,lao-dong-pho-thong-lai-xe
2400,cntt,cntt-phan-cung-mang
2401,lao-dong-pho-thong,lao-dong-pho-thong-lai-xe
2402,lao-dong-pho-thong,lao-dong-pho-thong-lai-xe
2403,lao-dong-pho-thong,lao-dong-pho-thong-tap-vu
2404,nhan-su-hanh-chinh,nhan-su-hanh-chinh-van-phong
2405,lao-dong-pho-thong,lao-dong-pho-thong-lai-xe
2406,lao-dong-pho-thong,lao-dong-pho-thong-lai-xe
2407,lao-dong-pho-thong,lao-dong-pho-thong-lai-xe
2408,lao-dong-pho-thong,lao-dong-pho-thong-lai-xe
2409,lao-dong-pho-thong,lao-dong-pho-thong-lai-xe
2410,xay-dung,xay-dung-ky-su
2411,lao-dong-pho-thong,lao-dong-pho-thong-lai-xe
2412,nhan-su-hanh-chinh,nhan-su-hanh-chinh-van-phong
2413,nhan-su-hanh-chinh,nhan-su-hanh-chinh-van-phong
2414,y-te-duoc,y-te-duoc-y-te
2415,,
2416,cntt,cntt-phat-trien-phan-mem
2417,lao-dong-pho-thong,lao-dong-pho-thong-lai-xe
2418,lao-dong-pho-thong,lao-dong-pho-thong-lai-xe
2419,van-tai-logistics,van-tai-giao-nhan
2420,nhan-su-hanh-chinh,nhan-su-hanh-chinh-van-phong
2421,,
2422,lao-dong-pho-thong,lao-dong-pho-thong-lai-xe
2423,kinh-doanh-ban-hang,kinh-doanh-ban-hang-tong-hop
2424,nhan-su-hanh-chinh,nhan-su-hanh-chinh-van-phong
2425,marketing-truyen-thong,marketing-tong-hop
2426,lao-dong-pho-thong,lao-dong-pho-thong-lai-xe
2427,ke-toan-tai-chinh,ke-toan-tai-chinh-kiem-toan
2428,van-tai-logistics,van-tai-giao-nhan
2429,dich-vu-khach-hang,dich-vu-khach-hang-cskh
2430,lao-dong-pho-thong,lao-dong-pho-thong-lai-xe
2431,lao-dong-pho-thong,lao-dong-pho-thong-lai-xe
2432,lao-dong-pho-thong,lao-dong-pho-thong-lai-xe
2433,dich-vu-khach-hang,dich-vu-khach-hang-cskh
2434,lao-dong-pho-thong,lao-dong-pho-thong-lai-xe
2435,nhan-su-hanh-chinh,nhan-su-hanh-chinh-van-phong
2436,kinh-doanh-ban-hang,kinh-doanh-ban-hang-tong-hop
2437,lao-dong-pho-thong,lao-dong-pho-thong-lai-xe
2438,kinh-doanh-ban-hang,kinh-doanh-ban-hang-tong-hop
2439,lao-dong-pho-thong,lao-dong-pho-thong-lai-xe
2440,lao-dong-pho-thong,lao-dong-pho-thong-lai-xe
2441,nhan-su-hanh-chinh,nhan-su-hanh-chinh-van-phong
2442,lao-dong-pho-thong,lao-dong-pho-thong-lai-xe
2443,van-tai-logistics,van-tai-giao-nhan
2444,lao-dong-pho-thong,lao-dong-pho-thong-lai-xe
2445,lao-dong-pho-thong,lao-dong-pho-thong-tap-vu
2446,lao-dong-pho-thong,lao-dong-pho-thong-lai-xe
2447,,
2448,lao-dong-pho-thong,lao-dong-pho-thong-lai-xe
2449,,
2450,,
2451,nhan-su-hanh-chinh,nhan-su-hanh-chinh-van-phong
2452,lao-dong-pho-thong,lao-dong-pho-thong-lai-xe
2453,dich-vu-khach-hang,dich-vu-khach-hang-cskh
2454,lao-dong-pho-thong,lao-dong-pho-thong-lai-xe
2455,lao-dong-pho-thong,lao-dong-pho-thong-lai-xe
2456,lao-dong-pho-thong,lao-dong-pho-thong-lai-xe
2457,co-khi-che-tao,co-khi-che-tao-co-khi
2458,lao-dong-pho-thong,lao-dong-pho-thong-lai-xe
2459,lao-dong-pho-thong,lao-dong-pho-thong-lai-xe
2460,thiet-ke-kien-truc,thiet-ke-my-thuat
2461,,
2462,van-tai-logistics,van-tai-giao-nhan
2463,lao-dong-pho-thong,lao-dong-pho-thong-lai-xe
2464,lao-dong-pho-thong,lao-dong-pho-thong-lai-xe
2465,lao-dong-pho-thong,lao-dong-pho-thong-lai-xe
2466,nhan-su-hanh-chinh,nhan-su-hanh-chinh-van-phong
2467,,
2468,marketing-truyen-thong,marketing-tong-hop
2469,lao-dong-pho-thong,lao-dong-pho-thong-lai-xe
2470,marketing-truyen-thong,marketing-bien-phien-dich
2471,marketing-truyen-thong,marketing-tong-hop
2472,,
2473,lao-dong-pho-thong,lao-dong-pho-thong-lai-xe
2474,lao-dong-pho-thong,lao-dong-pho-thong-lai-xe
2475,lao-dong-pho-thong,lao-dong-pho-thong-lai-xe
2476,,
2477,lao-dong-pho-thong,lao-dong-pho-thong-lai-xe
2478,,
2479,dich-vu-khach-hang,dich-vu-khach-hang-cskh
2480,lao-dong-pho-thong,lao-dong-pho-thong-lai-xe
2481,nhan-su-hanh-chinh,nhan-su-hanh-chinh-van-phong
2482,lao-dong-pho-thong,lao-dong-pho-thong-lai-xe
2483,lao-dong-pho-thong,lao-dong-pho-thong-lai-xe
2484,lao-dong-pho-thong,lao-dong-pho-thong-lai-xe
2485,lao-dong-pho-thong,lao-dong-pho-thong-lai-xe
2486,nhan-su-hanh-chinh,nhan-su-hanh-chinh-van-phong
2487,co-khi-che-tao,co-khi-che-tao-co-khi
2488,lao-dong-pho-thong,lao-dong-pho-thong-lai-xe
2489,lao-dong-pho-thong,lao-dong-pho-thong-lai-xe
2490,lao-dong-pho-thong,lao-dong-pho-thong-lai-xe
2491,ke-toan-tai-chinh,ke-toan-tai-chinh-kiem-toan
2492,cntt,cntt-phan-cung-mang
2493,giao-duc-dao-tao,giao-duc-giang-day
2494,lao-dong-pho-thong,lao-dong-pho-thong-lai-xe
2495,ke-toan-tai-chinh,ke-toan-tai-chinh-kiem-toan
2496,dich-vu-khach-hang,dich-vu-khach-hang-cskh
2497,lao-dong-pho-thong,lao-dong-pho-thong-lai-xe
2498,lao-dong-pho-thong,lao-dong-pho-thong-lai-xe
2499,lao-dong-pho-thong,lao-dong-pho-thong-lai-xe
2500,lao-dong-pho-thong,lao-dong-pho-thong-lai-xe
2501,kinh-doanh-ban-hang,kinh-doanh-ban-hang-tong-hop
2502,lao-dong-pho-thong,lao-dong-pho-thong-lai-xe
2503,lao-dong-pho-thong,lao-dong-pho-thong-lai-xe
2504,lao-dong-pho-thong,lao-dong-pho-thong-lai-xe
2505,ke-toan-tai-chinh,ke-toan-tai-chinh-kiem-toan
2506,lao-dong-pho-thong,lao-dong-pho-thong-lai-xe
2507,lao-dong-pho-thong,lao-dong-pho-thong-lai-xe
2508,lao-dong-pho-thong,lao-dong-pho-thong-lai-xe
2509,lao-dong-pho-thong,lao-dong-pho-thong-lai-xe
2510,xay-dung,xay-dung-ky-su
2511,lao-dong-pho-thong,lao-dong-pho-thong-lai-xe
2512,lao-dong-pho-thong,lao-dong-pho-thong-lai-xe
2513,lao-dong-pho-thong,lao-dong-pho-thong-lai-xe
2514,lao-dong-pho-thong,lao-dong-pho-thong-lai-xe
2515,khach-san-nha-hang-du-lich,khach-san-du-lich-le-hanh
2516,nhan-su-hanh-chinh,nhan-su-hanh-chinh-van-phong
2517,khach-san-nha-hang-du-lich,khach-san-spa-lam-dep
2518,nhan-su-hanh-chinh,nhan-su-hanh-chinh-van-phong
2519,lao-dong-pho-thong,lao-dong-pho-thong-lai-xe
2520,marketing-truyen-thong,marketing-bien-phien-dich
2521,lao-dong-pho-thong,lao-dong-pho-thong-lai-xe
2522,san-xuat-qa-qc,san-xuat-moi-truong
2523,lao-dong-pho-thong,lao-dong-pho-thong-lai-xe
2524,lao-dong-pho-thong,lao-dong-pho-thong-lai-xe
2525,lao-dong-pho-thong,lao-dong-pho-thong-lai-xe
2526,lao-dong-pho-thong,lao-dong-pho-thong-lai-xe
2527,lao-dong-pho-thong,lao-dong-pho-thong-lai-xe
2528,lao-dong-pho-thong,lao-dong-pho-thong-lai-xe
2529,nhan-su-hanh-chinh,nhan-su-hanh-chinh-van-phong
2530,ke-toan-tai-chinh,ke-toan-tai-chinh-tai-chinh
2531,kinh-doanh-ban-hang,kinh-doanh-ban-hang-tong-hop
2532,san-xuat-qa-qc,san-xuat-thuc-pham
2533,ke-toan-tai-chinh,ke-toan-tai-chinh-kiem-toan
2534,san-xuat-qa-qc,san-xuat-quan-ly
2535,san-xuat-qa-qc,san-xuat-det-may
2536,lao-dong-pho-thong,lao-dong-pho-thong-lai-xe
2537,giao-duc-dao-tao,giao-duc-giang-day
2538,dich-vu-khach-hang,dich-vu-khach-hang-cskh
2539,kinh-doanh-ban-hang,kinh-doanh-ban-hang-tong-hop
2540,lao-dong-pho-thong,lao-dong-pho-thong-lai-xe
2541,lao-dong-pho-thong,lao-dong-pho-thong-lai-xe
2542,nhan-su-hanh-chinh,nhan-su-hanh-chinh-van-phong
2543,khach-san-nha-hang-du-lich,khach-san-nha-hang-fb
2544,marketing-truyen-thong,marketing-bien-phien-dich
2545,lao-dong-pho-thong,lao-dong-pho-thong-lai-xe
2546,,
2547,lao-dong-pho-thong,lao-dong-pho-thong-lai-xe
2548,lao-dong-pho-thong,lao-dong-pho-thong-lai-xe
2549,kinh-doanh-ban-hang,kinh-doanh-ban-hang-tong-hop
2550,lao-dong-pho-thong,lao-dong-pho-thong-lai-xe
2551,y-te-duoc,y-te-duoc-y-te
2552,,
2553,nhan-su-hanh-chinh,nhan-su-hanh-chinh-van-phong
2554,lao-dong-pho-thong,lao-dong-pho-thong-lai-xe
2555,ke-toan-tai-chinh,ke-toan-tai-chinh-bao-hiem
2556,lao-dong-pho-thong,lao-dong-pho-thong-lai-xe
2557,van-tai-logistics,van-tai-giao-nhan
2558,san-xuat-qa-qc,san-xuat-quan-ly
2559,lao-dong-pho-thong,lao-dong-pho-thong-lai-xe
2560,khach-san-nha-hang-du-lich,khach-san-spa-lam-dep
2561,khach-san-nha-hang-du-lich,khach-san-nha-hang-fb
2562,dich-vu-khach-hang,dich-vu-khach-hang-cskh
2563,lao-dong-pho-thong,lao-dong-pho-thong-lai-xe
2564,nhan-su-hanh-chinh,nhan-su-hanh-chinh-van-phong
2565,lao-dong-pho-thong,lao-dong-pho-thong-lai-xe
2566,khach-san-nha-hang-du-lich,khach-san-khach-san
2567,lao-dong-pho-thong,lao-dong-pho-thong-lai-xe
2568,co-khi-che-tao,co-khi-che-tao-co-khi
2569,van-tai-logistics,van-tai-giao-nhan
2570,marketing-truyen-thong,marketing-tong-hop
2571,lao-dong-pho-thong,lao-dong-pho-thong-lai-xe
2572,,
2573,marketing-truyen-thong,marketing-tong-hop
2574,lao-dong-pho-thong,lao-dong-pho-thong-lai-xe
2575,lao-dong-pho-thong,lao-dong-pho-thong-lai-xe
2576,lao-dong-pho-thong,lao-dong-pho-thong-lai-xe
2577,lao-dong-pho-thong,lao-dong-pho-thong-lai-xe
2578,lao-dong-pho-thong,lao-dong-pho-thong-lai-xe
2579,lao-dong-pho-thong,lao-dong-pho-thong-lai-xe
2580,lao-dong-pho-thong,lao-dong-pho-thong-tap-vu
2581,lao-dong-pho-thong,lao-dong-pho-thong-lai-xe
2582,lao-dong-pho-thong,lao-dong-pho-thong-lai-xe
2583,san-xuat-qa-qc,san-xuat-quan-ly
2584,lao-dong-pho-thong,lao-dong-pho-thong-lai-xe
2585,,
2586,lao-dong-pho-thong,lao-dong-pho-thong-lai-xe
2587,cntt,cntt-phat-trien-phan-mem
2588,,
2589,,
2590,lao-dong-pho-thong,lao-dong-pho-thong-lai-xe
2591,,
2592,lao-dong-pho-thong,lao-dong-pho-thong-lai-xe
2593,lao-dong-pho-thong,lao-dong-pho-thong-lai-xe
2594,,
2595,lao-dong-pho-thong,lao-dong-pho-thong-lai-xe
2596,marketing-truyen-thong,marketing-bien-phien-dich
2597,lao-dong-pho-thong,lao-dong-pho-thong-lai-xe
2598,lao-dong-pho-thong,lao-dong-pho-thong-lai-xe
2599,lao-dong-pho-thong,lao-dong-pho-thong-lai-xe
2600,marketing-truyen-thong,marketing-tong-hop
2601,lao-dong-pho-thong,lao-dong-pho-thong-lai-xe
2602,,
2603,lao-dong-pho-thong,lao-dong-pho-thong-lai-xe
2604,lao-dong-pho-thong,lao-dong-pho-thong-lai-xe
2605,marketing-truyen-thong,marketing-tong-hop
2606,van-tai-logistics,van-tai-logistics-kho-van
2607,nhan-su-hanh-chinh,nhan-su-hanh-chinh-van-phong
2608,lao-dong-pho-thong,lao-dong-pho-thong-lai-xe
2609,lao-dong-pho-thong,lao-dong-pho-thong-lai-xe
2610,,
2611,dich-vu-khach-hang,dich-vu-khach-hang-cskh
2612,nhan-su-hanh-chinh,nhan-su-hanh-chinh-van-phong
2613,nhan-su-hanh-chinh,nhan-su-phap-ly-phap-che
2614,khach-san-nha-hang-du-lich,khach-san-nha-hang-fb
2615,lao-dong-pho-thong,lao-dong-pho-thong-lai-xe
2616,,
2617,van-tai-logistics,van-tai-logistics-kho-van
2618,san-xuat-qa-qc,san-xuat-thuc-pham
2619,van-tai-logistics,van-tai-logistics-kho-van
2620,lao-dong-pho-thong,lao-dong-pho-thong-lai-xe
2621,,
2622,kinh-doanh-ban-hang,kinh-doanh-ban-hang-tong-hop
2623,kinh-doanh-ban-hang,kinh-doanh-ban-hang-tong-hop
2624,lao-dong-pho-thong,lao-dong-pho-thong-lai-xe
2625,,
2626,lao-dong-pho-thong,lao-dong-pho-thong-lai-xe
2627,kinh-doanh-ban-hang,kinh-doanh-ban-hang-ban-hang
2628,lao-dong-pho-thong,lao-dong-pho-thong-lai-xe
2629,lao-dong-pho-thong,lao-dong-pho-thong-tap-vu
2630,,
2631,lao-dong-pho-thong,lao-dong-pho-thong-lai-xe
2632,lao-dong-pho-thong,lao-dong-pho-thong-lai-xe
2633,lao-dong-pho-thong,lao-dong-pho-thong-lai-xe
2634,nhan-su-hanh-chinh,nhan-su-hanh-chinh-van-phong
2635,kinh-doanh-ban-hang,kinh-doanh-ban-hang-tong-hop
2636,lao-dong-pho-thong,lao-dong-pho-thong-lai-xe
2637,lao-dong-pho-thong,lao-dong-pho-thong-lai-xe
2638,lao-dong-pho-thong,lao-dong-pho-thong-lai-xe
2639,marketing-truyen-thong,marketing-tong-hop
2640,khach-san-nha-hang-du-lich,khach-san-khach-san
2641,ke-toan-tai-chinh,ke-toan-tai-chinh-kiem-toan
2642,lao-dong-pho-thong,lao-dong-pho-thong-lai-xe
2643,xay-dung,xay-dung-ky-su
2644,,
2645,san-xuat-qa-qc,san-xuat-thuc-pham
2646,cntt,cntt-phat-trien-phan-mem
2647,kinh-doanh-ban-hang,kinh-doanh-ban-hang-tong-hop
2648,lao-dong-pho-thong,lao-dong-pho-thong-lai-xe
2649,lao-dong-pho-thong,lao-dong-pho-thong-lai-xe
2650,,
2651,lao-dong-pho-thong,lao-dong-pho-thong-lai-xe
2652,lao-dong-pho-thong,lao-dong-pho-thong-lai-xe
2653,ke-toan-tai-chinh,ke-toan-tai-chinh-kiem-toan
2654,,
2655,khach-san-nha-hang-du-lich,khach-san-khach-san
2656,lao-dong-pho-thong,lao-dong-pho-thong-lai-xe
2657,,
2658,marketing-truyen-thong,marketing-tong-hop
2659,dich-vu-khach-hang,dich-vu-khach-hang-cskh
2660,kinh-doanh-ban-hang,kinh-doanh-ban-hang-tong-hop
2661,,
2662,lao-dong-pho-thong,lao-dong-pho-thong-lai-xe
2663,thiet-ke-kien-truc,thiet-ke-kien-truc-kien-truc
2664,lao-dong-pho-thong,lao-dong-pho-thong-lai-xe
2665,lao-dong-pho-thong,lao-dong-pho-thong-lai-xe
2666,nhan-su-hanh-chinh,nhan-su-hanh-chinh-van-phong
2667,lao-dong-pho-thong,lao-dong-pho-thong-lai-xe
2668,,
2669,lao-dong-pho-thong,lao-dong-pho-thong-lai-xe
2670,ke-toan-tai-chinh,ke-toan-tai-chinh-kiem-toan
2671,,
2672,,
2673,lao-dong-pho-thong,lao-dong-pho-thong-lai-xe
2674,nhan-su-hanh-chinh,nhan-su-hanh-chinh-van-phong
2675,lao-dong-pho-thong,lao-dong-pho-thong-lai-xe
2676,san-xuat-qa-qc,san-xuat-my-pham
2677,lao-dong-pho-thong,lao-dong-pho-thong-lai-xe
2678,nhan-su-hanh-chinh,nhan-su-hanh-chinh-van-phong
2679,co-khi-che-tao,co-khi-che-tao-co-khi
2680,kinh-doanh-ban-hang,kinh-doanh-ban-hang-tong-hop
2681,lao-dong-pho-thong,lao-dong-pho-thong-lai-xe
2682,lao-dong-pho-thong,lao-dong-pho-thong-lai-xe
2683,marketing-truyen-thong,marketing-tong-hop
2684,nhan-su-hanh-chinh,nhan-su-hanh-chinh-van-phong
2685,lao-dong-pho-thong,lao-dong-pho-thong-lai-xe
2686,lao-dong-pho-thong,lao-dong-pho-thong-lai-xe
2687,lao-dong-pho-thong,lao-dong-pho-thong-lai-xe
2688,lao-dong-pho-thong,lao-dong-pho-thong-lai-xe
2689,cntt,cntt-phat-trien-phan-mem
2690,lao-dong-pho-thong,lao-dong-pho-thong-lai-xe
2691,lao-dong-pho-thong,lao-dong-pho-thong-lai-xe
2692,van-tai-logistics,van-tai-giao-nhan
2693,khach-san-nha-hang-du-lich,khach-san-spa-lam-dep
2694,khach-san-nha-hang-du-lich,khach-san-du-lich-le-hanh
2695,lao-dong-pho-thong,lao-dong-pho-thong-lai-xe
2696,lao-dong-pho-thong,lao-dong-pho-thong-lai-xe
2697,kinh-doanh-ban-hang,kinh-doanh-ban-hang-tong-hop
2698,ke-toan-tai-chinh,ke-toan-tai-chinh-kiem-toan
2699,lao-dong-pho-thong,lao-dong-pho-thong-lai-xe
2700,lao-dong-pho-thong,lao-dong-pho-thong-lai-xe
2701,lao-dong-pho-thong,lao-dong-pho-thong-lai-xe
2702,giao-duc-dao-tao,giao-duc-giang-day
2703,lao-dong-pho-thong,lao-dong-pho-thong-lai-xe
2704,lao-dong-pho-thong,lao-dong-pho-thong-lai-xe
2705,,
2706,lao-dong-pho-thong,lao-dong-pho-thong-lai-xe
2707,nhan-su-hanh-chinh,nhan-su-hanh-chinh-van-phong
2708,lao-dong-pho-thong,lao-dong-pho-thong-lai-xe
2709,lao-dong-pho-thong,lao-dong-pho-thong-lai-xe
2710,lao-dong-pho-thong,lao-dong-pho-thong-lai-xe
2711,lao-dong-pho-thong,lao-dong-pho-thong-lai-xe
2712,lao-dong-pho-thong,lao-dong-pho-thong-lai-xe
2713,van-tai-logistics,van-tai-giao-nhan
2714,giao-duc-dao-tao,giao-duc-giang-day
2715,nhan-su-hanh-chinh,nhan-su-hanh-chinh-van-phong
2716,y-te-duoc,y-te-duoc-y-te
2717,van-tai-logistics,van-tai-giao-nhan
2718,cntt,cntt-phan-cung-mang
2719,,
2720,lao-dong-pho-thong,lao-dong-pho-thong-lai-xe
2721,,
2722,nhan-su-hanh-chinh,nhan-su-hanh-chinh-van-phong
2723,lao-dong-pho-thong,lao-dong-pho-thong-lai-xe
2724,lao-dong-pho-thong,lao-dong-pho-thong-lai-xe
2725,,
2726,lao-dong-pho-thong,lao-dong-pho-thong-lai-xe
2727,lao-dong-pho-thong,lao-dong-pho-thong-lai-xe
2728,giao-duc-dao-tao,giao-duc-giang-day
2729,lao-dong-pho-thong,lao-dong-pho-thong-lai-xe
2730,lao-dong-pho-thong,lao-dong-pho-thong-lai-xe
2731,lao-dong-pho-thong,lao-dong-pho-thong-lai-xe
2732,lao-dong-pho-thong,lao-dong-pho-thong-lai-xe
2733,,
2734,lao-dong-pho-thong,lao-dong-pho-thong-lai-xe
2735,,
2736,lao-dong-pho-thong,lao-dong-pho-thong-lai-xe
2737,lao-dong-pho-thong,lao-dong-pho-thong-lai-xe
2738,,
2739,lao-dong-pho-thong,lao-dong-pho-thong-lai-xe
2740,lao-dong-pho-thong,lao-dong-pho-thong-lai-xe
2741,,
2742,lao-dong-pho-thong,lao-dong-pho-thong-lai-xe
2743,,
2744,kinh-doanh-ban-hang,kinh-doanh-ban-hang-tong-hop
2745,marketing-truyen-thong,marketing-bien-phien-dich
2746,lao-dong-pho-thong,lao-dong-pho-thong-lai-xe
2747,lao-dong-pho-thong,lao-dong-pho-thong-lai-xe
2748,lao-dong-pho-thong,lao-dong-pho-thong-lai-xe
2749,kinh-doanh-ban-hang,kinh-doanh-ban-hang-tong-hop
2750,,
2751,lao-dong-pho-thong,lao-dong-pho-thong-lai-xe
2752,lao-dong-pho-thong,lao-dong-pho-thong-lai-xe
2753,ke-toan-tai-chinh,ke-toan-tai-chinh-kiem-toan
2754,,
2755,lao-dong-pho-thong,lao-dong-pho-thong-lai-xe
2756,co-khi-che-tao,co-khi-che-tao-co-khi
2757,lao-dong-pho-thong,lao-dong-pho-thong-lai-xe
2758,kinh-doanh-ban-hang,kinh-doanh-ban-hang-ban-hang
2759,,
2760,,
2761,lao-dong-pho-thong,lao-dong-pho-thong-lai-xe
2762,lao-dong-pho-thong,lao-dong-pho-thong-lai-xe
2763,lao-dong-pho-thong,lao-dong-pho-thong-lai-xe
2764,,
2765,lao-dong-pho-thong,lao-dong-pho-thong-lai-xe
2766,nhan-su-hanh-chinh,nhan-su-hanh-chinh-van-phong
2767,lao-dong-pho-thong,lao-dong-pho-thong-lai-xe
2768,,
2769,van-tai-logistics,van-tai-giao-nhan
2770,kinh-doanh-ban-hang,kinh-doanh-ban-hang-tong-hop
2771,lao-dong-pho-thong,lao-dong-pho-thong-lai-xe
2772,lao-dong-pho-thong,lao-dong-pho-thong-lai-xe
2773,,
2774,lao-dong-pho-thong,lao-dong-pho-thong-lai-xe
2775,nhan-su-hanh-chinh,nhan-su-hanh-chinh-van-phong
2776,nhan-su-hanh-chinh,nhan-su-thu-ky-tro-ly
2777,lao-dong-pho-thong,lao-dong-pho-thong-lai-xe
2778,ke-toan-tai-chinh,ke-toan-tai-chinh-bao-hiem
2779,lao-dong-pho-thong,lao-dong-pho-thong-lai-xe
2780,san-xuat-qa-qc,san-xuat-qa-qc-qa-qc
2781,,
2782,lao-dong-pho-thong,lao-dong-pho-thong-lai-xe
2783,lao-dong-pho-thong,lao-dong-pho-thong-lai-xe
2784,lao-dong-pho-thong,lao-dong-pho-thong-lai-xe
2785,kinh-doanh-ban-hang,kinh-doanh-ban-hang-ban-hang
2786,lao-dong-pho-thong,lao-dong-pho-thong-lai-xe
2787,lao-dong-pho-thong,lao-dong-pho-thong-lai-xe
2788,y-te-duoc,y-te-duoc-y-te
2789,lao-dong-pho-thong,lao-dong-pho-thong-lai-xe
2790,kinh-doanh-ban-hang,kinh-doanh-ban-hang-tong-hop
2791,y-te-duoc,y-te-duoc-y-te
2792,marketing-truyen-thong,marketing-tong-hop
2793,ke-toan-tai-chinh,ke-toan-tai-chinh-kiem-toan
2794,ke-toan-tai-chinh,ke-toan-tai-chinh-bao-hiem
2795,lao-dong-pho-thong,lao-dong-pho-thong-lai-xe
2796,,
2797,marketing-truyen-thong,marketing-truyen-thong-pr
2798,co-khi-che-tao,co-khi-che-tao-co-khi
2799,,
2800,lao-dong-pho-thong,lao-dong-pho-thong-lai-xe
2801,,
2802,lao-dong-pho-thong,lao-dong-pho-thong-lai-xe
2803,lao-dong-pho-thong,lao-dong-pho-thong-lai-xe
2804,,
2805,kinh-doanh-ban-hang,kinh-doanh-ban-hang-tong-hop
2806,khach-san-nha-hang-du-lich,khach-san-du-lich-le-hanh
2807,giao-duc-dao-tao,giao-duc-giang-day
2808,lao-dong-pho-thong,lao-dong-pho-thong-lai-xe
2809,lao-dong-pho-thong,lao-dong-pho-thong-lai-xe
2810,cntt,cntt-phat-trien-phan-mem
2811,kinh-doanh-ban-hang,kinh-doanh-ban-hang-tong-hop
2812,lao-dong-pho-thong,lao-dong-pho-thong-lai-xe
2813,lao-dong-pho-thong,lao-dong-pho-thong-lai-xe
2814,lao-dong-pho-thong,lao-dong-pho-thong-lai-xe
2815,lao-dong-pho-thong,lao-dong-pho-thong-lai-xe
2816,cntt,cntt-phan-cung-mang
2817,lao-dong-pho-thong,lao-dong-pho-thong-lai-xe
2818,lao-dong-pho-thong,lao-dong-pho-thong-lai-xe
2819,lao-dong-pho-thong,lao-dong-pho-thong-lai-xe
2820,lao-dong-pho-thong,lao-dong-pho-thong-lai-xe
2821,,
2822,ke-toan-tai-chinh,ke-toan-tai-chinh-kiem-toan
2823,y-te-duoc,y-te-duoc-y-te
2824,ke-toan-tai-chinh,ke-toan-tai-chinh-tai-chinh
2825,lao-dong-pho-thong,lao-dong-pho-thong-lai-xe
2826,dich-vu-khach-hang,dich-vu-khach-hang-cskh
2827,lao-dong-pho-thong,lao-dong-pho-thong-lai-xe
2828,nhan-su-hanh-chinh,nhan-su-hanh-chinh-van-phong
2829,lao-dong-pho-thong,lao-dong-pho-thong-lai-xe
2830,,
2831,lao-dong-pho-thong,lao-dong-pho-thong-lai-xe
2832,san-xuat-qa-qc,san-xuat-qa-qc-qa-qc
2833,lao-dong-pho-thong,lao-dong-pho-thong-lai-xe
2834,lao-dong-pho-thong,lao-dong-pho-thong-lai-xe
2835,van-tai-logistics,van-tai-giao-nhan
2836,lao-dong-pho-thong,lao-dong-pho-thong-lai-xe
2837,marketing-truyen-thong,marketing-bien-phien-dich
2838,marketing-truyen-thong,marketing-bien-phien-dich
2839,lao-dong-pho-thong,lao-dong-pho-thong-lai-xe
2840,lao-dong-pho-thong,lao-dong-pho-thong-lai-xe
2841,san-xuat-qa-qc,san-xuat-quan-ly
2842,lao-dong-pho-thong,lao-dong-pho-thong-lai-xe
2843,lao-dong-pho-thong,lao-dong-pho-thong-lai-xe
2844,lao-dong-pho-thong,lao-dong-pho-thong-lai-xe
2845,kinh-doanh-ban-hang,kinh-doanh-ban-hang-ban-hang
2846,lao-dong-pho-thong,lao-dong-pho-thong-lai-xe
2847,marketing-truyen-thong,marketing-bien-phien-dich
2848,,
2849,lao-dong-pho-thong,lao-dong-pho-thong-lai-xe
2850,lao-dong-pho-thong,lao-dong-pho-thong-lai-xe
2851,lao-dong-pho-thong,lao-dong-pho-thong-lai-xe
2852,,
2853,ke-toan-tai-chinh,ke-toan-tai-chinh-kiem-toan
2854,nhan-su-hanh-chinh,nhan-su-hanh-chinh-van-phong
2855,,
2856,,
2857,,
2858,lao-dong-pho-thong,lao-dong-pho-thong-lai-xe
2859,lao-dong-pho-thong,lao-dong-pho-thong-lai-xe
2860,lao-dong-pho-thong,lao-dong-pho-thong-lai-xe
2861,kinh-doanh-ban-hang,kinh-doanh-ban-hang-tong-hop
2862,ke-toan-tai-chinh,ke-toan-tai-chinh-kiem-toan
2863,van-tai-logistics,van-tai-giao-nhan
2864,nhan-su-hanh-chinh,nhan-su-hanh-chinh-van-phong
2865,,
2866,lao-dong-pho-thong,lao-dong-pho-thong-lai-xe
2867,lao-dong-pho-thong,lao-dong-pho-thong-lai-xe
2868,khach-san-nha-hang-du-lich,khach-san-khach-san
2869,xay-dung,xay-dung-ky-su
2870,nhan-su-hanh-chinh,nhan-su-hanh-chinh-van-phong
2871,kinh-doanh-ban-hang,kinh-doanh-ban-hang-tong-hop
2872,lao-dong-pho-thong,lao-dong-pho-thong-lai-xe
2873,lao-dong-pho-thong,lao-dong-pho-thong-lai-xe
2874,,
2875,khach-san-nha-hang-du-lich,khach-san-du-lich-le-hanh
2876,lao-dong-pho-thong,lao-dong-pho-thong-lai-xe
2877,nhan-su-hanh-chinh,nhan-su-hanh-chinh-van-phong
2878,lao-dong-pho-thong,lao-dong-pho-thong-lai-xe
2879,nhan-su-hanh-chinh,nhan-su-hanh-chinh-van-phong
2880,,
2881,lao-dong-pho-thong,lao-dong-pho-thong-lai-xe
2882,lao-dong-pho-thong,lao-dong-pho-thong-lai-xe
2883,lao-dong-pho-thong,lao-dong-pho-thong-lai-xe
2884,lao-dong-pho-thong,lao-dong-pho-thong-lai-xe
2885,nhan-su-hanh-chinh,nhan-su-hanh-chinh-van-phong
2886,,
2887,san-xuat-qa-qc,san-xuat-quan-ly
2888,lao-dong-pho-thong,lao-dong-pho-thong-lai-xe
2889,lao-dong-pho-thong,lao-dong-pho-thong-lai-xe
2890,nhan-su-hanh-chinh,nhan-su-hanh-chinh-van-phong
2891,lao-dong-pho-thong,lao-dong-pho-thong-lai-xe
2892,van-tai-logistics,van-tai-logistics-kho-van
2893,nhan-su-hanh-chinh,nhan-su-hanh-chinh-van-phong
2894,bat-dong-san,bat-dong-san-moi-gioi
2895,nhan-su-hanh-chinh,nhan-su-hanh-chinh-van-phong
2896,thiet-ke-kien-truc,thiet-ke-my-thuat
2897,,
2898,khach-san-nha-hang-du-lich,khach-san-khach-san
2899,khach-san-nha-hang-du-lich,khach-san-khach-san
2900,lao-dong-pho-thong,lao-dong-pho-thong-lai-xe
2901,san-xuat-qa-qc,san-xuat-det-may
2902,,
2903,,
2904,marketing-truyen-thong,marketing-tong-hop
2905,,
2906,,
2907,dien-dien-tu-vien-thong,dien-dien-tu-vien-thong-vt
2908,cntt,cntt-phat-trien-phan-mem
2909,lao-dong-pho-thong,lao-dong-pho-thong-lai-xe
2910,lao-dong-pho-thong,lao-dong-pho-thong-lai-xe
2911,kinh-doanh-ban-hang,kinh-doanh-ban-hang-ban-hang
2912,y-te-duoc,y-te-duoc-y-te
2913,co-khi-che-tao,co-khi-che-tao-co-khi
2914,lao-dong-pho-thong,lao-dong-pho-thong-lai-xe
2915,lao-dong-pho-thong,lao-dong-pho-thong-lai-xe
2916,lao-dong-pho-thong,lao-dong-pho-thong-lai-xe
2917,lao-dong-pho-thong,lao-dong-pho-thong-lai-xe
2918,lao-dong-pho-thong,lao-dong-pho-thong-lai-xe
2919,ke-toan-tai-chinh,ke-toan-tai-chinh-kiem-toan
2920,giao-duc-dao-tao,giao-duc-giang-day
2921,nhan-su-hanh-chinh,nhan-su-hanh-chinh-van-phong
2922,,
2923,lao-dong-pho-thong,lao-dong-pho-thong-lai-xe
2924,nhan-su-hanh-chinh,nhan-su-hanh-chinh-van-phong
2925,lao-dong-pho-thong,lao-dong-pho-thong-lai-xe
2926,lao-dong-pho-thong,lao-dong-pho-thong-lai-xe
2927,lao-dong-pho-thong,lao-dong-pho-thong-lai-xe
2928,lao-dong-pho-thong,lao-dong-pho-thong-lai-xe
2929,nhan-su-hanh-chinh,nhan-su-hanh-chinh-van-phong
2930,lao-dong-pho-thong,lao-dong-pho-thong-lai-xe
2931,nhan-su-hanh-chinh,nhan-su-hanh-chinh-van-phong
2932,lao-dong-pho-thong,lao-dong-pho-thong-lai-xe
2933,,
2934,lao-dong-pho-thong,lao-dong-pho-thong-lai-xe
2935,lao-dong-pho-thong,lao-dong-pho-thong-lai-xe
2936,,
2937,nhan-su-hanh-chinh,nhan-su-hanh-chinh-van-phong
2938,lao-dong-pho-thong,lao-dong-pho-thong-lai-xe
2939,khach-san-nha-hang-du-lich,khach-san-nha-hang-fb
2940,lao-dong-pho-thong,lao-dong-pho-thong-lai-xe
2941,lao-dong-pho-thong,lao-dong-pho-thong-lai-xe
2942,san-xuat-qa-qc,san-xuat-det-may
2943,lao-dong-pho-thong,lao-dong-pho-thong-lai-xe
2944,dich-vu-khach-hang,dich-vu-khach-hang-cskh
2945,lao-dong-pho-thong,lao-dong-pho-thong-lai-xe
2946,lao-dong-pho-thong,lao-dong-pho-thong-lai-xe
2947,lao-dong-pho-thong,lao-dong-pho-thong-lai-xe
2948,giao-duc-dao-tao,giao-duc-giang-day
2949,lao-dong-pho-thong,lao-dong-pho-thong-lai-xe
2950,kinh-doanh-ban-hang,kinh-doanh-ban-hang-tong-hop
2951,marketing-truyen-thong,marketing-bien-phien-dich
2952,kinh-doanh-ban-hang,kinh-doanh-ban-hang-ban-hang
2953,marketing-truyen-thong,marketing-tong-hop
2954,thiet-ke-kien-truc,thiet-ke-kien-truc-kien-truc
2955,dich-vu-khach-hang,dich-vu-khach-hang-cskh
2956,khach-san-nha-hang-du-lich,khach-san-khach-san
2957,xay-dung,xay-dung-ky-su
2958,san-xuat-qa-qc,san-xuat-thuc-pham
2959,lao-dong-pho-thong,lao-dong-pho-thong-lai-xe
2960,,
2961,lao-dong-pho-thong,lao-dong-pho-thong-lai-xe
2962,ke-toan-tai-chinh,ke-toan-tai-chinh-kiem-toan
2963,nhan-su-hanh-chinh,nhan-su-hanh-chinh-van-phong
2964,lao-dong-pho-thong,lao-dong-pho-thong-lai-xe
2965,kinh-doanh-ban-hang,kinh-doanh-ban-hang-tong-hop
2966,nhan-su-hanh-chinh,nhan-su-hanh-chinh-van-phong
2967,lao-dong-pho-thong,lao-dong-pho-thong-lai-xe
2968,lao-dong-pho-thong,lao-dong-pho-thong-lai-xe
2969,,
2970,lao-dong-pho-thong,lao-dong-pho-thong-lai-xe
2971,kinh-doanh-ban-hang,kinh-doanh-ban-hang-ban-hang
2972,lao-dong-pho-thong,lao-dong-pho-thong-lai-xe
2973,lao-dong-pho-thong,lao-dong-pho-thong-lai-xe
2974,lao-dong-pho-thong,lao-dong-pho-thong-lai-xe
2975,lao-dong-pho-thong,lao-dong-pho-thong-lai-xe
2976,thiet-ke-kien-truc,thiet-ke-kien-truc-kien-truc
2977,lao-dong-pho-thong,lao-dong-pho-thong-lai-xe
2978,lao-dong-pho-thong,lao-dong-pho-thong-lai-xe
2979,,
2980,,
2981,marketing-truyen-thong,marketing-bien-phien-dich
2982,lao-dong-pho-thong,lao-dong-pho-thong-lai-xe
2983,lao-dong-pho-thong,lao-dong-pho-thong-lai-xe
2984,lao-dong-pho-thong,lao-dong-pho-thong-lai-xe
2985,lao-dong-pho-thong,lao-dong-pho-thong-lai-xe
2986,,
2987,,
2988,nhan-su-hanh-chinh,nhan-su-hanh-chinh-van-phong
2989,,
2990,lao-dong-pho-thong,lao-dong-pho-thong-lai-xe
2991,dich-vu-khach-hang,dich-vu-khach-hang-cskh
2992,lao-dong-pho-thong,lao-dong-pho-thong-lai-xe
2993,y-te-duoc,y-te-duoc-y-te
2994,lao-dong-pho-thong,lao-dong-pho-thong-lai-xe
2995,,
2996,dich-vu-khach-hang,dich-vu-khach-hang-cskh
2997,,
2998,lao-dong-pho-thong,lao-dong-pho-thong-lai-xe
2999,,
3000,cntt,cntt-phat-trien-phan-mem
3001,lao-dong-pho-thong,lao-dong-pho-thong-lai-xe
3002,lao-dong-pho-thong,lao-dong-pho-thong-lai-xe
3003,lao-dong-pho-thong,lao-dong-pho-thong-lai-xe
3004,lao-dong-pho-thong,lao-dong-pho-thong-lai-xe
3005,lao-dong-pho-thong,lao-dong-pho-thong-lai-xe
3006,lao-dong-pho-thong,lao-dong-pho-thong-lai-xe
3007,lao-dong-pho-thong,lao-dong-pho-thong-lai-xe
3008,lao-dong-pho-thong,lao-dong-pho-thong-lai-xe
3009,ke-toan-tai-chinh,ke-toan-tai-chinh-kiem-toan
3010,san-xuat-qa-qc,san-xuat-quan-ly
3011,lao-dong-pho-thong,lao-dong-pho-thong-lai-xe
3012,,
3013,lao-dong-pho-thong,lao-dong-pho-thong-lai-xe
3014,kinh-doanh-ban-hang,kinh-doanh-ban-hang-ban-hang
3015,lao-dong-pho-thong,lao-dong-pho-thong-lai-xe
3016,nhan-su-hanh-chinh,nhan-su-hanh-chinh-van-phong
3017,lao-dong-pho-thong,lao-dong-pho-thong-lai-xe
3018,lao-dong-pho-thong,lao-dong-pho-thong-lai-xe
3019,lao-dong-pho-thong,lao-dong-pho-thong-lai-xe
3020,,
3021,lao-dong-pho-thong,lao-dong-pho-thong-lai-xe
3022,lao-dong-pho-thong,lao-dong-pho-thong-lai-xe
3023,,
3024,,
3025,co-khi-che-tao,co-khi-che-tao-co-khi
3026,lao-dong-pho-thong,lao-dong-pho-thong-lai-xe
3027,khach-san-nha-hang-du-lich,khach-san-nha-hang-fb
3028,van-tai-logistics,van-tai-giao-nhan
3029,lao-dong-pho-thong,lao-dong-pho-thong-lai-xe
3030,marketing-truyen-thong,marketing-bien-phien-dich
3031,nhan-su-hanh-chinh,nhan-su-thu-ky-tro-ly
3032,lao-dong-pho-thong,lao-dong-pho-thong-lai-xe
3033,cntt,cntt-phat-trien-phan-mem
3034,marketing-truyen-thong,marketing-bao-chi-truyen-hinh
3035,ke-toan-tai-chinh,ke-toan-tai-chinh-kiem-toan
3036,lao-dong-pho-thong,lao-dong-pho-thong-lai-xe
3037,lao-dong-pho-thong,lao-dong-pho-thong-lai-xe
3038,,
3039,khach-san-nha-hang-du-lich,khach-san-du-lich-le-hanh
3040,lao-dong-pho-thong,lao-dong-pho-thong-lai-xe
3041,khach-san-nha-hang-du-lich,khach-san-du-lich-le-hanh
3042,lao-dong-pho-thong,lao-dong-pho-thong-lai-xe
3043,dien-dien-tu-vien-thong,dien-dien-tu-vien-thong-vt
3044,lao-dong-pho-thong,lao-dong-pho-thong-lai-xe
3045,lao-dong-pho-thong,lao-dong-pho-thong-lai-xe
3046,giao-duc-dao-tao,giao-duc-giang-day
3047,lao-dong-pho-thong,lao-dong-pho-thong-lai-xe
3048,lao-dong-pho-thong,lao-dong-pho-thong-lai-xe
3049,lao-dong-pho-thong,lao-dong-pho-thong-lai-xe
3050,lao-dong-pho-thong,lao-dong-pho-thong-lai-xe
3051,co-khi-che-tao,co-khi-che-tao-co-khi
3052,lao-dong-pho-thong,lao-dong-pho-thong-lai-xe
3053,khach-san-nha-hang-du-lich,khach-san-khach-san
3054,nhan-su-hanh-chinh,nhan-su-hanh-chinh-van-phong
3055,lao-dong-pho-thong,lao-dong-pho-thong-lai-xe
3056,lao-dong-pho-thong,lao-dong-pho-thong-lai-xe
3057,lao-dong-pho-thong,lao-dong-pho-thong-lai-xe
3058,,
3059,lao-dong-pho-thong,lao-dong-pho-thong-lai-xe
3060,van-tai-logistics,van-tai-giao-nhan
3061,nhan-su-hanh-chinh,nhan-su-tuyen-dung-cb
3062,lao-dong-pho-thong,lao-dong-pho-thong-lai-xe
3063,lao-dong-pho-thong,lao-dong-pho-thong-lai-xe
3064,cntt,cntt-phan-cung-mang
3065,,
3066,lao-dong-pho-thong,lao-dong-pho-thong-lai-xe
3067,y-te-duoc,y-te-duoc-y-te
3068,lao-dong-pho-thong,lao-dong-pho-thong-lai-xe
3069,,
3070,lao-dong-pho-thong,lao-dong-pho-thong-lai-xe
3071,lao-dong-pho-thong,lao-dong-pho-thong-lai-xe
3072,ke-toan-tai-chinh,ke-toan-tai-chinh-kiem-toan
3073,nhan-su-hanh-chinh,nhan-su-hanh-chinh-van-phong
3074,nhan-su-hanh-chinh,nhan-su-phap-ly-phap-che
3075,lao-dong-pho-thong,lao-dong-pho-thong-lai-xe
3076,,
3077,cntt,cntt-phat-trien-phan-mem
3078,lao-dong-pho-thong,lao-dong-pho-thong-lai-xe
3079,lao-dong-pho-thong,lao-dong-pho-thong-lai-xe
3080,lao-dong-pho-thong,lao-dong-pho-thong-lai-xe
3081,ke-toan-tai-chinh,ke-toan-tai-chinh-kiem-toan
3082,dich-vu-khach-hang,dich-vu-khach-hang-cskh
3083,lao-dong-pho-thong,lao-dong-pho-thong-lai-xe
3084,bat-dong-san,bat-dong-san-moi-gioi
3085,,
3086,lao-dong-pho-thong,lao-dong-pho-thong-lai-xe
3087,,
3088,nhan-su-hanh-chinh,nhan-su-phap-ly-phap-che
3089,lao-dong-pho-thong,lao-dong-pho-thong-lai-xe
3090,,
3091,,
3092,lao-dong-pho-thong,lao-dong-pho-thong-lai-xe
3093,lao-dong-pho-thong,lao-dong-pho-thong-lai-xe
3094,lao-dong-pho-thong,lao-dong-pho-thong-lai-xe
3095,kinh-doanh-ban-hang,kinh-doanh-ban-hang-tong-hop
3096,nhan-su-hanh-chinh,nhan-su-hanh-chinh-van-phong
3097,kinh-doanh-ban-hang,kinh-doanh-ban-hang-tong-hop
3098,,
3099,nhan-su-hanh-chinh,nhan-su-hanh-chinh-van-phong
3100,lao-dong-pho-thong,lao-dong-pho-thong-lai-xe
3101,kinh-doanh-ban-hang,kinh-doanh-ban-hang-ban-hang
3102,lao-dong-pho-thong,lao-dong-pho-thong-lai-xe
3103,lao-dong-pho-thong,lao-dong-pho-thong-lai-xe
3104,lao-dong-pho-thong,lao-dong-pho-thong-lai-xe
3105,lao-dong-pho-thong,lao-dong-pho-thong-lai-xe
3106,nhan-su-hanh-chinh,nhan-su-tuyen-dung-cb
3107,lao-dong-pho-thong,lao-dong-pho-thong-lai-xe
3108,,
3109,lao-dong-pho-thong,lao-dong-pho-thong-lai-xe
3110,lao-dong-pho-thong,lao-dong-pho-thong-lai-xe
3111,lao-dong-pho-thong,lao-dong-pho-thong-lai-xe
3112,lao-dong-pho-thong,lao-dong-pho-thong-bao-ve
3113,lao-dong-pho-thong,lao-dong-pho-thong-lai-xe
3114,nhan-su-hanh-chinh,nhan-su-hanh-chinh-van-phong
3115,lao-dong-pho-thong,lao-dong-pho-thong-lai-xe
3116,lao-dong-pho-thong,lao-dong-pho-thong-lai-xe
3117,,
3118,lao-dong-pho-thong,lao-dong-pho-thong-lai-xe
3119,dich-vu-khach-hang,dich-vu-khach-hang-cskh
3120,marketing-truyen-thong,marketing-tong-hop
3121,marketing-truyen-thong,marketing-bien-phien-dich
3122,lao-dong-pho-thong,lao-dong-pho-thong-lai-xe
3123,cntt,cntt-phat-trien-phan-mem
3124,,
3125,lao-dong-pho-thong,lao-dong-pho-thong-lai-xe
3126,lao-dong-pho-thong,lao-dong-pho-thong-lai-xe
3127,,
3128,cntt,cntt-phat-trien-phan-mem
3129,,
3130,nhan-su-hanh-chinh,nhan-su-hanh-chinh-van-phong
3131,dich-vu-khach-hang,dich-vu-khach-hang-cskh
3132,lao-dong-pho-thong,lao-dong-pho-thong-lai-xe
3133,lao-dong-pho-thong,lao-dong-pho-thong-lai-xe
3134,nhan-su-hanh-chinh,nhan-su-hanh-chinh-van-phong
3135,,
3136,san-xuat-qa-qc,san-xuat-quan-ly
3137,cntt,cntt-phan-cung-mang
3138,lao-dong-pho-thong,lao-dong-pho-thong-lai-xe
3139,lao-dong-pho-thong,lao-dong-pho-thong-tap-vu
3140,,
3141,kinh-doanh-ban-hang,kinh-doanh-ban-hang-tong-hop
3142,,
3143,nhan-su-hanh-chinh,nhan-su-hanh-chinh-van-phong
3144,lao-dong-pho-thong,lao-dong-pho-thong-lai-xe
3145,lao-dong-pho-thong,lao-dong-pho-thong-lai-xe
3146,dich-vu-khach-hang,dich-vu-khach-hang-cskh
3147,lao-dong-pho-thong,lao-dong-pho-thong-lai-xe
3148,lao-dong-pho-thong,lao-dong-pho-thong-lai-xe
3149,lao-dong-pho-thong,lao-dong-pho-thong-lai-xe
3150,lao-dong-pho-thong,lao-dong-pho-thong-lai-xe
3151,ke-toan-tai-chinh,ke-toan-tai-chinh-kiem-toan
3152,lao-dong-pho-thong,lao-dong-pho-thong-lai-xe
3153,lao-dong-pho-thong,lao-dong-pho-thong-lai-xe
3154,marketing-truyen-thong,marketing-tong-hop
3155,lao-dong-pho-thong,lao-dong-pho-thong-lai-xe
3156,san-xuat-qa-qc,san-xuat-quan-ly
3157,bat-dong-san,bat-dong-san-moi-gioi
3158,lao-dong-pho-thong,lao-dong-pho-thong-lai-xe
3159,lao-dong-pho-thong,lao-dong-pho-thong-lai-xe
3160,lao-dong-pho-thong,lao-dong-pho-thong-lai-xe
3161,lao-dong-pho-thong,lao-dong-pho-thong-lai-xe
3162,marketing-truyen-thong,marketing-to-chuc-su-kien
3163,lao-dong-pho-thong,lao-dong-pho-thong-lai-xe
3164,kinh-doanh-ban-hang,kinh-doanh-ban-hang-tong-hop
3165,,
3166,lao-dong-pho-thong,lao-dong-pho-thong-lai-xe
3167,ke-toan-tai-chinh,ke-toan-tai-chinh-kiem-toan
3168,lao-dong-pho-thong,lao-dong-pho-thong-lai-xe
3169,van-tai-logistics,van-tai-logistics-kho-van
3170,lao-dong-pho-thong,lao-dong-pho-thong-lai-xe
3171,lao-dong-pho-thong,lao-dong-pho-thong-lai-xe
3172,lao-dong-pho-thong,lao-dong-pho-thong-lai-xe
3173,,
3174,lao-dong-pho-thong,lao-dong-pho-thong-lai-xe
3175,ke-toan-tai-chinh,ke-toan-tai-chinh-chung-khoan
3176,lao-dong-pho-thong,lao-dong-pho-thong-lai-xe
3177,san-xuat-qa-qc,san-xuat-det-may
3178,kinh-doanh-ban-hang,kinh-doanh-ban-hang-ban-hang
3179,lao-dong-pho-thong,lao-dong-pho-thong-lai-xe
3180,lao-dong-pho-thong,lao-dong-pho-thong-lai-xe
3181,lao-dong-pho-thong,lao-dong-pho-thong-lai-xe
3182,kinh-doanh-ban-hang,kinh-doanh-ban-hang-tong-hop
3183,khach-san-nha-hang-du-lich,khach-san-khach-san
3184,lao-dong-pho-thong,lao-dong-pho-thong-lai-xe
3185,lao-dong-pho-thong,lao-dong-pho-thong-lai-xe
3186,kinh-doanh-ban-hang,kinh-doanh-ban-hang-tong-hop
3187,kinh-doanh-ban-hang,kinh-doanh-ban-hang-ban-hang
3188,lao-dong-pho-thong,lao-dong-pho-thong-lai-xe
3189,dich-vu-khach-hang,dich-vu-khach-hang-cskh
3190,lao-dong-pho-thong,lao-dong-pho-thong-lai-xe
3191,lao-dong-pho-thong,lao-dong-pho-thong-lai-xe
3192,lao-dong-pho-thong,lao-dong-pho-thong-lai-xe
3193,lao-dong-pho-thong,lao-dong-pho-thong-lai-xe
3194,,
3195,,
3196,thiet-ke-kien-truc,thiet-ke-my-thuat
3197,co-khi-che-tao,co-khi-che-tao-co-khi
3198,lao-dong-pho-thong,lao-dong-pho-thong-lai-xe
3199,lao-dong-pho-thong,lao-dong-pho-thong-lai-xe
3200,cntt,cntt-phat-trien-phan-mem
3201,,
3202,lao-dong-pho-thong,lao-dong-pho-thong-lai-xe
3203,lao-dong-pho-thong,lao-dong-pho-thong-lai-xe
3204,lao-dong-pho-thong,lao-dong-pho-thong-lai-xe
3205,lao-dong-pho-thong,lao-dong-pho-thong-lai-xe
3206,ke-toan-tai-chinh,ke-toan-tai-chinh-bao-hiem
3207,co-khi-che-tao,co-khi-che-tao-co-khi
3208,dich-vu-khach-hang,dich-vu-khach-hang-cskh
3209,kinh-doanh-ban-hang,kinh-doanh-ban-hang-tong-hop
3210,lao-dong-pho-thong,lao-dong-pho-thong-lai-xe
3211,ke-toan-tai-chinh,ke-toan-tai-chinh-chung-khoan
3212,lao-dong-pho-thong,lao-dong-pho-thong-lai-xe
3213,,
3214,,
3215,nhan-su-hanh-chinh,nhan-su-hanh-chinh-van-phong
3216,lao-dong-pho-thong,lao-dong-pho-thong-lai-xe
3217,lao-dong-pho-thong,lao-dong-pho-thong-lai-xe
3218,cntt,cntt-phan-cung-mang
3219,lao-dong-pho-thong,lao-dong-pho-thong-lai-xe
3220,lao-dong-pho-thong,lao-dong-pho-thong-lai-xe
3221,lao-dong-pho-thong,lao-dong-pho-thong-lai-xe
3222,lao-dong-pho-thong,lao-dong-pho-thong-lai-xe
3223,lao-dong-pho-thong,lao-dong-pho-thong-lai-xe
3224,kinh-doanh-ban-hang,kinh-doanh-ban-hang-tong-hop
3225,,
3226,,
3227,lao-dong-pho-thong,lao-dong-pho-thong-lai-xe
3228,,
3229,lao-dong-pho-thong,lao-dong-pho-thong-lai-xe
3230,lao-dong-pho-thong,lao-dong-pho-thong-lai-xe
3231,,
3232,van-tai-logistics,van-tai-giao-nhan
3233,lao-dong-pho-thong,lao-dong-pho-thong-lai-xe
3234,nhan-su-hanh-chinh,nhan-su-hanh-chinh-van-phong
3235,lao-dong-pho-thong,lao-dong-pho-thong-lai-xe
3236,lao-dong-pho-thong,lao-dong-pho-thong-lai-xe
3237,ke-toan-tai-chinh,ke-toan-tai-chinh-tai-chinh
3238,van-tai-logistics,van-tai-giao-nhan
3239,lao-dong-pho-thong,lao-dong-pho-thong-lai-xe
3240,dich-vu-khach-hang,dich-vu-khach-hang-cskh
3241,cntt,cntt-phat-trien-phan-mem
3242,lao-dong-pho-thong,lao-dong-pho-thong-lai-xe
3243,van-tai-logistics,van-tai-giao-nhan
3244,nhan-su-hanh-chinh,nhan-su-thu-ky-tro-ly
3245,,
3246,van-tai-logistics,van-tai-giao-nhan
3247,,
3248,xay-dung,xay-dung-ky-su
3249,marketing-truyen-thong,marketing-bien-phien-dich
3250,ke-toan-tai-chinh,ke-toan-tai-chinh-kiem-toan
3251,lao-dong-pho-thong,lao-dong-pho-thong-lai-xe
3252,lao-dong-pho-thong,lao-dong-pho-thong-lai-xe
3253,,
3254,san-xuat-qa-qc,san-xuat-quan-ly
3255,lao-dong-pho-thong,lao-dong-pho-thong-lai-xe
3256,co-khi-che-tao,co-khi-che-tao-co-khi
3257,khach-san-nha-hang-du-lich,khach-san-spa-lam-dep
3258,lao-dong-pho-thong,lao-dong-pho-thong-lai-xe
3259,lao-dong-pho-thong,lao-dong-pho-thong-lai-xe
3260,nhan-su-hanh-chinh,nhan-su-hanh-chinh-van-phong
3261,,
3262,cntt,cntt-phan-cung-mang
3263,lao-dong-pho-thong,lao-dong-pho-thong-lai-xe
3264,lao-dong-pho-thong,lao-dong-pho-thong-lai-xe
3265,nhan-su-hanh-chinh,nhan-su-phap-ly-phap-che
3266,lao-dong-pho-thong,lao-dong-pho-thong-lai-xe
3267,lao-dong-pho-thong,lao-dong-pho-thong-lai-xe
3268,,
3269,thiet-ke-kien-truc,thiet-ke-my-thuat
3270,co-khi-che-tao,co-khi-che-tao-co-khi
3271,,
3272,lao-dong-pho-thong,lao-dong-pho-thong-lai-xe
3273,lao-dong-pho-thong,lao-dong-pho-thong-lai-xe
3274,lao-dong-pho-thong,lao-dong-pho-thong-lai-xe
3275,lao-dong-pho-thong,lao-dong-pho-thong-lai-xe
3276,lao-dong-pho-thong,lao-dong-pho-thong-lai-xe
3277,lao-dong-pho-thong,lao-dong-pho-thong-lai-xe
3278,lao-dong-pho-thong,lao-dong-pho-thong-lai-xe
3279,,
3280,nhan-su-hanh-chinh,nhan-su-hanh-chinh-van-phong
3281,lao-dong-pho-thong,lao-dong-pho-thong-lai-xe
3282,lao-dong-pho-thong,lao-dong-pho-thong-lai-xe
3283,lao-dong-pho-thong,lao-dong-pho-thong-lai-xe
3284,lao-dong-pho-thong,lao-dong-pho-thong-lai-xe
3285,van-tai-logistics,van-tai-giao-nhan
3286,lao-dong-pho-thong,lao-dong-pho-thong-lai-xe
3287,khach-san-nha-hang-du-lich,khach-san-khach-san
3288,,
3289,lao-dong-pho-thong,lao-dong-pho-thong-lai-xe
3290,lao-dong-pho-thong,lao-dong-pho-thong-lai-xe
3291,nhan-su-hanh-chinh,nhan-su-tuyen-dung-cb
3292,nhan-su-hanh-chinh,nhan-su-hanh-chinh-van-phong
3293,lao-dong-pho-thong,lao-dong-pho-thong-lai-xe
3294,dien-dien-tu-vien-thong,dien-dien-tu-vien-thong-vt
3295,kinh-doanh-ban-hang,kinh-doanh-ban-hang-tong-hop
3296,lao-dong-pho-thong,lao-dong-pho-thong-lai-xe
3297,xay-dung,xay-dung-ky-su
3298,lao-dong-pho-thong,lao-dong-pho-thong-lai-xe
3299,lao-dong-pho-thong,lao-dong-pho-thong-lai-xe
3300,co-khi-che-tao,co-khi-che-tao-co-khi
3301,nhan-su-hanh-chinh,nhan-su-hanh-chinh-van-phong
3302,nhan-su-hanh-chinh,nhan-su-hanh-chinh-van-phong
3303,ke-toan-tai-chinh,ke-toan-tai-chinh-kiem-toan
3304,van-tai-logistics,van-tai-giao-nhan
3305,marketing-truyen-thong,marketing-bao-chi-truyen-hinh
3306,,
3307,lao-dong-pho-thong,lao-dong-pho-thong-lai-xe
3308,khach-san-nha-hang-du-lich,khach-san-khach-san
3309,lao-dong-pho-thong,lao-dong-pho-thong-lai-xe
3310,cntt,cntt-phat-trien-phan-mem
3311,lao-dong-pho-thong,lao-dong-pho-thong-lai-xe
3312,co-khi-che-tao,co-khi-che-tao-co-khi
3313,ke-toan-tai-chinh,ke-toan-tai-chinh-kiem-toan
3314,,
3315,san-xuat-qa-qc,san-xuat-my-pham
3316,lao-dong-pho-thong,lao-dong-pho-thong-lai-xe
3317,,
3318,dich-vu-khach-hang,dich-vu-khach-hang-cskh
3319,lao-dong-pho-thong,lao-dong-pho-thong-lai-xe
3320,ke-toan-tai-chinh,ke-toan-tai-chinh-kiem-toan
3321,lao-dong-pho-thong,lao-dong-pho-thong-lai-xe
3322,,
3323,giao-duc-dao-tao,giao-duc-giang-day
3324,ke-toan-tai-chinh,ke-toan-tai-chinh-kiem-toan
3325,co-khi-che-tao,co-khi-che-tao-co-khi
3326,lao-dong-pho-thong,lao-dong-pho-thong-tap-vu
3327,lao-dong-pho-thong,lao-dong-pho-thong-lai-xe
3328,kinh-doanh-ban-hang,kinh-doanh-ban-hang-tong-hop
3329,lao-dong-pho-thong,lao-dong-pho-thong-lai-xe
3330,lao-dong-pho-thong,lao-dong-pho-thong-lai-xe
3331,,
3332,lao-dong-pho-thong,lao-dong-pho-thong-lai-xe
3333,lao-dong-pho-thong,lao-dong-pho-thong-lai-xe
3334,dich-vu-khach-hang,dich-vu-khach-hang-cskh
3335,lao-dong-pho-thong,lao-dong-pho-thong-lai-xe
3336,cntt,cntt-phat-trien-phan-mem
3337,nhan-su-hanh-chinh,nhan-su-hanh-chinh-van-phong
3338,san-xuat-qa-qc,san-xuat-quan-ly
3339,co-khi-che-tao,co-khi-che-tao-co-khi
3340,lao-dong-pho-thong,lao-dong-pho-thong-lai-xe
3341,lao-dong-pho-thong,lao-dong-pho-thong-lai-xe
3342,,
3343,,
3344,co-khi-che-tao,co-khi-che-tao-co-khi
3345,lao-dong-pho-thong,lao-dong-pho-thong-lai-xe
3346,lao-dong-pho-thong,lao-dong-pho-thong-lai-xe
3347,van-tai-logistics,van-tai-giao-nhan
3348,lao-dong-pho-thong,lao-dong-pho-thong-lai-xe
3349,lao-dong-pho-thong,lao-dong-pho-thong-lai-xe
3350,thiet-ke-kien-truc,thiet-ke-kien-truc-kien-truc
3351,thiet-ke-kien-truc,thiet-ke-my-thuat
3352,dich-vu-khach-hang,dich-vu-khach-hang-cskh
3353,lao-dong-pho-thong,lao-dong-pho-thong-lai-xe
3354,lao-dong-pho-thong,lao-dong-pho-thong-lai-xe
3355,giao-duc-dao-tao,giao-duc-giang-day
3356,marketing-truyen-thong,marketing-bien-phien-dich
3357,lao-dong-pho-thong,lao-dong-pho-thong-lai-xe
3358,cntt,cntt-phan-cung-mang
3359,cntt,cntt-phan-cung-mang
3360,lao-dong-pho-thong,lao-dong-pho-thong-lai-xe
3361,van-tai-logistics,van-tai-giao-nhan
3362,lao-dong-pho-thong,lao-dong-pho-thong-lai-xe
3363,lao-dong-pho-thong,lao-dong-pho-thong-lai-xe
3364,lao-dong-pho-thong,lao-dong-pho-thong-lai-xe
3365,lao-dong-pho-thong,lao-dong-pho-thong-lai-xe
3366,van-tai-logistics,van-tai-giao-nhan
3367,kinh-doanh-ban-hang,kinh-doanh-ban-hang-ban-hang
3368,lao-dong-pho-thong,lao-dong-pho-thong-lai-xe
3369,marketing-truyen-thong,marketing-bien-phien-dich
3370,y-te-duoc,y-te-duoc-y-te
3371,,
3372,lao-dong-pho-thong,lao-dong-pho-thong-lai-xe
3373,nhan-su-hanh-chinh,nhan-su-hanh-chinh-van-phong
3374,,
3375,lao-dong-pho-thong,lao-dong-pho-thong-lai-xe
3376,lao-dong-pho-thong,lao-dong-pho-thong-lai-xe
3377,,
3378,lao-dong-pho-thong,lao-dong-pho-thong-lai-xe
3379,ke-toan-tai-chinh,ke-toan-tai-chinh-kiem-toan
3380,y-te-duoc,y-te-duoc-y-te
3381,,
3382,lao-dong-pho-thong,lao-dong-pho-thong-lai-xe
3383,lao-dong-pho-thong,lao-dong-pho-thong-lai-xe
3384,,
3385,nhan-su-hanh-chinh,nhan-su-hanh-chinh-van-phong
3386,lao-dong-pho-thong,lao-dong-pho-thong-lai-xe
3387,marketing-truyen-thong,marketing-bien-phien-dich
3388,lao-dong-pho-thong,lao-dong-pho-thong-lai-xe
3389,lao-dong-pho-thong,lao-dong-pho-thong-lai-xe
3390,lao-dong-pho-thong,lao-dong-pho-thong-lai-xe
3391,lao-dong-pho-thong,lao-dong-pho-thong-lai-xe
3392,ke-toan-tai-chinh,ke-toan-tai-chinh-kiem-toan
3393,,
3394,,
3395,lao-dong-pho-thong,lao-dong-pho-thong-lai-xe
3396,,
3397,lao-dong-pho-thong,lao-dong-pho-thong-lai-xe
3398,,
3399,lao-dong-pho-thong,lao-dong-pho-thong-lai-xe
3400,marketing-truyen-thong,marketing-bien-phien-dich
3401,lao-dong-pho-thong,lao-dong-pho-thong-lai-xe
3402,,
3403,van-tai-logistics,van-tai-logistics-kho-van
3404,lao-dong-pho-thong,lao-dong-pho-thong-lai-xe
3405,kinh-doanh-ban-hang,kinh-doanh-ban-hang-tong-hop
3406,lao-dong-pho-thong,lao-dong-pho-thong-lai-xe
3407,ke-toan-tai-chinh,ke-toan-tai-chinh-kiem-toan
3408,lao-dong-pho-thong,lao-dong-pho-thong-lai-xe
3409,lao-dong-pho-thong,lao-dong-pho-thong-lai-xe
3410,lao-dong-pho-thong,lao-dong-pho-thong-lai-xe
3411,van-tai-logistics,van-tai-giao-nhan
3412,ke-toan-tai-chinh,ke-toan-tai-chinh-kiem-toan
3413,lao-dong-pho-thong,lao-dong-pho-thong-lai-xe
3414,lao-dong-pho-thong,lao-dong-pho-thong-lai-xe
3415,,
3416,lao-dong-pho-thong,lao-dong-pho-thong-lai-xe
3417,kinh-doanh-ban-hang,kinh-doanh-ban-hang-tong-hop
3418,,
3419,ke-toan-tai-chinh,ke-toan-tai-chinh-kiem-toan
3420,nhan-su-hanh-chinh,nhan-su-hanh-chinh-van-phong
3421,nhan-su-hanh-chinh,nhan-su-hanh-chinh-van-phong
3422,nhan-su-hanh-chinh,nhan-su-hanh-chinh-van-phong
3423,dich-vu-khach-hang,dich-vu-khach-hang-cskh
3424,,
3425,lao-dong-pho-thong,lao-dong-pho-thong-lai-xe
3426,van-tai-logistics,van-tai-giao-nhan
3427,lao-dong-pho-thong,lao-dong-pho-thong-lai-xe
3428,marketing-truyen-thong,marketing-tong-hop
3429,lao-dong-pho-thong,lao-dong-pho-thong-tap-vu
3430,lao-dong-pho-thong,lao-dong-pho-thong-lai-xe
3431,van-tai-logistics,van-tai-giao-nhan
3432,ke-toan-tai-chinh,ke-toan-tai-chinh-kiem-toan
3433,lao-dong-pho-thong,lao-dong-pho-thong-tap-vu
3434,lao-dong-pho-thong,lao-dong-pho-thong-lai-xe
3435,lao-dong-pho-thong,lao-dong-pho-thong-lai-xe
3436,nhan-su-hanh-chinh,nhan-su-thu-ky-tro-ly
3437,lao-dong-pho-thong,lao-dong-pho-thong-lai-xe
3438,lao-dong-pho-thong,lao-dong-pho-thong-lai-xe
3439,lao-dong-pho-thong,lao-dong-pho-thong-lai-xe
3440,kinh-doanh-ban-hang,kinh-doanh-ban-hang-tong-hop
3441,lao-dong-pho-thong,lao-dong-pho-thong-lai-xe
3442,,
3443,van-tai-logistics,van-tai-logistics-kho-van
3444,lao-dong-pho-thong,lao-dong-pho-thong-lai-xe
3445,kinh-doanh-ban-hang,kinh-doanh-ban-hang-tong-hop
3446,,
3447,lao-dong-pho-thong,lao-dong-pho-thong-lai-xe
3448,lao-dong-pho-thong,lao-dong-pho-thong-lai-xe
3449,lao-dong-pho-thong,lao-dong-pho-thong-lai-xe
3450,marketing-truyen-thong,marketing-tong-hop
3451,dich-vu-khach-hang,dich-vu-khach-hang-cskh
3452,ke-toan-tai-chinh,ke-toan-tai-chinh-kiem-toan
3453,marketing-truyen-thong,marketing-bien-phien-dich
3454,lao-dong-pho-thong,lao-dong-pho-thong-lai-xe
3455,san-xuat-qa-qc,san-xuat-quan-ly
3456,lao-dong-pho-thong,lao-dong-pho-thong-lai-xe
3457,lao-dong-pho-thong,lao-dong-pho-thong-tap-vu
3458,nhan-su-hanh-chinh,nhan-su-hanh-chinh-van-phong
3459,ke-toan-tai-chinh,ke-toan-tai-chinh-kiem-toan
3460,lao-dong-pho-thong,lao-dong-pho-thong-lai-xe
3461,lao-dong-pho-thong,lao-dong-pho-thong-lai-xe
3462,thiet-ke-kien-truc,thiet-ke-kien-truc-kien-truc
3463,lao-dong-pho-thong,lao-dong-pho-thong-lai-xe
3464,lao-dong-pho-thong,lao-dong-pho-thong-lai-xe
3465,khach-san-nha-hang-du-lich,khach-san-khach-san
3466,lao-dong-pho-thong,lao-dong-pho-thong-lai-xe
3467,lao-dong-pho-thong,lao-dong-pho-thong-lai-xe
3468,lao-dong-pho-thong,lao-dong-pho-thong-lai-xe
3469,co-khi-che-tao,co-khi-che-tao-co-khi
3470,lao-dong-pho-thong,lao-dong-pho-thong-lai-xe
3471,lao-dong-pho-thong,lao-dong-pho-thong-lai-xe
3472,marketing-truyen-thong,marketing-bien-phien-dich
3473,lao-dong-pho-thong,lao-dong-pho-thong-lai-xe
3474,lao-dong-pho-thong,lao-dong-pho-thong-lai-xe
3475,lao-dong-pho-thong,lao-dong-pho-thong-bao-ve
3476,lao-dong-pho-thong,lao-dong-pho-thong-lai-xe
3477,lao-dong-pho-thong,lao-dong-pho-thong-lai-xe
3478,thiet-ke-kien-truc,thiet-ke-my-thuat
3479,lao-dong-pho-thong,lao-dong-pho-thong-lai-xe
3480,lao-dong-pho-thong,lao-dong-pho-thong-lai-xe
3481,lao-dong-pho-thong,lao-dong-pho-thong-lai-xe
3482,nhan-su-hanh-chinh,nhan-su-hanh-chinh-van-phong
3483,lao-dong-pho-thong,lao-dong-pho-thong-lai-xe
3484,lao-dong-pho-thong,lao-dong-pho-thong-lai-xe
3485,nhan-su-hanh-chinh,nhan-su-hanh-chinh-van-phong
3486,lao-dong-pho-thong,lao-dong-pho-thong-lai-xe
3487,kinh-doanh-ban-hang,kinh-doanh-ban-hang-tong-hop
3488,lao-dong-pho-thong,lao-dong-pho-thong-lai-xe
3489,dich-vu-khach-hang,dich-vu-khach-hang-cskh
3490,lao-dong-pho-thong,lao-dong-pho-thong-lai-xe
3491,,
3492,giao-duc-dao-tao,giao-duc-giang-day
3493,lao-dong-pho-thong,lao-dong-pho-thong-lai-xe
3494,lao-dong-pho-thong,lao-dong-pho-thong-lai-xe
3495,lao-dong-pho-thong,lao-dong-pho-thong-lai-xe
3496,kinh-doanh-ban-hang,kinh-doanh-ban-hang-tong-hop
3497,lao-dong-pho-thong,lao-dong-pho-thong-lai-xe
3498,,
3499,dich-vu-khach-hang,dich-vu-khach-hang-cskh
3500,marketing-truyen-thong,marketing-tong-hop
3501,y-te-duoc,y-te-duoc-y-te
3502,,
3503,marketing-truyen-thong,marketing-tong-hop
3504,lao-dong-pho-thong,lao-dong-pho-thong-lai-xe
3505,lao-dong-pho-thong,lao-dong-pho-thong-lai-xe
3506,lao-dong-pho-thong,lao-dong-pho-thong-lai-xe
3507,lao-dong-pho-thong,lao-dong-pho-thong-bao-ve
3508,kinh-doanh-ban-hang,kinh-doanh-ban-hang-ban-hang
3509,,
3510,lao-dong-pho-thong,lao-dong-pho-thong-lai-xe
3511,lao-dong-pho-thong,lao-dong-pho-thong-lai-xe
3512,lao-dong-pho-thong,lao-dong-pho-thong-lai-xe
3513,kinh-doanh-ban-hang,kinh-doanh-ban-hang-tong-hop
3514,lao-dong-pho-thong,lao-dong-pho-thong-lai-xe
3515,lao-dong-pho-thong,lao-dong-pho-thong-lai-xe
3516,ke-toan-tai-chinh,ke-toan-tai-chinh-kiem-toan
3517,lao-dong-pho-thong,lao-dong-pho-thong-lai-xe
3518,giao-duc-dao-tao,giao-duc-giang-day
3519,,
3520,lao-dong-pho-thong,lao-dong-pho-thong-lai-xe
3521,lao-dong-pho-thong,lao-dong-pho-thong-lai-xe
3522,lao-dong-pho-thong,lao-dong-pho-thong-lai-xe
3523,lao-dong-pho-thong,lao-dong-pho-thong-lai-xe
3524,cntt,cntt-phan-cung-mang
3525,lao-dong-pho-thong,lao-dong-pho-thong-lai-xe
3526,giao-duc-dao-tao,giao-duc-giang-day
3527,y-te-duoc,y-te-duoc-y-te
3528,khach-san-nha-hang-du-lich,khach-san-du-lich-le-hanh
3529,lao-dong-pho-thong,lao-dong-pho-thong-lai-xe
3530,lao-dong-pho-thong,lao-dong-pho-thong-lai-xe
3531,lao-dong-pho-thong,lao-dong-pho-thong-lai-xe
3532,lao-dong-pho-thong,lao-dong-pho-thong-lai-xe
3533,,
3534,lao-dong-pho-thong,lao-dong-pho-thong-lai-xe
3535,,
3536,kinh-doanh-ban-hang,kinh-doanh-ban-hang-ban-hang
3537,lao-dong-pho-thong,lao-dong-pho-thong-lai-xe
3538,lao-dong-pho-thong,lao-dong-pho-thong-lai-xe
3539,lao-dong-pho-thong,lao-dong-pho-thong-lai-xe
3540,,
3541,nhan-su-hanh-chinh,nhan-su-hanh-chinh-van-phong
3542,san-xuat-qa-qc,san-xuat-my-pham
3543,kinh-doanh-ban-hang,kinh-doanh-ban-hang-tong-hop
3544,lao-dong-pho-thong,lao-dong-pho-thong-lai-xe
3545,nhan-su-hanh-chinh,nhan-su-phap-ly-phap-che
3546,,
3547,lao-dong-pho-thong,lao-dong-pho-thong-lai-xe
3548,van-tai-logistics,van-tai-giao-nhan
3549,lao-dong-pho-thong,lao-dong-pho-thong-lai-xe
3550,lao-dong-pho-thong,lao-dong-pho-thong-lai-xe
3551,,
3552,,
3553,lao-dong-pho-thong,lao-dong-pho-thong-lai-xe
3554,lao-dong-pho-thong,lao-dong-pho-thong-lai-xe
3555,,
3556,lao-dong-pho-thong,lao-dong-pho-thong-lai-xe
3557,,
3558,,
3559,kinh-doanh-ban-hang,kinh-doanh-ban-hang-tong-hop
3560,lao-dong-pho-thong,lao-dong-pho-thong-lai-xe
3561,lao-dong-pho-thong,lao-dong-pho-thong-lai-xe
3562,,
3563,lao-dong-pho-thong,lao-dong-pho-thong-lai-xe
3564,,
3565,cntt,cntt-phan-cung-mang
3566,,
3567,lao-dong-pho-thong,lao-dong-pho-thong-lai-xe
3568,lao-dong-pho-thong,lao-dong-pho-thong-lai-xe
3569,lao-dong-pho-thong,lao-dong-pho-thong-lai-xe
3570,khach-san-nha-hang-du-lich,khach-san-du-lich-le-hanh
3571,van-tai-logistics,van-tai-giao-nhan
3572,nhan-su-hanh-chinh,nhan-su-hanh-chinh-van-phong
3573,lao-dong-pho-thong,lao-dong-pho-thong-lai-xe
3574,ke-toan-tai-chinh,ke-toan-tai-chinh-kiem-toan
3575,lao-dong-pho-thong,lao-dong-pho-thong-lai-xe
3576,van-tai-logistics,van-tai-giao-nhan
3577,lao-dong-pho-thong,lao-dong-pho-thong-lai-xe
3578,,
3579,lao-dong-pho-thong,lao-dong-pho-thong-lai-xe
3580,ke-toan-tai-chinh,ke-toan-tai-chinh-kiem-toan
3581,lao-dong-pho-thong,lao-dong-pho-thong-lai-xe
3582,lao-dong-pho-thong,lao-dong-pho-thong-lai-xe
3583,cntt,cntt-phan-cung-mang
3584,dich-vu-khach-hang,dich-vu-khach-hang-cskh
3585,nhan-su-hanh-chinh,nhan-su-hanh-chinh-van-phong
3586,lao-dong-pho-thong,lao-dong-pho-thong-lai-xe
3587,lao-dong-pho-thong,lao-dong-pho-thong-lai-xe
3588,lao-dong-pho-thong,lao-dong-pho-thong-lai-xe
3589,marketing-truyen-thong,marketing-bao-chi-truyen-hinh
3590,lao-dong-pho-thong,lao-dong-pho-thong-lai-xe
3591,lao-dong-pho-thong,lao-dong-pho-thong-lai-xe
3592,lao-dong-pho-thong,lao-dong-pho-thong-lai-xe
3593,nhan-su-hanh-chinh,nhan-su-hanh-chinh-van-phong
3594,dich-vu-khach-hang,dich-vu-khach-hang-cskh
3595,lao-dong-pho-thong,lao-dong-pho-thong-lai-xe
3596,marketing-truyen-thong,marketing-bao-chi-truyen-hinh
3597,ke-toan-tai-chinh,ke-toan-tai-chinh-kiem-toan
3598,nhan-su-hanh-chinh,nhan-su-hanh-chinh-van-phong
3599,marketing-truyen-thong,marketing-bien-phien-dich
3600,lao-dong-pho-thong,lao-dong-pho-thong-lai-xe
3601,lao-dong-pho-thong,lao-dong-pho-thong-lai-xe
3602,nhan-su-hanh-chinh,nhan-su-hanh-chinh-van-phong
3603,lao-dong-pho-thong,lao-dong-pho-thong-lai-xe
3604,lao-dong-pho-thong,lao-dong-pho-thong-lai-xe
3605,lao-dong-pho-thong,lao-dong-pho-thong-lai-xe
3606,,
3607,giao-duc-dao-tao,giao-duc-giang-day
3608,lao-dong-pho-thong,lao-dong-pho-thong-lai-xe
3609,marketing-truyen-thong,marketing-bien-phien-dich
3610,lao-dong-pho-thong,lao-dong-pho-thong-lai-xe
3611,co-khi-che-tao,co-khi-che-tao-co-khi
3612,lao-dong-pho-thong,lao-dong-pho-thong-lai-xe
3613,lao-dong-pho-thong,lao-dong-pho-thong-lai-xe
3614,ke-toan-tai-chinh,ke-toan-tai-chinh-kiem-toan
3615,lao-dong-pho-thong,lao-dong-pho-thong-lai-xe
3616,,
3617,lao-dong-pho-thong,lao-dong-pho-thong-lai-xe
3618,lao-dong-pho-thong,lao-dong-pho-thong-lai-xe
3619,thiet-ke-kien-truc,thiet-ke-my-thuat
3620,lao-dong-pho-thong,lao-dong-pho-thong-lai-xe
3621,marketing-truyen-thong,marketing-bien-phien-dich
3622,lao-dong-pho-thong,lao-dong-pho-thong-lai-xe
3623,nhan-su-hanh-chinh,nhan-su-tuyen-dung-cb
3624,,
3625,lao-dong-pho-thong,lao-dong-pho-thong-lai-xe
3626,lao-dong-pho-thong,lao-dong-pho-thong-lai-xe
3627,lao-dong-pho-thong,lao-dong-pho-thong-lai-xe
3628,lao-dong-pho-thong,lao-dong-pho-thong-lai-xe
3629,san-xuat-qa-qc,san-xuat-moi-truong
3630,van-tai-logistics,van-tai-giao-nhan
3631,ke-toan-tai-chinh,ke-toan-tai-chinh-kiem-toan
3632,van-tai-logistics,van-tai-giao-nhan
3633,lao-dong-pho-thong,lao-dong-pho-thong-lai-xe
3634,lao-dong-pho-thong,lao-dong-pho-thong-lai-xe
3635,ke-toan-tai-chinh,ke-toan-tai-chinh-kiem-toan
3636,lao-dong-pho-thong,lao-dong-pho-thong-lai-xe
3637,marketing-truyen-thong,marketing-bien-phien-dich
3638,,
3639,,
3640,lao-dong-pho-thong,lao-dong-pho-thong-lai-xe
3641,lao-dong-pho-thong,lao-dong-pho-thong-lai-xe
3642,lao-dong-pho-thong,lao-dong-pho-thong-lai-xe
3643,lao-dong-pho-thong,lao-dong-pho-thong-lai-xe
3644,lao-dong-pho-thong,lao-dong-pho-thong-lai-xe
3645,y-te-duoc,y-te-duoc-y-te
3646,,
3647,giao-duc-dao-tao,giao-duc-giang-day
3648,lao-dong-pho-thong,lao-dong-pho-thong-lai-xe
3649,san-xuat-qa-qc,san-xuat-quan-ly
3650,lao-dong-pho-thong,lao-dong-pho-thong-lai-xe
3651,,
3652,van-tai-logistics,van-tai-giao-nhan
3653,lao-dong-pho-thong,lao-dong-pho-thong-lai-xe
3654,,
3655,,
3656,nhan-su-hanh-chinh,nhan-su-hanh-chinh-van-phong
3657,,
3658,lao-dong-pho-thong,lao-dong-pho-thong-lai-xe
3659,lao-dong-pho-thong,lao-dong-pho-thong-lai-xe
3660,y-te-duoc,y-te-duoc-y-te
3661,nhan-su-hanh-chinh,nhan-su-tuyen-dung-cb
3662,dich-vu-khach-hang,dich-vu-khach-hang-cskh
3663,san-xuat-qa-qc,san-xuat-qa-qc-qa-qc
3664,,
3665,ke-toan-tai-chinh,ke-toan-tai-chinh-tai-chinh
3666,,
3667,,
3668,nhan-su-hanh-chinh,nhan-su-hanh-chinh-van-phong
3669,,
3670,lao-dong-pho-thong,lao-dong-pho-thong-lai-xe
3671,nhan-su-hanh-chinh,nhan-su-hanh-chinh-van-phong
3672,dich-vu-khach-hang,dich-vu-khach-hang-cskh
3673,lao-dong-pho-thong,lao-dong-pho-thong-lai-xe
3674,lao-dong-pho-thong,lao-dong-pho-thong-lai-xe
3675,nhan-su-hanh-chinh,nhan-su-hanh-chinh-van-phong
3676,lao-dong-pho-thong,lao-dong-pho-thong-lai-xe
3677,,
3678,giao-duc-dao-tao,giao-duc-giang-day
3679,lao-dong-pho-thong,lao-dong-pho-thong-lai-xe
3680,san-xuat-qa-qc,san-xuat-quan-ly
3681,giao-duc-dao-tao,giao-duc-giang-day
3682,lao-dong-pho-thong,lao-dong-pho-thong-lai-xe
3683,ke-toan-tai-chinh,ke-toan-tai-chinh-kiem-toan
3684,,
3685,lao-dong-pho-thong,lao-dong-pho-thong-lai-xe
3686,san-xuat-qa-qc,san-xuat-quan-ly
3687,lao-dong-pho-thong,lao-dong-pho-thong-lai-xe
3688,lao-dong-pho-thong,lao-dong-pho-thong-lai-xe
3689,lao-dong-pho-thong,lao-dong-pho-thong-lai-xe
3690,lao-dong-pho-thong,lao-dong-pho-thong-lai-xe
3691,san-xuat-qa-qc,san-xuat-thuc-pham
3692,ke-toan-tai-chinh,ke-toan-tai-chinh-kiem-toan
3693,kinh-doanh-ban-hang,kinh-doanh-ban-hang-ban-hang
3694,kinh-doanh-ban-hang,kinh-doanh-ban-hang-tong-hop
3695,van-tai-logistics,van-tai-giao-nhan
3696,lao-dong-pho-thong,lao-dong-pho-thong-lai-xe
3697,ke-toan-tai-chinh,ke-toan-tai-chinh-kiem-toan
3698,ke-toan-tai-chinh,ke-toan-tai-chinh-chung-khoan
3699,,
3700,nhan-su-hanh-chinh,nhan-su-hanh-chinh-van-phong
3701,lao-dong-pho-thong,lao-dong-pho-thong-lai-xe
3702,lao-dong-pho-thong,lao-dong-pho-thong-lai-xe
3703,ke-toan-tai-chinh,ke-toan-tai-chinh-kiem-toan
3704,lao-dong-pho-thong,lao-dong-pho-thong-lai-xe
3705,khach-san-nha-hang-du-lich,khach-san-khach-san
3706,lao-dong-pho-thong,lao-dong-pho-thong-lai-xe
3707,nhan-su-hanh-chinh,nhan-su-hanh-chinh-van-phong
3708,lao-dong-pho-thong,lao-dong-pho-thong-lai-xe
3709,xay-dung,xay-dung-ky-su
3710,kinh-doanh-ban-hang,kinh-doanh-ban-hang-tong-hop
3711,van-tai-logistics,van-tai-giao-nhan
3712,lao-dong-pho-thong,lao-dong-pho-thong-lai-xe
3713,lao-dong-pho-thong,lao-dong-pho-thong-lai-xe
3714,nhan-su-hanh-chinh,nhan-su-hanh-chinh-van-phong
3715,lao-dong-pho-thong,lao-dong-pho-thong-lai-xe
3716,khach-san-nha-hang-du-lich,khach-san-khach-san
3717,co-khi-che-tao,co-khi-che-tao-co-khi
3718,,
3719,lao-dong-pho-thong,lao-dong-pho-thong-lai-xe
3720,co-khi-che-tao,co-khi-che-tao-co-khi
3721,xay-dung,xay-dung-ky-su
3722,marketing-truyen-thong,marketing-bao-chi-truyen-hinh
3723,lao-dong-pho-thong,lao-dong-pho-thong-lai-xe
3724,lao-dong-pho-thong,lao-dong-pho-thong-lai-xe
3725,nhan-su-hanh-chinh,nhan-su-tuyen-dung-cb
3726,van-tai-logistics,van-tai-giao-nhan
3727,nhan-su-hanh-chinh,nhan-su-hanh-chinh-van-phong
3728,lao-dong-pho-thong,lao-dong-pho-thong-lai-xe
3729,thiet-ke-kien-truc,thiet-ke-my-thuat
3730,lao-dong-pho-thong,lao-dong-pho-thong-lai-xe
3731,lao-dong-pho-thong,lao-dong-pho-thong-lai-xe
3732,van-tai-logistics,van-tai-giao-nhan
3733,lao-dong-pho-thong,lao-dong-pho-thong-lai-xe
3734,,
3735,kinh-doanh-ban-hang,kinh-doanh-ban-hang-ban-hang
3736,ke-toan-tai-chinh,ke-toan-tai-chinh-kiem-toan
3737,,
3738,,
3739,xay-dung,xay-dung-ky-su
3740,,
3741,lao-dong-pho-thong,lao-dong-pho-thong-lai-xe
3742,lao-dong-pho-thong,lao-dong-pho-thong-lai-xe
3743,lao-dong-pho-thong,lao-dong-pho-thong-lai-xe
3744,,
3745,lao-dong-pho-thong,lao-dong-pho-thong-lai-xe
3746,,
3747,nhan-su-hanh-chinh,nhan-su-hanh-chinh-van-phong
3748,giao-duc-dao-tao,giao-duc-giang-day
3749,lao-dong-pho-thong,lao-dong-pho-thong-lai-xe
3750,nhan-su-hanh-chinh,nhan-su-hanh-chinh-van-phong
3751,kinh-doanh-ban-hang,kinh-doanh-ban-hang-ban-hang
3752,lao-dong-pho-thong,lao-dong-pho-thong-lai-xe
3753,lao-dong-pho-thong,lao-dong-pho-thong-lai-xe
3754,van-tai-logistics,van-tai-giao-nhan
3755,lao-dong-pho-thong,lao-dong-pho-thong-lai-xe
3756,cntt,cntt-phat-trien-phan-mem
3757,lao-dong-pho-thong,lao-dong-pho-thong-lai-xe
3758,dich-vu-khach-hang,dich-vu-khach-hang-cskh
3759,san-xuat-qa-qc,san-xuat-my-pham
3760,kinh-doanh-ban-hang,kinh-doanh-ban-hang-tong-hop
3761,ke-toan-tai-chinh,ke-toan-tai-chinh-kiem-toan
3762,dich-vu-khach-hang,dich-vu-khach-hang-cskh
3763,,
3764,,
3765,lao-dong-pho-thong,lao-dong-pho-thong-lai-xe
3766,marketing-truyen-thong,marketing-tong-hop
3767,nhan-su-hanh-chinh,nhan-su-tuyen-dung-cb
3768,lao-dong-pho-thong,lao-dong-pho-thong-lai-xe
3769,,
3770,dich-vu-khach-hang,dich-vu-khach-hang-cskh
3771,van-tai-logistics,van-tai-logistics-kho-van
3772,lao-dong-pho-thong,lao-dong-pho-thong-lai-xe
3773,lao-dong-pho-thong,lao-dong-pho-thong-lai-xe
3774,lao-dong-pho-thong,lao-dong-pho-thong-lai-xe
3775,lao-dong-pho-thong,lao-dong-pho-thong-lai-xe
3776,nhan-su-hanh-chinh,nhan-su-hanh-chinh-van-phong
3777,lao-dong-pho-thong,lao-dong-pho-thong-lai-xe
3778,lao-dong-pho-thong,lao-dong-pho-thong-tap-vu
3779,lao-dong-pho-thong,lao-dong-pho-thong-lai-xe
3780,lao-dong-pho-thong,lao-dong-pho-thong-lai-xe
3781,,
3782,lao-dong-pho-thong,lao-dong-pho-thong-lai-xe
3783,lao-dong-pho-thong,lao-dong-pho-thong-lai-xe
3784,lao-dong-pho-thong,lao-dong-pho-thong-lai-xe
3785,kinh-doanh-ban-hang,kinh-doanh-ban-hang-tong-hop
3786,lao-dong-pho-thong,lao-dong-pho-thong-lai-xe
3787,lao-dong-pho-thong,lao-dong-pho-thong-lai-xe
3788,giao-duc-dao-tao,giao-duc-giang-day
3789,cntt,cntt-phat-trien-phan-mem
3790,lao-dong-pho-thong,lao-dong-pho-thong-lai-xe
3791,kinh-doanh-ban-hang,kinh-doanh-ban-hang-tong-hop
3792,lao-dong-pho-thong,lao-dong-pho-thong-lai-xe
3793,,
3794,lao-dong-pho-thong,lao-dong-pho-thong-bao-ve
3795,lao-dong-pho-thong,lao-dong-pho-thong-lai-xe
3796,nhan-su-hanh-chinh,nhan-su-hanh-chinh-van-phong
3797,lao-dong-pho-thong,lao-dong-pho-thong-lai-xe
3798,giao-duc-dao-tao,giao-duc-giang-day
3799,lao-dong-pho-thong,lao-dong-pho-thong-lai-xe
3800,lao-dong-pho-thong,lao-dong-pho-thong-lai-xe
3801,lao-dong-pho-thong,lao-dong-pho-thong-lai-xe
3802,san-xuat-qa-qc,san-xuat-thuc-pham
3803,lao-dong-pho-thong,lao-dong-pho-thong-lai-xe
3804,lao-dong-pho-thong,lao-dong-pho-thong-lai-xe
3805,lao-dong-pho-thong,lao-dong-pho-thong-lai-xe
3806,lao-dong-pho-thong,lao-dong-pho-thong-lai-xe
3807,lao-dong-pho-thong,lao-dong-pho-thong-lai-xe
3808,kinh-doanh-ban-hang,kinh-doanh-ban-hang-tong-hop
3809,nhan-su-hanh-chinh,nhan-su-hanh-chinh-van-phong
3810,khach-san-nha-hang-du-lich,khach-san-du-lich-le-hanh
3811,lao-dong-pho-thong,lao-dong-pho-thong-lai-xe
3812,,
3813,van-tai-logistics,van-tai-giao-nhan
3814,dich-vu-khach-hang,dich-vu-khach-hang-cskh
3815,,
3816,lao-dong-pho-thong,lao-dong-pho-thong-lai-xe
3817,lao-dong-pho-thong,lao-dong-pho-thong-lai-xe
3818,lao-dong-pho-thong,lao-dong-pho-thong-lai-xe
3819,lao-dong-pho-thong,lao-dong-pho-thong-lai-xe
3820,lao-dong-pho-thong,lao-dong-pho-thong-lai-xe
3821,nhan-su-hanh-chinh,nhan-su-thu-ky-tro-ly
3822,van-tai-logistics,van-tai-giao-nhan
3823,lao-dong-pho-thong,lao-dong-pho-thong-lai-xe
3824,marketing-truyen-thong,marketing-bien-phien-dich
3825,lao-dong-pho-thong,lao-dong-pho-thong-lai-xe
3826,lao-dong-pho-thong,lao-dong-pho-thong-lai-xe
3827,,
3828,lao-dong-pho-thong,lao-dong-pho-thong-lai-xe
3829,marketing-truyen-thong,marketing-bien-phien-dich
3830,lao-dong-pho-thong,lao-dong-pho-thong-lai-xe
3831,van-tai-logistics,van-tai-giao-nhan
3832,,
3833,lao-dong-pho-thong,lao-dong-pho-thong-lai-xe
3834,lao-dong-pho-thong,lao-dong-pho-thong-lai-xe
3835,nhan-su-hanh-chinh,nhan-su-hanh-chinh-van-phong
3836,van-tai-logistics,van-tai-giao-nhan
3837,nhan-su-hanh-chinh,nhan-su-hanh-chinh-van-phong
3838,lao-dong-pho-thong,lao-dong-pho-thong-lai-xe
3839,van-tai-logistics,van-tai-logistics-kho-van
3840,lao-dong-pho-thong,lao-dong-pho-thong-lai-xe
3841,,
3842,lao-dong-pho-thong,lao-dong-pho-thong-lai-xe
3843,van-tai-logistics,van-tai-logistics-kho-van
3844,lao-dong-pho-thong,lao-dong-pho-thong-lai-xe
3845,lao-dong-pho-thong,lao-dong-pho-thong-lai-xe
3846,van-tai-logistics,van-tai-giao-nhan
3847,nhan-su-hanh-chinh,nhan-su-hanh-chinh-van-phong
3848,lao-dong-pho-thong,lao-dong-pho-thong-lai-xe
3849,khach-san-nha-hang-du-lich,khach-san-khach-san
3850,cntt,cntt-phat-trien-phan-mem
3851,lao-dong-pho-thong,lao-dong-pho-thong-tap-vu
3852,lao-dong-pho-thong,lao-dong-pho-thong-lai-xe
3853,kinh-doanh-ban-hang,kinh-doanh-ban-hang-tong-hop
3854,ke-toan-tai-chinh,ke-toan-tai-chinh-chung-khoan
3855,lao-dong-pho-thong,lao-dong-pho-thong-lai-xe
3856,lao-dong-pho-thong,lao-dong-pho-thong-lai-xe
3857,marketing-truyen-thong,marketing-bien-phien-dich
3858,y-te-duoc,y-te-duoc-y-te
3859,,
3860,lao-dong-pho-thong,lao-dong-pho-thong-lai-xe
3861,ke-toan-tai-chinh,ke-toan-tai-chinh-kiem-toan
3862,lao-dong-pho-thong,lao-dong-pho-thong-lai-xe
3863,khach-san-nha-hang-du-lich,khach-san-spa-lam-dep
3864,nhan-su-hanh-chinh,nhan-su-hanh-chinh-van-phong
3865,lao-dong-pho-thong,lao-dong-pho-thong-lai-xe
3866,lao-dong-pho-thong,lao-dong-pho-thong-lai-xe
3867,lao-dong-pho-thong,lao-dong-pho-thong-lai-xe
3868,,
3869,lao-dong-pho-thong,lao-dong-pho-thong-lai-xe
3870,lao-dong-pho-thong,lao-dong-pho-thong-lai-xe
3871,giao-duc-dao-tao,giao-duc-giang-day
3872,ke-toan-tai-chinh,ke-toan-tai-chinh-kiem-toan
3873,lao-dong-pho-thong,lao-dong-pho-thong-lai-xe
3874,lao-dong-pho-thong,lao-dong-pho-thong-lai-xe
3875,lao-dong-pho-thong,lao-dong-pho-thong-lai-xe
3876,lao-dong-pho-thong,lao-dong-pho-thong-lai-xe
3877,kinh-doanh-ban-hang,kinh-doanh-ban-hang-tong-hop
3878,,
3879,,
3880,lao-dong-pho-thong,lao-dong-pho-thong-lai-xe
3881,lao-dong-pho-thong,lao-dong-pho-thong-lai-xe
3882,,
3883,nhan-su-hanh-chinh,nhan-su-hanh-chinh-van-phong
3884,lao-dong-pho-thong,lao-dong-pho-thong-lai-xe
3885,lao-dong-pho-thong,lao-dong-pho-thong-lai-xe
3886,lao-dong-pho-thong,lao-dong-pho-thong-lai-xe
3887,,
3888,marketing-truyen-thong,marketing-tong-hop
3889,lao-dong-pho-thong,lao-dong-pho-thong-bao-ve
3890,,
3891,,
3892,van-tai-logistics,van-tai-giao-nhan
3893,cntt,cntt-phat-trien-phan-mem
3894,lao-dong-pho-thong,lao-dong-pho-thong-lai-xe
3895,lao-dong-pho-thong,lao-dong-pho-thong-lai-xe
3896,lao-dong-pho-thong,lao-dong-pho-thong-lai-xe
3897,kinh-doanh-ban-hang,kinh-doanh-ban-hang-tong-hop
3898,nhan-su-hanh-chinh,nhan-su-hanh-chinh-van-phong
3899,lao-dong-pho-thong,lao-dong-pho-thong-lai-xe
3900,nhan-su-hanh-chinh,nhan-su-tuyen-dung-cb
3901,lao-dong-pho-thong,lao-dong-pho-thong-lai-xe
3902,lao-dong-pho-thong,lao-dong-pho-thong-lai-xe
3903,nhan-su-hanh-chinh,nhan-su-hanh-chinh-van-phong
3904,lao-dong-pho-thong,lao-dong-pho-thong-lai-xe
3905,,
3906,lao-dong-pho-thong,lao-dong-pho-thong-lai-xe
3907,,
3908,lao-dong-pho-thong,lao-dong-pho-thong-lai-xe
3909,nhan-su-hanh-chinh,nhan-su-hanh-chinh-van-phong
3910,,
3911,lao-dong-pho-thong,lao-dong-pho-thong-lai-xe
3912,ke-toan-tai-chinh,ke-toan-tai-chinh-chung-khoan
3913,,
3914,marketing-truyen-thong,marketing-bien-phien-dich
3915,lao-dong-pho-thong,lao-dong-pho-thong-lai-xe
3916,,
3917,,
3918,lao-dong-pho-thong,lao-dong-pho-thong-lai-xe
3919,lao-dong-pho-thong,lao-dong-pho-thong-lai-xe
3920,,
3921,,
3922,kinh-doanh-ban-hang,kinh-doanh-ban-hang-ban-hang
3923,van-tai-logistics,van-tai-logistics-kho-van
3924,cntt,cntt-phat-trien-phan-mem
3925,van-tai-logistics,van-tai-giao-nhan
3926,lao-dong-pho-thong,lao-dong-pho-thong-lai-xe
3927,lao-dong-pho-thong,lao-dong-pho-thong-lai-xe
3928,lao-dong-pho-thong,lao-dong-pho-thong-lai-xe
3929,lao-dong-pho-thong,lao-dong-pho-thong-lai-xe
3930,nhan-su-hanh-chinh,nhan-su-hanh-chinh-van-phong
3931,lao-dong-pho-thong,lao-dong-pho-thong-lai-xe
3932,marketing-truyen-thong,marketing-tong-hop
3933,nhan-su-hanh-chinh,nhan-su-hanh-chinh-van-phong
3934,marketing-truyen-thong,marketing-bien-phien-dich
3935,nhan-su-hanh-chinh,nhan-su-hanh-chinh-van-phong
3936,lao-dong-pho-thong,lao-dong-pho-thong-lai-xe
3937,ke-toan-tai-chinh,ke-toan-tai-chinh-kiem-toan
3938,lao-dong-pho-thong,lao-dong-pho-thong-lai-xe
3939,lao-dong-pho-thong,lao-dong-pho-thong-lai-xe
3940,lao-dong-pho-thong,lao-dong-pho-thong-lai-xe
3941,kinh-doanh-ban-hang,kinh-doanh-ban-hang-tong-hop
3942,lao-dong-pho-thong,lao-dong-pho-thong-lai-xe
3943,lao-dong-pho-thong,lao-dong-pho-thong-lai-xe
3944,,
3945,nhan-su-hanh-chinh,nhan-su-hanh-chinh-van-phong
3946,khach-san-nha-hang-du-lich,khach-san-nha-hang-fb
3947,,
3948,lao-dong-pho-thong,lao-dong-pho-thong-lai-xe
3949,marketing-truyen-thong,marketing-tong-hop
3950,,
3951,lao-dong-pho-thong,lao-dong-pho-thong-lai-xe
3952,ke-toan-tai-chinh,ke-toan-tai-chinh-kiem-toan
3953,xay-dung,xay-dung-ky-su
3954,ke-toan-tai-chinh,ke-toan-tai-chinh-kiem-toan
3955,lao-dong-pho-thong,lao-dong-pho-thong-lai-xe
3956,lao-dong-pho-thong,lao-dong-pho-thong-lai-xe
3957,lao-dong-pho-thong,lao-dong-pho-thong-lai-xe
3958,ke-toan-tai-chinh,ke-toan-tai-chinh-kiem-toan
3959,kinh-doanh-ban-hang,kinh-doanh-ban-hang-tong-hop
3960,,
3961,van-tai-logistics,van-tai-giao-nhan
3962,lao-dong-pho-thong,lao-dong-pho-thong-lai-xe
3963,lao-dong-pho-thong,lao-dong-pho-thong-lai-xe
3964,lao-dong-pho-thong,lao-dong-pho-thong-lai-xe
3965,lao-dong-pho-thong,lao-dong-pho-thong-lai-xe
3966,thiet-ke-kien-truc,thiet-ke-my-thuat
3967,lao-dong-pho-thong,lao-dong-pho-thong-lai-xe
3968,cntt,cntt-phat-trien-phan-mem
3969,lao-dong-pho-thong,lao-dong-pho-thong-lai-xe
3970,,
3971,lao-dong-pho-thong,lao-dong-pho-thong-lai-xe
3972,,
3973,,
3974,,
3975,,
3976,lao-dong-pho-thong,lao-dong-pho-thong-lai-xe
3977,marketing-truyen-thong,marketing-bien-phien-dich
3978,lao-dong-pho-thong,lao-dong-pho-thong-lai-xe
3979,lao-dong-pho-thong,lao-dong-pho-thong-lai-xe
3980,lao-dong-pho-thong,lao-dong-pho-thong-lai-xe
3981,lao-dong-pho-thong,lao-dong-pho-thong-lai-xe
3982,lao-dong-pho-thong,lao-dong-pho-thong-lai-xe
