jd_row_index,industry_group_slug,industry_branch_slug
0,nhan-su-hanh-chinh,nhan-su-hanh-chinh-van-phong
1,cntt,cntt-phat-trien-phan-mem
2,nhan-su-hanh-chinh,nhan-su-tuyen-dung-cb
3,khach-san-nha-hang-du-lich,khach-san-khach-san
4,nhan-su-hanh-chinh,nhan-su-hanh-chinh-van-phong
5,thiet-ke-kien-truc,thiet-ke-do-hoa
6,,
7,marketing-truyen-thong,marketing-truyen-thong-pr
8,cntt,cntt-phat-trien-phan-mem
9,kinh-doanh-ban-hang,kinh-doanh-ban-hang-tong-hop
10,kinh-doanh-ban-hang,kinh-doanh-ban-hang-tong-hop
11,dich-vu-khach-hang,dich-vu-khach-hang-cskh
12,marketing-truyen-thong,marketing-truyen-thong-pr
13,nhan-su-hanh-chinh,nhan-su-tuyen-dung-cb
14,marketing-truyen-thong,marketing-truyen-thong-pr
15,san-xuat-qa-qc,san-xuat-qa-qc-qa-qc
16,kinh-doanh-ban-hang,kinh-doanh-ban-hang-tong-hop
17,bat-dong-san,bat-dong-san-moi-gioi
18,dich-vu-khach-hang,dich-vu-khach-hang-cskh
19,marketing-truyen-thong,marketing-truyen-thong-pr
20,kinh-doanh-ban-hang,kinh-doanh-ban-hang-tong-hop
21,kinh-doanh-ban-hang,kinh-doanh-ban-hang-tong-hop
22,ke-toan-tai-chinh,ke-toan-tai-chinh-ngan-hang
23,giao-duc-dao-tao,giao-duc-giang-day
24,cntt,cntt-phat-trien-phan-mem
25,dien-dien-tu-vien-thong,dien-dien-tu-vien-thong-vt
26,khach-san-nha-hang-du-lich,khach-san-khach-san
27,,
28,cntt,cntt-phat-trien-phan-mem
29,kinh-doanh-ban-hang,kinh-doanh-ban-hang-tong-hop
30,giao-duc-dao-tao,giao-duc-giang-day
31,marketing-truyen-thong,marketing-truyen-thong-pr
32,kinh-doanh-ban-hang,kinh-doanh-ban-hang-tong-hop
33,khach-san-nha-hang-du-lich,khach-san-du-lich-le-hanh
34,cntt,cntt-phat-trien-phan-mem
35,kinh-doanh-ban-hang,kinh-doanh-ban-hang-tong-hop
36,kinh-doanh-ban-hang,kinh-doanh-ban-hang-tong-hop
37,khach-san-nha-hang-du-lich,khach-san-spa-lam-dep
38,giao-duc-dao-tao,giao-duc-giang-day
39,nhan-su-hanh-chinh,nhan-su-hanh-chinh-van-phong
40,nhan-su-hanh-chinh,nhan-su-hanh-chinh-van-phong
41,kinh-doanh-ban-hang,kinh-doanh-ban-hang-tong-hop
42,kinh-doanh-ban-hang,kinh-doanh-ban-hang-tong-hop
43,kinh-doanh-ban-hang,kinh-doanh-ban-hang-tong-hop
44,nhan-su-hanh-chinh,nhan-su-tuyen-dung-cb
45,van-tai-logistics,van-tai-logistics-kho-van
46,cntt,cntt-phat-trien-phan-mem
47,kinh-doanh-ban-hang,kinh-doanh-ban-hang-tong-hop
48,kinh-doanh-ban-hang,kinh-doanh-ban-hang-tong-hop
49,nhan-su-hanh-chinh,nhan-su-tuyen-dung-cb
50,van-tai-logistics,van-tai-xuat-nhap-khau
51,san-xuat-qa-qc,san-xuat-det-may
52,ke-toan-tai-chinh,ke-toan-tai-chinh-kiem-toan
53,kinh-doanh-ban-hang,kinh-doanh-ban-hang-tong-hop
54,nhan-su-hanh-chinh,nhan-su-tuyen-dung-cb
55,cntt,cntt-phat-trien-phan-mem
56,kinh-doanh-ban-hang,kinh-doanh-ban-hang-tong-hop
57,bat-dong-san,bat-dong-san-moi-gioi
58,,
59,ke-toan-tai-chinh,ke-toan-tai-chinh-bao-hiem
60,dien-dien-tu-vien-thong,dien-dien-tu-dien-lanh
61,van-tai-logistics,van-tai-logistics-kho-van
62,thiet-ke-kien-truc,thiet-ke-do-hoa
63,san-xuat-qa-qc,san-xuat-det-may
64,marketing-truyen-thong,marketing-truyen-thong-pr
65,ke-toan-tai-chinh,ke-toan-tai-chinh-chung-khoan
66,ke-toan-tai-chinh,ke-toan-tai-chinh-kiem-toan
67,kinh-doanh-ban-hang,kinh-doanh-ban-hang-tong-hop
68,ke-toan-tai-chinh,ke-toan-tai-chinh-bao-hiem
69,cntt,cntt-phat-trien-phan-mem
70,kinh-doanh-ban-hang,kinh-doanh-ban-hang-tong-hop
71,ke-toan-tai-chinh,ke-toan-tai-chinh-kiem-toan
72,kinh-doanh-ban-hang,kinh-doanh-ban-hang-tong-hop
73,kinh-doanh-ban-hang,kinh-doanh-ban-hang-tong-hop
74,van-tai-logistics,van-tai-xuat-nhap-khau
75,ke-toan-tai-chinh,ke-toan-tai-chinh-ngan-hang
76,cntt,cntt-phat-trien-phan-mem
77,ke-toan-tai-chinh,ke-toan-tai-chinh-ngan-hang
78,kinh-doanh-ban-hang,kinh-doanh-ban-hang-tong-hop
79,giao-duc-dao-tao,giao-duc-giang-day
80,thiet-ke-kien-truc,thiet-ke-do-hoa
81,kinh-doanh-ban-hang,kinh-doanh-ban-hang-tong-hop
82,san-xuat-qa-qc,san-xuat-quan-ly
83,kinh-doanh-ban-hang,kinh-doanh-ban-hang-tong-hop
84,ke-toan-tai-chinh,ke-toan-tai-chinh-kiem-toan
85,khach-san-nha-hang-du-lich,khach-san-spa-lam-dep
86,kinh-doanh-ban-hang,kinh-doanh-ban-hang-tong-hop
87,ke-toan-tai-chinh,ke-toan-tai-chinh-bao-hiem
88,,
89,marketing-truyen-thong,marketing-truyen-thong-pr
90,ke-toan-tai-chinh,ke-toan-tai-chinh-kiem-toan
91,nhan-su-hanh-chinh,nhan-su-tuyen-dung-cb
92,cntt,cntt-phat-trien-phan-mem
93,kinh-doanh-ban-hang,kinh-doanh-ban-hang-tong-hop
94,kinh-doanh-ban-hang,kinh-doanh-ban-hang-tong-hop
95,san-xuat-qa-qc,san-xuat-det-may
96,ke-toan-tai-chinh,ke-toan-tai-chinh-kiem-toan
97,,
98,kinh-doanh-ban-hang,kinh-doanh-ban-hang-tong-hop
99,ke-toan-tai-chinh,ke-toan-tai-chinh-ngan-hang
100,khach-san-nha-hang-du-lich,khach-san-khach-san
101,nhan-su-hanh-chinh,nhan-su-tuyen-dung-cb
102,,
103,giao-duc-dao-tao,giao-duc-giang-day
104,marketing-truyen-thong,marketing-bien-phien-dich
105,cntt,cntt-phan-cung-mang
106,,
107,,
108,marketing-truyen-thong,marketing-truyen-thong-pr
109,bat-dong-san,bat-dong-san-moi-gioi
110,marketing-truyen-thong,marketing-truyen-thong-pr
111,kinh-doanh-ban-hang,kinh-doanh-ban-hang-tong-hop
112,ke-toan-tai-chinh,ke-toan-tai-chinh-kiem-toan
113,marketing-truyen-thong,marketing-truyen-thong-pr
114,,
115,marketing-truyen-thong,marketing-truyen-thong-pr
116,khach-san-nha-hang-du-lich,khach-san-khach-san
117,ke-toan-tai-chinh,ke-toan-tai-chinh-bao-hiem
118,marketing-truyen-thong,marketing-truyen-thong-pr
119,ke-toan-tai-chinh,ke-toan-tai-chinh-ngan-hang
120,marketing-truyen-thong,marketing-truyen-thong-pr
121,kinh-doanh-ban-hang,kinh-doanh-ban-hang-tong-hop
122,kinh-doanh-ban-hang,kinh-doanh-ban-hang-tong-hop
123,van-tai-logistics,van-tai-xuat-nhap-khau
124,giao-duc-dao-tao,giao-duc-giang-day
125,khach-san-nha-hang-du-lich,khach-san-khach-san
126,ke-toan-tai-chinh,ke-toan-tai-chinh-bao-hiem
127,ke-toan-tai-chinh,ke-toan-tai-chinh-kiem-toan
128,kinh-doanh-ban-hang,kinh-doanh-ban-hang-ban-hang
129,,
130,marketing-truyen-thong,marketing-truyen-thong-pr
131,cntt,cntt-phat-trien-phan-mem
132,giao-duc-dao-tao,giao-duc-giang-day
133,kinh-doanh-ban-hang,kinh-doanh-ban-hang-ban-hang
134,ke-toan-tai-chinh,ke-toan-tai-chinh-ngan-hang
135,kinh-doanh-ban-hang,kinh-doanh-ban-hang-tong-hop
136,dien-dien-tu-vien-thong,dien-dien-tu-vien-thong-vt
137,dich-vu-khach-hang,dich-vu-khach-hang-cskh
138,khach-san-nha-hang-du-lich,khach-san-khach-san
139,van-tai-logistics,van-tai-logistics-kho-van
140,ke-toan-tai-chinh,ke-toan-tai-chinh-ngan-hang
141,thiet-ke-kien-truc,thiet-ke-kien-truc-kien-truc
142,cntt,cntt-phat-trien-phan-mem
143,marketing-truyen-thong,marketing-truyen-thong-pr
144,dich-vu-khach-hang,dich-vu-khach-hang-cskh
145,cntt,cntt-phat-trien-phan-mem
146,,
147,kinh-doanh-ban-hang,kinh-doanh-ban-hang-tong-hop
148,,
149,thiet-ke-kien-truc,thiet-ke-do-hoa
150,kinh-doanh-ban-hang,kinh-doanh-ban-hang-tong-hop
151,marketing-truyen-thong,marketing-truyen-thong-pr
152,co-khi-che-tao,co-khi-o-to
153,cntt,cntt-phat-trien-phan-mem
154,giao-duc-dao-tao,giao-duc-giang-day
155,,
156,cntt,cntt-phat-trien-phan-mem
157,cntt,cntt-phat-trien-phan-mem
158,marketing-truyen-thong,marketing-truyen-thong-pr
159,nhan-su-hanh-chinh,nhan-su-thu-ky-tro-ly
160,ke-toan-tai-chinh,ke-toan-tai-chinh-bao-hiem
161,dich-vu-khach-hang,dich-vu-khach-hang-cskh
162,cntt,cntt-phat-trien-phan-mem
163,nhan-su-hanh-chinh,nhan-su-tuyen-dung-cb
164,giao-duc-dao-tao,giao-duc-giang-day
165,xay-dung,xay-dung-ky-su
166,nhan-su-hanh-chinh,nhan-su-phap-ly-phap-che
167,y-te-duoc,y-te-duoc-y-te
168,marketing-truyen-thong,marketing-truyen-thong-pr
169,cntt,cntt-phat-trien-phan-mem
170,giao-duc-dao-tao,giao-duc-giang-day
171,cntt,cntt-phat-trien-phan-mem
172,y-te-duoc,y-te-duoc-y-te
173,kinh-doanh-ban-hang,kinh-doanh-ban-hang-tong-hop
174,giao-duc-dao-tao,giao-duc-giang-day
175,kinh-doanh-ban-hang,kinh-doanh-ban-hang-tong-hop
176,giao-duc-dao-tao,giao-duc-giang-day
177,giao-duc-dao-tao,giao-duc-giang-day
178,kinh-doanh-ban-hang,kinh-doanh-ban-hang-tong-hop
179,kinh-doanh-ban-hang,kinh-doanh-ban-hang-tong-hop
180,ke-toan-tai-chinh,ke-toan-tai-chinh-kiem-toan
181,ke-toan-tai-chinh,ke-toan-tai-chinh-bao-hiem
182,kinh-doanh-ban-hang,kinh-doanh-ban-hang-tong-hop
183,,
184,khach-san-nha-hang-du-lich,khach-san-du-lich-le-hanh
185,nhan-su-hanh-chinh,nhan-su-hanh-chinh-van-phong
186,kinh-doanh-ban-hang,kinh-doanh-ban-hang-tong-hop
187,san-xuat-qa-qc,san-xuat-qa-qc-qa-qc
188,nhan-su-hanh-chinh,nhan-su-tuyen-dung-cb
189,ke-toan-tai-chinh,ke-toan-tai-chinh-bao-hiem
190,kinh-doanh-ban-hang,kinh-doanh-ban-hang-tong-hop
191,kinh-doanh-ban-hang,kinh-doanh-ban-hang-tong-hop
192,san-xuat-qa-qc,san-xuat-qa-qc-qa-qc
193,cntt,cntt-phat-trien-phan-mem
194,thiet-ke-kien-truc,thiet-ke-do-hoa
195,marketing-truyen-thong,marketing-bien-phien-dich
196,,
197,nhan-su-hanh-chinh,nhan-su-tuyen-dung-cb
198,ke-toan-tai-chinh,ke-toan-tai-chinh-ngan-hang
199,nhan-su-hanh-chinh,nhan-su-tuyen-dung-cb
200,cntt,cntt-phat-trien-phan-mem
201,giao-duc-dao-tao,giao-duc-giang-day
202,cntt,cntt-phat-trien-phan-mem
203,kinh-doanh-ban-hang,kinh-doanh-ban-hang-tong-hop
204,ke-toan-tai-chinh,ke-toan-tai-chinh-kiem-toan
205,san-xuat-qa-qc,san-xuat-qa-qc-qa-qc
206,marketing-truyen-thong,marketing-truyen-thong-pr
207,ke-toan-tai-chinh,ke-toan-tai-chinh-bao-hiem
208,,
209,ke-toan-tai-chinh,ke-toan-tai-chinh-ngan-hang
210,,
211,cntt,cntt-phat-trien-phan-mem
212,cntt,cntt-phat-trien-phan-mem
213,thiet-ke-kien-truc,thiet-ke-kien-truc-kien-truc
214,,
215,,
216,khach-san-nha-hang-du-lich,khach-san-du-lich-le-hanh
217,,
218,giao-duc-dao-tao,giao-duc-giang-day
219,,
220,khach-san-nha-hang-du-lich,khach-san-khach-san
221,san-xuat-qa-qc,san-xuat-quan-ly
222,ke-toan-tai-chinh,ke-toan-tai-chinh-bao-hiem
223,,
224,ke-toan-tai-chinh,ke-toan-tai-chinh-kiem-toan
225,cntt,cntt-phat-trien-phan-mem
226,san-xuat-qa-qc,san-xuat-quan-ly
227,kinh-doanh-ban-hang,kinh-doanh-ban-hang-tong-hop
228,,
229,marketing-truyen-thong,marketing-truyen-thong-pr
230,cntt,cntt-phat-trien-phan-mem
231,,
232,kinh-doanh-ban-hang,kinh-doanh-ban-hang-tong-hop
233,marketing-truyen-thong,marketing-truyen-thong-pr
234,kinh-doanh-ban-hang,kinh-doanh-ban-hang-tong-hop
235,dich-vu-khach-hang,dich-vu-khach-hang-cskh
236,,
237,ke-toan-tai-chinh,ke-toan-tai-chinh-kiem-toan
238,y-te-duoc,y-te-duoc-y-te
239,cntt,cntt-phat-trien-phan-mem
240,kinh-doanh-ban-hang,kinh-doanh-ban-hang-tong-hop
241,kinh-doanh-ban-hang,kinh-doanh-ban-hang-tong-hop
242,giao-duc-dao-tao,giao-duc-giang-day
243,nhan-su-hanh-chinh,nhan-su-hanh-chinh-van-phong
244,nhan-su-hanh-chinh,nhan-su-thu-ky-tro-ly
245,thiet-ke-kien-truc,thiet-ke-noi-that
246,san-xuat-qa-qc,san-xuat-quan-ly
247,van-tai-logistics,van-tai-xuat-nhap-khau
248,cntt,cntt-phat-trien-phan-mem
249,nhan-su-hanh-chinh,nhan-su-hanh-chinh-van-phong
250,marketing-truyen-thong,marketing-truyen-thong-pr
251,,
252,san-xuat-qa-qc,san-xuat-my-pham
253,ke-toan-tai-chinh,ke-toan-tai-chinh-kiem-toan
254,bat-dong-san,bat-dong-san-moi-gioi
255,kinh-doanh-ban-hang,kinh-doanh-ban-hang-tong-hop
256,ke-toan-tai-chinh,ke-toan-tai-chinh-kiem-toan
257,ke-toan-tai-chinh,ke-toan-tai-chinh-ngan-hang
258,kinh-doanh-ban-hang,kinh-doanh-ban-hang-tong-hop
259,,
260,kinh-doanh-ban-hang,kinh-doanh-ban-hang-tong-hop
261,marketing-truyen-thong,marketing-truyen-thong-pr
262,y-te-duoc,y-te-duoc-y-te
263,nhan-su-hanh-chinh,nhan-su-tuyen-dung-cb
264,kinh-doanh-ban-hang,kinh-doanh-ban-hang-tong-hop
265,san-xuat-qa-qc,san-xuat-det-may
266,dien-dien-tu-vien-thong,dien-dien-tu-vien-thong-vt
267,dien-dien-tu-vien-thong,dien-dien-tu-dien-lanh
268,,
269,kinh-doanh-ban-hang,kinh-doanh-ban-hang-tong-hop
270,marketing-truyen-thong,marketing-truyen-thong-pr
271,cntt,cntt-phat-trien-phan-mem
272,san-xuat-qa-qc,san-xuat-qa-qc-qa-qc
273,ke-toan-tai-chinh,ke-toan-tai-chinh-kiem-toan
274,nhan-su-hanh-chinh,nhan-su-tuyen-dung-cb
275,kinh-doanh-ban-hang,kinh-doanh-ban-hang-tong-hop
276,ke-toan-tai-chinh,ke-toan-tai-chinh-kiem-toan
277,,
278,ke-toan-tai-chinh,ke-toan-tai-chinh-ngan-hang
279,dien-dien-tu-vien-thong,dien-dien-tu-dien-lanh
280,giao-duc-dao-tao,giao-duc-giang-day
281,kinh-doanh-ban-hang,kinh-doanh-ban-hang-tong-hop
282,,
283,thiet-ke-kien-truc,thiet-ke-noi-that
284,kinh-doanh-ban-hang,kinh-doanh-ban-hang-tong-hop
285,dien-dien-tu-vien-thong,dien-dien-tu-vien-thong-vt
286,,
287,y-te-duoc,y-te-duoc-y-te
288,kinh-doanh-ban-hang,kinh-doanh-ban-hang-tong-hop
289,kinh-doanh-ban-hang,kinh-doanh-ban-hang-tong-hop
290,khach-san-nha-hang-du-lich,khach-san-du-lich-le-hanh
291,khach-san-nha-hang-du-lich,khach-san-khach-san
292,marketing-truyen-thong,marketing-truyen-thong-pr
293,kinh-doanh-ban-hang,kinh-doanh-ban-hang-tong-hop
294,marketing-truyen-thong,marketing-bien-phien-dich
295,ke-toan-tai-chinh,ke-toan-tai-chinh-bao-hiem
296,,
297,,
298,san-xuat-qa-qc,san-xuat-quan-ly
299,nhan-su-hanh-chinh,nhan-su-phap-ly-phap-che
300,cntt,cntt-phat-trien-phan-mem
301,kinh-doanh-ban-hang,kinh-doanh-ban-hang-tong-hop
302,kinh-doanh-ban-hang,kinh-doanh-ban-hang-tong-hop
303,cntt,cntt-phat-trien-phan-mem
304,cntt,cntt-phat-trien-phan-mem
305,nhan-su-hanh-chinh,nhan-su-tuyen-dung-cb
306,co-khi-che-tao,co-khi-tu-dong-hoa
307,cntt,cntt-phat-trien-phan-mem
308,san-xuat-qa-qc,san-xuat-qa-qc-qa-qc
309,xay-dung,xay-dung-ky-su
310,thiet-ke-kien-truc,thiet-ke-kien-truc-kien-truc
311,marketing-truyen-thong,marketing-truyen-thong-pr
312,nhan-su-hanh-chinh,nhan-su-hanh-chinh-van-phong
313,bat-dong-san,bat-dong-san-moi-gioi
314,dien-dien-tu-vien-thong,dien-dien-tu-dien-lanh
315,dich-vu-khach-hang,dich-vu-khach-hang-cskh
316,kinh-doanh-ban-hang,kinh-doanh-ban-hang-tong-hop
317,,
318,ke-toan-tai-chinh,ke-toan-tai-chinh-bao-hiem
319,kinh-doanh-ban-hang,kinh-doanh-ban-hang-tong-hop
320,ke-toan-tai-chinh,ke-toan-tai-chinh-kiem-toan
321,ke-toan-tai-chinh,ke-toan-tai-chinh-kiem-toan
322,giao-duc-dao-tao,giao-duc-giang-day
323,kinh-doanh-ban-hang,kinh-doanh-ban-hang-tong-hop
324,kinh-doanh-ban-hang,kinh-doanh-ban-hang-tong-hop
325,,
326,bat-dong-san,bat-dong-san-moi-gioi
327,kinh-doanh-ban-hang,kinh-doanh-ban-hang-tong-hop
328,kinh-doanh-ban-hang,kinh-doanh-ban-hang-tong-hop
329,kinh-doanh-ban-hang,kinh-doanh-ban-hang-tong-hop
330,kinh-doanh-ban-hang,kinh-doanh-ban-hang-tong-hop
331,kinh-doanh-ban-hang,kinh-doanh-ban-hang-ban-le-si
332,ke-toan-tai-chinh,ke-toan-tai-chinh-bao-hiem
333,,
334,kinh-doanh-ban-hang,kinh-doanh-ban-hang-tong-hop
335,kinh-doanh-ban-hang,kinh-doanh-ban-hang-tong-hop
336,kinh-doanh-ban-hang,kinh-doanh-ban-hang-tong-hop
337,xay-dung,xay-dung-ky-su
338,khach-san-nha-hang-du-lich,khach-san-khach-san
339,khach-san-nha-hang-du-lich,khach-san-spa-lam-dep
340,,
341,marketing-truyen-thong,marketing-truyen-thong-pr
342,kinh-doanh-ban-hang,kinh-doanh-ban-hang-tong-hop
343,van-tai-logistics,van-tai-logistics-kho-van
344,xay-dung,xay-dung-ky-su
345,van-tai-logistics,van-tai-xuat-nhap-khau
346,kinh-doanh-ban-hang,kinh-doanh-ban-hang-tong-hop
347,ke-toan-tai-chinh,ke-toan-tai-chinh-bao-hiem
348,kinh-doanh-ban-hang,kinh-doanh-ban-hang-ban-hang
349,san-xuat-qa-qc,san-xuat-qa-qc-qa-qc
350,ke-toan-tai-chinh,ke-toan-tai-chinh-bao-hiem
351,giao-duc-dao-tao,giao-duc-giang-day
352,kinh-doanh-ban-hang,kinh-doanh-ban-hang-tong-hop
353,kinh-doanh-ban-hang,kinh-doanh-ban-hang-tong-hop
354,cntt,cntt-phat-trien-phan-mem
355,marketing-truyen-thong,marketing-truyen-thong-pr
356,co-khi-che-tao,co-khi-tu-dong-hoa
357,san-xuat-qa-qc,san-xuat-qa-qc-qa-qc
358,,
359,khach-san-nha-hang-du-lich,khach-san-spa-lam-dep
360,ke-toan-tai-chinh,ke-toan-tai-chinh-kiem-toan
361,bat-dong-san,bat-dong-san-moi-gioi
362,,
363,cntt,cntt-phan-cung-mang
364,kinh-doanh-ban-hang,kinh-doanh-ban-hang-tong-hop
365,thiet-ke-kien-truc,thiet-ke-do-hoa
366,cntt,cntt-phat-trien-phan-mem
367,y-te-duoc,y-te-duoc-y-te
368,kinh-doanh-ban-hang,kinh-doanh-ban-hang-tong-hop
369,cntt,cntt-phat-trien-phan-mem
370,cntt,cntt-phat-trien-phan-mem
371,dien-dien-tu-vien-thong,dien-dien-tu-dien-lanh
372,kinh-doanh-ban-hang,kinh-doanh-ban-hang-tong-hop
373,,
374,y-te-duoc,y-te-duoc-y-te
375,,
376,van-tai-logistics,van-tai-logistics-kho-van
377,dien-dien-tu-vien-thong,dien-dien-tu-dien-lanh
378,thiet-ke-kien-truc,thiet-ke-do-hoa
379,kinh-doanh-ban-hang,kinh-doanh-ban-hang-tong-hop
380,marketing-truyen-thong,marketing-truyen-thong-pr
381,cntt,cntt-phat-trien-phan-mem
382,san-xuat-qa-qc,san-xuat-quan-ly
383,cntt,cntt-phat-trien-phan-mem
384,kinh-doanh-ban-hang,kinh-doanh-ban-hang-tong-hop
385,cntt,cntt-phat-trien-phan-mem
386,ke-toan-tai-chinh,ke-toan-tai-chinh-ngan-hang
387,nhan-su-hanh-chinh,nhan-su-phap-ly-phap-che
388,nhan-su-hanh-chinh,nhan-su-phap-ly-phap-che
389,marketing-truyen-thong,marketing-truyen-thong-pr
390,ke-toan-tai-chinh,ke-toan-tai-chinh-bao-hiem
391,marketing-truyen-thong,marketing-truyen-thong-pr
392,san-xuat-qa-qc,san-xuat-thuc-pham
393,marketing-truyen-thong,marketing-truyen-thong-pr
394,kinh-doanh-ban-hang,kinh-doanh-ban-hang-tong-hop
395,marketing-truyen-thong,marketing-bao-chi-truyen-hinh
396,,
397,san-xuat-qa-qc,san-xuat-quan-ly
398,kinh-doanh-ban-hang,kinh-doanh-ban-hang-tong-hop
399,co-khi-che-tao,co-khi-tu-dong-hoa
400,ke-toan-tai-chinh,ke-toan-tai-chinh-kiem-toan
401,dich-vu-khach-hang,dich-vu-khach-hang-cskh
402,nhan-su-hanh-chinh,nhan-su-hanh-chinh-van-phong
403,marketing-truyen-thong,marketing-truyen-thong-pr
404,kinh-doanh-ban-hang,kinh-doanh-ban-hang-tong-hop
405,ke-toan-tai-chinh,ke-toan-tai-chinh-bao-hiem
406,giao-duc-dao-tao,giao-duc-giang-day
407,cntt,cntt-phat-trien-phan-mem
408,ke-toan-tai-chinh,ke-toan-tai-chinh-ngan-hang
409,bat-dong-san,bat-dong-san-moi-gioi
410,bat-dong-san,bat-dong-san-moi-gioi
411,ke-toan-tai-chinh,ke-toan-tai-chinh-bao-hiem
412,dich-vu-khach-hang,dich-vu-khach-hang-cskh
413,marketing-truyen-thong,marketing-truyen-thong-pr
414,marketing-truyen-thong,marketing-bien-phien-dich
415,dich-vu-khach-hang,dich-vu-khach-hang-cskh
416,nhan-su-hanh-chinh,nhan-su-thu-ky-tro-ly
417,ke-toan-tai-chinh,ke-toan-tai-chinh-kiem-toan
418,kinh-doanh-ban-hang,kinh-doanh-ban-hang-tong-hop
419,khach-san-nha-hang-du-lich,khach-san-khach-san
420,dich-vu-khach-hang,dich-vu-khach-hang-cskh
421,,
422,cntt,cntt-phat-trien-phan-mem
423,cntt,cntt-phan-cung-mang
424,ke-toan-tai-chinh,ke-toan-tai-chinh-kiem-toan
425,van-tai-logistics,van-tai-logistics-kho-van
426,nhan-su-hanh-chinh,nhan-su-hanh-chinh-van-phong
427,,
428,ke-toan-tai-chinh,ke-toan-tai-chinh-kiem-toan
429,co-khi-che-tao,co-khi-tu-dong-hoa
430,,
431,kinh-doanh-ban-hang,kinh-doanh-ban-hang-tong-hop
432,cntt,cntt-phat-trien-phan-mem
433,cntt,cntt-phat-trien-phan-mem
434,dien-dien-tu-vien-thong,dien-dien-tu-dien-lanh
435,,
436,giao-duc-dao-tao,giao-duc-giang-day
437,cntt,cntt-phat-trien-phan-mem
438,dich-vu-khach-hang,dich-vu-khach-hang-cskh
439,kinh-doanh-ban-hang,kinh-doanh-ban-hang-tong-hop
440,kinh-doanh-ban-hang,kinh-doanh-ban-hang-tong-hop
441,bat-dong-san,bat-dong-san-moi-gioi
442,cntt,cntt-phat-trien-phan-mem
443,ke-toan-tai-chinh,ke-toan-tai-chinh-kiem-toan
444,dich-vu-khach-hang,dich-vu-khach-hang-cskh
445,van-tai-logistics,van-tai-logistics-kho-van
446,kinh-doanh-ban-hang,kinh-doanh-ban-hang-tong-hop
447,cntt,cntt-phat-trien-phan-mem
448,san-xuat-qa-qc,san-xuat-det-may
449,,
450,kinh-doanh-ban-hang,kinh-doanh-ban-hang-tong-hop
451,kinh-doanh-ban-hang,kinh-doanh-ban-hang-tong-hop
452,,
453,khach-san-nha-hang-du-lich,khach-san-khach-san
454,giao-duc-dao-tao,giao-duc-giang-day
455,,
456,kinh-doanh-ban-hang,kinh-doanh-ban-hang-tong-hop
457,giao-duc-dao-tao,giao-duc-giang-day
458,marketing-truyen-thong,marketing-truyen-thong-pr
459,,
460,kinh-doanh-ban-hang,kinh-doanh-ban-hang-tong-hop
461,van-tai-logistics,van-tai-logistics-kho-van
462,dich-vu-khach-hang,dich-vu-khach-hang-cskh
463,ke-toan-tai-chinh,ke-toan-tai-chinh-ngan-hang
464,co-khi-che-tao,co-khi-tu-dong-hoa
465,kinh-doanh-ban-hang,kinh-doanh-ban-hang-ban-le-si
466,cntt,cntt-phat-trien-phan-mem
467,,
468,kinh-doanh-ban-hang,kinh-doanh-ban-hang-tong-hop
469,,
470,,
471,xay-dung,xay-dung-ky-su
472,kinh-doanh-ban-hang,kinh-doanh-ban-hang-tong-hop
473,y-te-duoc,y-te-duoc-duoc-pham
474,kinh-doanh-ban-hang,kinh-doanh-ban-hang-tong-hop
475,marketing-truyen-thong,marketing-truyen-thong-pr
476,marketing-truyen-thong,marketing-truyen-thong-pr
477,,
478,y-te-duoc,y-te-duoc-y-te
479,kinh-doanh-ban-hang,kinh-doanh-ban-hang-tong-hop
480,dich-vu-khach-hang,dich-vu-khach-hang-cskh
481,dich-vu-khach-hang,dich-vu-khach-hang-cskh
482,y-te-duoc,y-te-duoc-duoc-pham
483,dien-dien-tu-vien-thong,dien-dien-tu-vien-thong-vt
484,khach-san-nha-hang-du-lich,khach-san-du-lich-le-hanh
485,marketing-truyen-thong,marketing-truyen-thong-pr
486,cntt,cntt-phat-trien-phan-mem
487,kinh-doanh-ban-hang,kinh-doanh-ban-hang-tong-hop
488,ke-toan-tai-chinh,ke-toan-tai-chinh-bao-hiem
489,khach-san-nha-hang-du-lich,khach-san-du-lich-le-hanh
490,ke-toan-tai-chinh,ke-toan-tai-chinh-ngan-hang
491,cntt,cntt-phat-trien-phan-mem
492,cntt,cntt-phat-trien-phan-mem
493,kinh-doanh-ban-hang,kinh-doanh-ban-hang-tong-hop
494,xay-dung,xay-dung-ky-su
495,kinh-doanh-ban-hang,kinh-doanh-ban-hang-tong-hop
496,kinh-doanh-ban-hang,kinh-doanh-ban-hang-tong-hop
497,kinh-doanh-ban-hang,kinh-doanh-ban-hang-tong-hop
498,marketing-truyen-thong,marketing-truyen-thong-pr
499,giao-duc-dao-tao,giao-duc-giang-day
500,dien-dien-tu-vien-thong,dien-dien-tu-vien-thong-vt
501,kinh-doanh-ban-hang,kinh-doanh-ban-hang-tong-hop
502,khach-san-nha-hang-du-lich,khach-san-khach-san
503,nhan-su-hanh-chinh,nhan-su-tuyen-dung-cb
504,marketing-truyen-thong,marketing-truyen-thong-pr
505,nhan-su-hanh-chinh,nhan-su-tuyen-dung-cb
506,cntt,cntt-phat-trien-phan-mem
507,khach-san-nha-hang-du-lich,khach-san-khach-san
508,ke-toan-tai-chinh,ke-toan-tai-chinh-kiem-toan
509,marketing-truyen-thong,marketing-bao-chi-truyen-hinh
510,marketing-truyen-thong,marketing-to-chuc-su-kien
511,giao-duc-dao-tao,giao-duc-giang-day
512,marketing-truyen-thong,marketing-bao-chi-truyen-hinh
513,cntt,cntt-phat-trien-phan-mem
514,thiet-ke-kien-truc,thiet-ke-noi-that
515,cntt,cntt-phat-trien-phan-mem
516,,
517,marketing-truyen-thong,marketing-bao-chi-truyen-hinh
518,marketing-truyen-thong,marketing-truyen-thong-pr
519,marketing-truyen-thong,marketing-bao-chi-truyen-hinh
520,marketing-truyen-thong,marketing-truyen-thong-pr
521,nhan-su-hanh-chinh,nhan-su-tuyen-dung-cb
522,kinh-doanh-ban-hang,kinh-doanh-ban-hang-tong-hop
523,kinh-doanh-ban-hang,kinh-doanh-ban-hang-tong-hop
524,ke-toan-tai-chinh,ke-toan-tai-chinh-bao-hiem
525,ke-toan-tai-chinh,ke-toan-tai-chinh-kiem-toan
526,xay-dung,xay-dung-ky-su
527,kinh-doanh-ban-hang,kinh-doanh-ban-hang-tong-hop
528,ke-toan-tai-chinh,ke-toan-tai-chinh-ngan-hang
529,y-te-duoc,y-te-duoc-duoc-pham
530,kinh-doanh-ban-hang,kinh-doanh-ban-hang-tong-hop
531,kinh-doanh-ban-hang,kinh-doanh-ban-hang-tong-hop
532,nhan-su-hanh-chinh,nhan-su-tuyen-dung-cb
533,kinh-doanh-ban-hang,kinh-doanh-ban-hang-tong-hop
534,marketing-truyen-thong,marketing-truyen-thong-pr
535,xay-dung,xay-dung-ky-su
536,giao-duc-dao-tao,giao-duc-giang-day
537,marketing-truyen-thong,marketing-truyen-thong-pr
538,nhan-su-hanh-chinh,nhan-su-thu-ky-tro-ly
539,,
540,kinh-doanh-ban-hang,kinh-doanh-ban-hang-tong-hop
541,cntt,cntt-phat-trien-phan-mem
542,kinh-doanh-ban-hang,kinh-doanh-ban-hang-tong-hop
543,ke-toan-tai-chinh,ke-toan-tai-chinh-kiem-toan
544,,
545,kinh-doanh-ban-hang,kinh-doanh-ban-hang-tong-hop
546,ke-toan-tai-chinh,ke-toan-tai-chinh-kiem-toan
547,kinh-doanh-ban-hang,kinh-doanh-ban-hang-tong-hop
548,bat-dong-san,bat-dong-san-moi-gioi
549,marketing-truyen-thong,marketing-truyen-thong-pr
550,cntt,cntt-phat-trien-phan-mem
551,marketing-truyen-thong,marketing-truyen-thong-pr
552,ke-toan-tai-chinh,ke-toan-tai-chinh-kiem-toan
553,,
554,bat-dong-san,bat-dong-san-moi-gioi
555,cntt,cntt-phat-trien-phan-mem
556,cntt,cntt-phat-trien-phan-mem
557,marketing-truyen-thong,marketing-bien-phien-dich
558,thiet-ke-kien-truc,thiet-ke-do-hoa
559,dich-vu-khach-hang,dich-vu-khach-hang-cskh
560,ke-toan-tai-chinh,ke-toan-tai-chinh-ngan-hang
561,kinh-doanh-ban-hang,kinh-doanh-ban-hang-tong-hop
562,ke-toan-tai-chinh,ke-toan-tai-chinh-kiem-toan
563,,
564,giao-duc-dao-tao,giao-duc-giang-day
565,kinh-doanh-ban-hang,kinh-doanh-ban-hang-tong-hop
566,giao-duc-dao-tao,giao-duc-giang-day
567,y-te-duoc,y-te-duoc-y-te
568,kinh-doanh-ban-hang,kinh-doanh-ban-hang-tong-hop
569,ke-toan-tai-chinh,ke-toan-tai-chinh-kiem-toan
570,kinh-doanh-ban-hang,kinh-doanh-ban-hang-tong-hop
571,ke-toan-tai-chinh,ke-toan-tai-chinh-kiem-toan
572,,
573,nhan-su-hanh-chinh,nhan-su-hanh-chinh-van-phong
574,kinh-doanh-ban-hang,kinh-doanh-ban-hang-tong-hop
575,giao-duc-dao-tao,giao-duc-giang-day
576,marketing-truyen-thong,marketing-truyen-thong-pr
577,co-khi-che-tao,co-khi-tu-dong-hoa
578,kinh-doanh-ban-hang,kinh-doanh-ban-hang-tong-hop
579,san-xuat-qa-qc,san-xuat-qa-qc-qa-qc
580,marketing-truyen-thong,marketing-bao-chi-truyen-hinh
581,van-tai-logistics,van-tai-xuat-nhap-khau
582,giao-duc-dao-tao,giao-duc-giang-day
583,kinh-doanh-ban-hang,kinh-doanh-ban-hang-tong-hop
584,kinh-doanh-ban-hang,kinh-doanh-ban-hang-tong-hop
585,marketing-truyen-thong,marketing-bien-phien-dich
586,van-tai-logistics,van-tai-logistics-kho-van
587,khach-san-nha-hang-du-lich,khach-san-du-lich-le-hanh
588,xay-dung,xay-dung-ky-su
589,thiet-ke-kien-truc,thiet-ke-do-hoa
590,kinh-doanh-ban-hang,kinh-doanh-ban-hang-tong-hop
591,marketing-truyen-thong,marketing-truyen-thong-pr
592,ke-toan-tai-chinh,ke-toan-tai-chinh-bao-hiem
593,,
594,dich-vu-khach-hang,dich-vu-khach-hang-cskh
595,cntt,cntt-phat-trien-phan-mem
596,cntt,cntt-phat-trien-phan-mem
597,kinh-doanh-ban-hang,kinh-doanh-ban-hang-tong-hop
598,kinh-doanh-ban-hang,kinh-doanh-ban-hang-tong-hop
599,nhan-su-hanh-chinh,nhan-su-hanh-chinh-van-phong
600,kinh-doanh-ban-hang,kinh-doanh-ban-hang-tong-hop
601,marketing-truyen-thong,marketing-truyen-thong-pr
602,cntt,cntt-phat-trien-phan-mem
603,y-te-duoc,y-te-duoc-y-te
604,,
605,nhan-su-hanh-chinh,nhan-su-hanh-chinh-van-phong
606,kinh-doanh-ban-hang,kinh-doanh-ban-hang-tong-hop
607,kinh-doanh-ban-hang,kinh-doanh-ban-hang-tong-hop
608,kinh-doanh-ban-hang,kinh-doanh-ban-hang-tong-hop
609,marketing-truyen-thong,marketing-truyen-thong-pr
610,van-tai-logistics,van-tai-xuat-nhap-khau
611,marketing-truyen-thong,marketing-truyen-thong-pr
612,marketing-truyen-thong,marketing-truyen-thong-pr
613,cntt,cntt-phat-trien-phan-mem
614,cntt,cntt-phat-trien-phan-mem
615,marketing-truyen-thong,marketing-bao-chi-truyen-hinh
616,ke-toan-tai-chinh,ke-toan-tai-chinh-kiem-toan
617,,
618,van-tai-logistics,van-tai-logistics-kho-van
619,ke-toan-tai-chinh,ke-toan-tai-chinh-kiem-toan
620,kinh-doanh-ban-hang,kinh-doanh-ban-hang-tong-hop
621,ke-toan-tai-chinh,ke-toan-tai-chinh-kiem-toan
622,san-xuat-qa-qc,san-xuat-quan-ly
623,marketing-truyen-thong,marketing-truyen-thong-pr
624,,
625,xay-dung,xay-dung-ky-su
626,cntt,cntt-phan-cung-mang
627,,
628,ke-toan-tai-chinh,ke-toan-tai-chinh-kiem-toan
629,,
630,nhan-su-hanh-chinh,nhan-su-tuyen-dung-cb
631,san-xuat-qa-qc,san-xuat-thuc-pham
632,marketing-truyen-thong,marketing-truyen-thong-pr
633,,
634,cntt,cntt-phan-cung-mang
635,kinh-doanh-ban-hang,kinh-doanh-ban-hang-tong-hop
636,giao-duc-dao-tao,giao-duc-giang-day
637,nhan-su-hanh-chinh,nhan-su-hanh-chinh-van-phong
638,marketing-truyen-thong,marketing-truyen-thong-pr
639,kinh-doanh-ban-hang,kinh-doanh-ban-hang-tong-hop
640,cntt,cntt-phat-trien-phan-mem
641,dich-vu-khach-hang,dich-vu-khach-hang-cskh
642,xay-dung,xay-dung-ky-su
643,,
644,ke-toan-tai-chinh,ke-toan-tai-chinh-kiem-toan
645,kinh-doanh-ban-hang,kinh-doanh-ban-hang-tong-hop
646,khach-san-nha-hang-du-lich,khach-san-spa-lam-dep
647,cntt,cntt-phat-trien-phan-mem
648,y-te-duoc,y-te-duoc-y-te
649,ke-toan-tai-chinh,ke-toan-tai-chinh-bao-hiem
650,ke-toan-tai-chinh,ke-toan-tai-chinh-kiem-toan
651,thiet-ke-kien-truc,thiet-ke-do-hoa
652,,
653,ke-toan-tai-chinh,ke-toan-tai-chinh-ngan-hang
654,co-khi-che-tao,co-khi-tu-dong-hoa
655,ke-toan-tai-chinh,ke-toan-tai-chinh-kiem-toan
656,kinh-doanh-ban-hang,kinh-doanh-ban-hang-tong-hop
657,,
658,kinh-doanh-ban-hang,kinh-doanh-ban-hang-tong-hop
659,nhan-su-hanh-chinh,nhan-su-hanh-chinh-van-phong
660,giao-duc-dao-tao,giao-duc-giang-day
661,y-te-duoc,y-te-duoc-duoc-pham
662,marketing-truyen-thong,marketing-truyen-thong-pr
663,marketing-truyen-thong,marketing-to-chuc-su-kien
664,dien-dien-tu-vien-thong,dien-dien-tu-dien-lanh
665,ke-toan-tai-chinh,ke-toan-tai-chinh-kiem-toan
666,bat-dong-san,bat-dong-san-moi-gioi
667,,
668,kinh-doanh-ban-hang,kinh-doanh-ban-hang-tong-hop
669,giao-duc-dao-tao,giao-duc-giang-day
670,giao-duc-dao-tao,giao-duc-giang-day
671,marketing-truyen-thong,marketing-truyen-thong-pr
672,y-te-duoc,y-te-duoc-y-te
673,marketing-truyen-thong,marketing-truyen-thong-pr
674,cntt,cntt-phat-trien-phan-mem
675,,
676,dich-vu-khach-hang,dich-vu-khach-hang-cskh
677,nhan-su-hanh-chinh,nhan-su-tuyen-dung-cb
678,thiet-ke-kien-truc,thiet-ke-my-thuat
679,kinh-doanh-ban-hang,kinh-doanh-ban-hang-tong-hop
680,ke-toan-tai-chinh,ke-toan-tai-chinh-bao-hiem
681,san-xuat-qa-qc,san-xuat-thuc-pham
682,san-xuat-qa-qc,san-xuat-quan-ly
683,van-tai-logistics,van-tai-logistics-kho-van
684,kinh-doanh-ban-hang,kinh-doanh-ban-hang-tong-hop
685,khach-san-nha-hang-du-lich,khach-san-spa-lam-dep
686,thiet-ke-kien-truc,thiet-ke-kien-truc-kien-truc
687,cntt,cntt-phat-trien-phan-mem
688,nhan-su-hanh-chinh,nhan-su-tuyen-dung-cb
689,,
690,kinh-doanh-ban-hang,kinh-doanh-ban-hang-tong-hop
691,marketing-truyen-thong,marketing-truyen-thong-pr
692,kinh-doanh-ban-hang,kinh-doanh-ban-hang-tong-hop
693,san-xuat-qa-qc,san-xuat-det-may
694,,
695,dich-vu-khach-hang,dich-vu-khach-hang-cskh
696,khach-san-nha-hang-du-lich,khach-san-spa-lam-dep
697,giao-duc-dao-tao,giao-duc-giang-day
698,thiet-ke-kien-truc,thiet-ke-do-hoa
699,kinh-doanh-ban-hang,kinh-doanh-ban-hang-tong-hop
700,ke-toan-tai-chinh,ke-toan-tai-chinh-bao-hiem
701,ke-toan-tai-chinh,ke-toan-tai-chinh-kiem-toan
702,nhan-su-hanh-chinh,nhan-su-hanh-chinh-van-phong
703,ke-toan-tai-chinh,ke-toan-tai-chinh-kiem-toan
704,nhan-su-hanh-chinh,nhan-su-hanh-chinh-van-phong
705,kinh-doanh-ban-hang,kinh-doanh-ban-hang-tong-hop
706,ke-toan-tai-chinh,ke-toan-tai-chinh-ngan-hang
707,ke-toan-tai-chinh,ke-toan-tai-chinh-bao-hiem
708,dien-dien-tu-vien-thong,dien-dien-tu-dien-lanh
709,giao-duc-dao-tao,giao-duc-giang-day
710,kinh-doanh-ban-hang,kinh-doanh-ban-hang-tong-hop
711,khach-san-nha-hang-du-lich,khach-san-khach-san
712,,
713,,
714,,
715,giao-duc-dao-tao,giao-duc-giang-day
716,marketing-truyen-thong,marketing-truyen-thong-pr
717,san-xuat-qa-qc,san-xuat-quan-ly
718,khach-san-nha-hang-du-lich,khach-san-khach-san
719,kinh-doanh-ban-hang,kinh-doanh-ban-hang-tong-hop
720,giao-duc-dao-tao,giao-duc-giang-day
721,kinh-doanh-ban-hang,kinh-doanh-ban-hang-tong-hop
722,marketing-truyen-thong,marketing-truyen-thong-pr
723,kinh-doanh-ban-hang,kinh-doanh-ban-hang-tong-hop
724,marketing-truyen-thong,marketing-truyen-thong-pr
725,xay-dung,xay-dung-ky-su
726,dien-dien-tu-vien-thong,dien-dien-tu-dien-lanh
727,cntt,cntt-phat-trien-phan-mem
728,ke-toan-tai-chinh,ke-toan-tai-chinh-bao-hiem
729,kinh-doanh-ban-hang,kinh-doanh-ban-hang-tong-hop
730,thiet-ke-kien-truc,thiet-ke-do-hoa
731,marketing-truyen-thong,marketing-truyen-thong-pr
732,marketing-truyen-thong,marketing-truyen-thong-pr
733,san-xuat-qa-qc,san-xuat-det-may
734,ke-toan-tai-chinh,ke-toan-tai-chinh-tai-chinh
735,marketing-truyen-thong,marketing-truyen-thong-pr
736,nhan-su-hanh-chinh,nhan-su-tuyen-dung-cb
737,cntt,cntt-phat-trien-phan-mem
738,marketing-truyen-thong,marketing-bien-phien-dich
739,ke-toan-tai-chinh,ke-toan-tai-chinh-kiem-toan
740,kinh-doanh-ban-hang,kinh-doanh-ban-hang-tong-hop
741,san-xuat-qa-qc,san-xuat-quan-ly
742,khach-san-nha-hang-du-lich,khach-san-khach-san
743,ke-toan-tai-chinh,ke-toan-tai-chinh-kiem-toan
744,kinh-doanh-ban-hang,kinh-doanh-ban-hang-tong-hop
745,ke-toan-tai-chinh,ke-toan-tai-chinh-ngan-hang
746,marketing-truyen-thong,marketing-truyen-thong-pr
747,y-te-duoc,y-te-duoc-y-te
748,dich-vu-khach-hang,dich-vu-khach-hang-cskh
749,kinh-doanh-ban-hang,kinh-doanh-ban-hang-ban-le-si
750,marketing-truyen-thong,marketing-truyen-thong-pr
751,ke-toan-tai-chinh,ke-toan-tai-chinh-ngan-hang
752,,
753,cntt,cntt-phat-trien-phan-mem
754,cntt,cntt-phat-trien-phan-mem
755,kinh-doanh-ban-hang,kinh-doanh-ban-hang-tong-hop
756,,
757,cntt,cntt-phat-trien-phan-mem
758,dien-dien-tu-vien-thong,dien-dien-tu-vien-thong-vt
759,kinh-doanh-ban-hang,kinh-doanh-ban-hang-tong-hop
760,cntt,cntt-phat-trien-phan-mem
761,ke-toan-tai-chinh,ke-toan-tai-chinh-ngan-hang
762,cntt,cntt-phat-trien-phan-mem
763,kinh-doanh-ban-hang,kinh-doanh-ban-hang-tong-hop
764,ke-toan-tai-chinh,ke-toan-tai-chinh-kiem-toan
765,,
766,bat-dong-san,bat-dong-san-moi-gioi
767,,
768,san-xuat-qa-qc,san-xuat-thuc-pham
769,nhan-su-hanh-chinh,nhan-su-hanh-chinh-van-phong
770,ke-toan-tai-chinh,ke-toan-tai-chinh-kiem-toan
771,kinh-doanh-ban-hang,kinh-doanh-ban-hang-tong-hop
772,bat-dong-san,bat-dong-san-moi-gioi
773,cntt,cntt-phat-trien-phan-mem
774,giao-duc-dao-tao,giao-duc-giang-day
775,ke-toan-tai-chinh,ke-toan-tai-chinh-ngan-hang
776,nhan-su-hanh-chinh,nhan-su-tuyen-dung-cb
777,giao-duc-dao-tao,giao-duc-giang-day
778,cntt,cntt-phat-trien-phan-mem
779,cntt,cntt-phat-trien-phan-mem
780,bat-dong-san,bat-dong-san-moi-gioi
781,kinh-doanh-ban-hang,kinh-doanh-ban-hang-tong-hop
782,thiet-ke-kien-truc,thiet-ke-kien-truc-kien-truc
783,cntt,cntt-phat-trien-phan-mem
784,cntt,cntt-phat-trien-phan-mem
785,cntt,cntt-phat-trien-phan-mem
786,ke-toan-tai-chinh,ke-toan-tai-chinh-bao-hiem
787,ke-toan-tai-chinh,ke-toan-tai-chinh-bao-hiem
788,giao-duc-dao-tao,giao-duc-giang-day
789,cntt,cntt-phat-trien-phan-mem
790,cntt,cntt-phat-trien-phan-mem
791,marketing-truyen-thong,marketing-bao-chi-truyen-hinh
792,kinh-doanh-ban-hang,kinh-doanh-ban-hang-tong-hop
793,giao-duc-dao-tao,giao-duc-giang-day
794,co-khi-che-tao,co-khi-tu-dong-hoa
795,marketing-truyen-thong,marketing-truyen-thong-pr
796,,
797,,
798,,
799,ke-toan-tai-chinh,ke-toan-tai-chinh-ngan-hang
800,,
801,,
802,cntt,cntt-phat-trien-phan-mem
803,khach-san-nha-hang-du-lich,khach-san-khach-san
804,cntt,cntt-phat-trien-phan-mem
805,kinh-doanh-ban-hang,kinh-doanh-ban-hang-tong-hop
806,kinh-doanh-ban-hang,kinh-doanh-ban-hang-tong-hop
807,cntt,cntt-phat-trien-phan-mem
808,kinh-doanh-ban-hang,kinh-doanh-ban-hang-tong-hop
809,co-khi-che-tao,co-khi-tu-dong-hoa
810,kinh-doanh-ban-hang,kinh-doanh-ban-hang-tong-hop
811,marketing-truyen-thong,marketing-bien-phien-dich
812,marketing-truyen-thong,marketing-bien-phien-dich
813,kinh-doanh-ban-hang,kinh-doanh-ban-hang-tong-hop
814,kinh-doanh-ban-hang,kinh-doanh-ban-hang-tong-hop
815,,
816,,
817,,
818,,
819,kinh-doanh-ban-hang,kinh-doanh-ban-hang-tong-hop
820,ke-toan-tai-chinh,ke-toan-tai-chinh-ngan-hang
821,giao-duc-dao-tao,giao-duc-giang-day
822,kinh-doanh-ban-hang,kinh-doanh-ban-hang-tong-hop
823,giao-duc-dao-tao,giao-duc-giang-day
824,cntt,cntt-phan-cung-mang
825,,
826,marketing-truyen-thong,marketing-truyen-thong-pr
827,ke-toan-tai-chinh,ke-toan-tai-chinh-kiem-toan
828,san-xuat-qa-qc,san-xuat-thuc-pham
829,giao-duc-dao-tao,giao-duc-giang-day
830,khach-san-nha-hang-du-lich,khach-san-spa-lam-dep
831,dien-dien-tu-vien-thong,dien-dien-tu-dien-lanh
832,,
833,,
834,,
835,,
836,,
837,marketing-truyen-thong,marketing-truyen-thong-pr
838,,
839,,
840,ke-toan-tai-chinh,ke-toan-tai-chinh-ngan-hang
841,kinh-doanh-ban-hang,kinh-doanh-ban-hang-tong-hop
842,cntt,cntt-phat-trien-phan-mem
843,san-xuat-qa-qc,san-xuat-quan-ly
844,cntt,cntt-phat-trien-phan-mem
845,cntt,cntt-phat-trien-phan-mem
846,cntt,cntt-phat-trien-phan-mem
847,kinh-doanh-ban-hang,kinh-doanh-ban-hang-tong-hop
848,,
849,,
850,dich-vu-khach-hang,dich-vu-khach-hang-cskh
851,dien-dien-tu-vien-thong,dien-dien-tu-vien-thong-vt
852,,
853,nhan-su-hanh-chinh,nhan-su-hanh-chinh-van-phong
854,giao-duc-dao-tao,giao-duc-giang-day
855,,
856,ke-toan-tai-chinh,ke-toan-tai-chinh-ngan-hang
857,ke-toan-tai-chinh,ke-toan-tai-chinh-bao-hiem
858,khach-san-nha-hang-du-lich,khach-san-khach-san
859,kinh-doanh-ban-hang,kinh-doanh-ban-hang-tong-hop
860,y-te-duoc,y-te-duoc-y-te
861,san-xuat-qa-qc,san-xuat-moi-truong
862,ke-toan-tai-chinh,ke-toan-tai-chinh-ngan-hang
863,cntt,cntt-phat-trien-phan-mem
864,,
865,marketing-truyen-thong,marketing-truyen-thong-pr
866,dich-vu-khach-hang,dich-vu-khach-hang-cskh
867,bat-dong-san,bat-dong-san-moi-gioi
868,van-tai-logistics,van-tai-logistics-kho-van
869,cntt,cntt-phan-cung-mang
870,,
871,ke-toan-tai-chinh,ke-toan-tai-chinh-ngan-hang
872,van-tai-logistics,van-tai-xuat-nhap-khau
873,y-te-duoc,y-te-duoc-y-te
874,khach-san-nha-hang-du-lich,khach-san-du-lich-le-hanh
875,ke-toan-tai-chinh,ke-toan-tai-chinh-kiem-toan
876,kinh-doanh-ban-hang,kinh-doanh-ban-hang-tong-hop
877,kinh-doanh-ban-hang,kinh-doanh-ban-hang-tong-hop
878,ke-toan-tai-chinh,ke-toan-tai-chinh-ngan-hang
879,kinh-doanh-ban-hang,kinh-doanh-ban-hang-tong-hop
880,marketing-truyen-thong,marketing-truyen-thong-pr
881,khach-san-nha-hang-du-lich,khach-san-khach-san
882,san-xuat-qa-qc,san-xuat-nong-nghiep
883,,
884,kinh-doanh-ban-hang,kinh-doanh-ban-hang-tong-hop
885,nhan-su-hanh-chinh,nhan-su-hanh-chinh-van-phong
886,kinh-doanh-ban-hang,kinh-doanh-ban-hang-tong-hop
887,kinh-doanh-ban-hang,kinh-doanh-ban-hang-tong-hop
888,ke-toan-tai-chinh,ke-toan-tai-chinh-bao-hiem
889,marketing-truyen-thong,marketing-bao-chi-truyen-hinh
890,,
891,,
892,khach-san-nha-hang-du-lich,khach-san-khach-san
893,san-xuat-qa-qc,san-xuat-qa-qc-qa-qc
894,,
895,,
896,ke-toan-tai-chinh,ke-toan-tai-chinh-ngan-hang
897,dich-vu-khach-hang,dich-vu-khach-hang-cskh
898,ke-toan-tai-chinh,ke-toan-tai-chinh-bao-hiem
899,ke-toan-tai-chinh,ke-toan-tai-chinh-bao-hiem
900,nhan-su-hanh-chinh,nhan-su-hanh-chinh-van-phong
901,marketing-truyen-thong,marketing-truyen-thong-pr
902,ke-toan-tai-chinh,ke-toan-tai-chinh-kiem-toan
903,giao-duc-dao-tao,giao-duc-giang-day
904,,
905,van-tai-logistics,van-tai-xuat-nhap-khau
906,marketing-truyen-thong,marketing-truyen-thong-pr
907,marketing-truyen-thong,marketing-bien-phien-dich
908,kinh-doanh-ban-hang,kinh-doanh-ban-hang-tong-hop
909,dich-vu-khach-hang,dich-vu-khach-hang-cskh
910,dich-vu-khach-hang,dich-vu-khach-hang-cskh
911,xay-dung,xay-dung-ky-su
912,thiet-ke-kien-truc,thiet-ke-do-hoa
913,kinh-doanh-ban-hang,kinh-doanh-ban-hang-tong-hop
914,kinh-doanh-ban-hang,kinh-doanh-ban-hang-tong-hop
915,,
916,kinh-doanh-ban-hang,kinh-doanh-ban-hang-tong-hop
917,marketing-truyen-thong,marketing-truyen-thong-pr
918,kinh-doanh-ban-hang,kinh-doanh-ban-hang-tong-hop
919,kinh-doanh-ban-hang,kinh-doanh-ban-hang-tong-hop
920,khach-san-nha-hang-du-lich,khach-san-khach-san
921,ke-toan-tai-chinh,ke-toan-tai-chinh-kiem-toan
922,kinh-doanh-ban-hang,kinh-doanh-ban-hang-tong-hop
923,cntt,cntt-phat-trien-phan-mem
924,kinh-doanh-ban-hang,kinh-doanh-ban-hang-tong-hop
925,,
926,ke-toan-tai-chinh,ke-toan-tai-chinh-tai-chinh
927,ke-toan-tai-chinh,ke-toan-tai-chinh-kiem-toan
928,marketing-truyen-thong,marketing-truyen-thong-pr
929,kinh-doanh-ban-hang,kinh-doanh-ban-hang-tong-hop
930,dich-vu-khach-hang,dich-vu-khach-hang-cskh
931,ke-toan-tai-chinh,ke-toan-tai-chinh-kiem-toan
932,thiet-ke-kien-truc,thiet-ke-noi-that
933,giao-duc-dao-tao,giao-duc-giang-day
934,co-khi-che-tao,co-khi-tu-dong-hoa
935,giao-duc-dao-tao,giao-duc-giang-day
936,ke-toan-tai-chinh,ke-toan-tai-chinh-kiem-toan
937,nhan-su-hanh-chinh,nhan-su-hanh-chinh-van-phong
938,ke-toan-tai-chinh,ke-toan-tai-chinh-bao-hiem
939,nhan-su-hanh-chinh,nhan-su-hanh-chinh-van-phong
940,co-khi-che-tao,co-khi-tu-dong-hoa
941,marketing-truyen-thong,marketing-truyen-thong-pr
942,,
943,san-xuat-qa-qc,san-xuat-qa-qc-qa-qc
944,cntt,cntt-phan-cung-mang
945,kinh-doanh-ban-hang,kinh-doanh-ban-hang-tong-hop
946,dien-dien-tu-vien-thong,dien-dien-tu-dien-lanh
947,marketing-truyen-thong,marketing-truyen-thong-pr
948,marketing-truyen-thong,marketing-truyen-thong-pr
949,ke-toan-tai-chinh,ke-toan-tai-chinh-ngan-hang
950,khach-san-nha-hang-du-lich,khach-san-du-lich-le-hanh
951,nhan-su-hanh-chinh,nhan-su-tuyen-dung-cb
952,khach-san-nha-hang-du-lich,khach-san-du-lich-le-hanh
953,bat-dong-san,bat-dong-san-moi-gioi
954,marketing-truyen-thong,marketing-truyen-thong-pr
955,giao-duc-dao-tao,giao-duc-giang-day
956,kinh-doanh-ban-hang,kinh-doanh-ban-hang-tong-hop
957,cntt,cntt-phat-trien-phan-mem
958,giao-duc-dao-tao,giao-duc-giang-day
959,kinh-doanh-ban-hang,kinh-doanh-ban-hang-tong-hop
960,marketing-truyen-thong,marketing-truyen-thong-pr
961,kinh-doanh-ban-hang,kinh-doanh-ban-hang-tong-hop
962,kinh-doanh-ban-hang,kinh-doanh-ban-hang-tong-hop
963,kinh-doanh-ban-hang,kinh-doanh-ban-hang-tong-hop
964,,
965,nhan-su-hanh-chinh,nhan-su-phap-ly-phap-che
966,cntt,cntt-phat-trien-phan-mem
967,nhan-su-hanh-chinh,nhan-su-phap-ly-phap-che
968,,
969,y-te-duoc,y-te-duoc-y-te
970,marketing-truyen-thong,marketing-truyen-thong-pr
971,,
972,marketing-truyen-thong,marketing-truyen-thong-pr
973,ke-toan-tai-chinh,ke-toan-tai-chinh-bao-hiem
974,dich-vu-khach-hang,dich-vu-khach-hang-cskh
975,cntt,cntt-phat-trien-phan-mem
976,marketing-truyen-thong,marketing-truyen-thong-pr
977,xay-dung,xay-dung-ky-su
978,cntt,cntt-phat-trien-phan-mem
979,nhan-su-hanh-chinh,nhan-su-hanh-chinh-van-phong
980,kinh-doanh-ban-hang,kinh-doanh-ban-hang-tong-hop
981,cntt,cntt-phat-trien-phan-mem
982,marketing-truyen-thong,marketing-bao-chi-truyen-hinh
983,cntt,cntt-phat-trien-phan-mem
984,ke-toan-tai-chinh,ke-toan-tai-chinh-kiem-toan
985,,
986,,
987,khach-san-nha-hang-du-lich,khach-san-khach-san
988,ke-toan-tai-chinh,ke-toan-tai-chinh-kiem-toan
989,xay-dung,xay-dung-ky-su
990,kinh-doanh-ban-hang,kinh-doanh-ban-hang-tong-hop
991,ke-toan-tai-chinh,ke-toan-tai-chinh-tai-chinh
992,xay-dung,xay-dung-ky-su
993,kinh-doanh-ban-hang,kinh-doanh-ban-hang-tong-hop
994,marketing-truyen-thong,marketing-truyen-thong-pr
995,kinh-doanh-ban-hang,kinh-doanh-ban-hang-tong-hop
996,kinh-doanh-ban-hang,kinh-doanh-ban-hang-tong-hop
997,ke-toan-tai-chinh,ke-toan-tai-chinh-kiem-toan
998,cntt,cntt-phan-cung-mang
999,kinh-doanh-ban-hang,kinh-doanh-ban-hang-tong-hop
1000,san-xuat-qa-qc,san-xuat-qa-qc-qa-qc
1001,kinh-doanh-ban-hang,kinh-doanh-ban-hang-tong-hop
1002,,
1003,giao-duc-dao-tao,giao-duc-giang-day
1004,kinh-doanh-ban-hang,kinh-doanh-ban-hang-tong-hop
1005,nhan-su-hanh-chinh,nhan-su-hanh-chinh-van-phong
1006,nhan-su-hanh-chinh,nhan-su-phap-ly-phap-che
1007,,
1008,,
1009,cntt,cntt-phat-trien-phan-mem
1010,nhan-su-hanh-chinh,nhan-su-hanh-chinh-van-phong
1011,marketing-truyen-thong,marketing-truyen-thong-pr
1012,ke-toan-tai-chinh,ke-toan-tai-chinh-ngan-hang
1013,giao-duc-dao-tao,giao-duc-giang-day
1014,marketing-truyen-thong,marketing-truyen-thong-pr
1015,nhan-su-hanh-chinh,nhan-su-tuyen-dung-cb
1016,marketing-truyen-thong,marketing-truyen-thong-pr
1017,ke-toan-tai-chinh,ke-toan-tai-chinh-kiem-toan
1018,marketing-truyen-thong,marketing-truyen-thong-pr
1019,,
1020,khach-san-nha-hang-du-lich,khach-san-du-lich-le-hanh
1021,,
1022,giao-duc-dao-tao,giao-duc-giang-day
1023,,
1024,nhan-su-hanh-chinh,nhan-su-thu-ky-tro-ly
1025,kinh-doanh-ban-hang,kinh-doanh-ban-hang-tong-hop
1026,marketing-truyen-thong,marketing-truyen-thong-pr
1027,marketing-truyen-thong,marketing-bien-phien-dich
1028,bat-dong-san,bat-dong-san-moi-gioi
1029,ke-toan-tai-chinh,ke-toan-tai-chinh-kiem-toan
1030,khach-san-nha-hang-du-lich,khach-san-khach-san
1031,kinh-doanh-ban-hang,kinh-doanh-ban-hang-tong-hop
1032,cntt,cntt-phat-trien-phan-mem
1033,ke-toan-tai-chinh,ke-toan-tai-chinh-tai-chinh
1034,y-te-duoc,y-te-duoc-y-te
1035,kinh-doanh-ban-hang,kinh-doanh-ban-hang-tong-hop
1036,khach-san-nha-hang-du-lich,khach-san-khach-san
1037,,
1038,kinh-doanh-ban-hang,kinh-doanh-ban-hang-tong-hop
1039,nhan-su-hanh-chinh,nhan-su-tuyen-dung-cb
1040,xay-dung,xay-dung-ky-su
1041,,
1042,cntt,cntt-phat-trien-phan-mem
1043,kinh-doanh-ban-hang,kinh-doanh-ban-hang-tong-hop
1044,kinh-doanh-ban-hang,kinh-doanh-ban-hang-ban-le-si
1045,y-te-duoc,y-te-duoc-y-te
1046,nhan-su-hanh-chinh,nhan-su-tuyen-dung-cb
1047,ke-toan-tai-chinh,ke-toan-tai-chinh-kiem-toan
1048,ke-toan-tai-chinh,ke-toan-tai-chinh-bao-hiem
1049,kinh-doanh-ban-hang,kinh-doanh-ban-hang-ban-le-si
1050,nhan-su-hanh-chinh,nhan-su-tuyen-dung-cb
1051,cntt,cntt-phan-cung-mang
1052,,
1053,,
1054,thiet-ke-kien-truc,thiet-ke-do-hoa
1055,kinh-doanh-ban-hang,kinh-doanh-ban-hang-tong-hop
1056,kinh-doanh-ban-hang,kinh-doanh-ban-hang-tong-hop
1057,marketing-truyen-thong,marketing-truyen-thong-pr
1058,ke-toan-tai-chinh,ke-toan-tai-chinh-kiem-toan
1059,giao-duc-dao-tao,giao-duc-giang-day
1060,dien-dien-tu-vien-thong,dien-dien-tu-dien-lanh
1061,bat-dong-san,bat-dong-san-moi-gioi
1062,kinh-doanh-ban-hang,kinh-doanh-ban-hang-tong-hop
1063,san-xuat-qa-qc,san-xuat-quan-ly
1064,san-xuat-qa-qc,san-xuat-thuc-pham
1065,marketing-truyen-thong,marketing-bao-chi-truyen-hinh
1066,marketing-truyen-thong,marketing-truyen-thong-pr
1067,nhan-su-hanh-chinh,nhan-su-tuyen-dung-cb
1068,marketing-truyen-thong,marketing-truyen-thong-pr
1069,,
1070,san-xuat-qa-qc,san-xuat-quan-ly
1071,cntt,cntt-phat-trien-phan-mem
1072,ke-toan-tai-chinh,ke-toan-tai-chinh-bao-hiem
1073,cntt,cntt-phat-trien-phan-mem
1074,,
1075,khach-san-nha-hang-du-lich,khach-san-khach-san
1076,kinh-doanh-ban-hang,kinh-doanh-ban-hang-tong-hop
1077,cntt,cntt-phat-trien-phan-mem
1078,kinh-doanh-ban-hang,kinh-doanh-ban-hang-tong-hop
1079,kinh-doanh-ban-hang,kinh-doanh-ban-hang-tong-hop
1080,marketing-truyen-thong,marketing-truyen-thong-pr
1081,kinh-doanh-ban-hang,kinh-doanh-ban-hang-tong-hop
1082,ke-toan-tai-chinh,ke-toan-tai-chinh-bao-hiem
1083,kinh-doanh-ban-hang,kinh-doanh-ban-hang-tong-hop
1084,ke-toan-tai-chinh,ke-toan-tai-chinh-bao-hiem
1085,marketing-truyen-thong,marketing-bao-chi-truyen-hinh
1086,nhan-su-hanh-chinh,nhan-su-tuyen-dung-cb
1087,kinh-doanh-ban-hang,kinh-doanh-ban-hang-tong-hop
1088,co-khi-che-tao,co-khi-tu-dong-hoa
1089,dich-vu-khach-hang,dich-vu-khach-hang-cskh
1090,khach-san-nha-hang-du-lich,khach-san-khach-san
1091,khach-san-nha-hang-du-lich,khach-san-khach-san
1092,kinh-doanh-ban-hang,kinh-doanh-ban-hang-tong-hop
1093,kinh-doanh-ban-hang,kinh-doanh-ban-hang-tong-hop
1094,thiet-ke-kien-truc,thiet-ke-do-hoa
1095,ke-toan-tai-chinh,ke-toan-tai-chinh-bao-hiem
1096,van-tai-logistics,van-tai-xuat-nhap-khau
1097,kinh-doanh-ban-hang,kinh-doanh-ban-hang-tong-hop
1098,ke-toan-tai-chinh,ke-toan-tai-chinh-ngan-hang
1099,kinh-doanh-ban-hang,kinh-doanh-ban-hang-tong-hop
1100,,
1101,ke-toan-tai-chinh,ke-toan-tai-chinh-bao-hiem
1102,kinh-doanh-ban-hang,kinh-doanh-ban-hang-tong-hop
1103,marketing-truyen-thong,marketing-truyen-thong-pr
1104,san-xuat-qa-qc,san-xuat-moi-truong
1105,marketing-truyen-thong,marketing-truyen-thong-pr
1106,ke-toan-tai-chinh,ke-toan-tai-chinh-kiem-toan
1107,dien-dien-tu-vien-thong,dien-dien-tu-vien-thong-vt
1108,kinh-doanh-ban-hang,kinh-doanh-ban-hang-tong-hop
1109,bat-dong-san,bat-dong-san-moi-gioi
1110,giao-duc-dao-tao,giao-duc-giang-day
1111,kinh-doanh-ban-hang,kinh-doanh-ban-hang-tong-hop
1112,thiet-ke-kien-truc,thiet-ke-do-hoa
1113,kinh-doanh-ban-hang,kinh-doanh-ban-hang-tong-hop
1114,nhan-su-hanh-chinh,nhan-su-thu-ky-tro-ly
1115,kinh-doanh-ban-hang,kinh-doanh-ban-hang-tong-hop
1116,cntt,cntt-phat-trien-phan-mem
1117,ke-toan-tai-chinh,ke-toan-tai-chinh-ngan-hang
1118,giao-duc-dao-tao,giao-duc-giang-day
1119,kinh-doanh-ban-hang,kinh-doanh-ban-hang-tong-hop
1120,van-tai-logistics,van-tai-logistics-kho-van
1121,dien-dien-tu-vien-thong,dien-dien-tu-vien-thong-vt
1122,cntt,cntt-phat-trien-phan-mem
1123,dich-vu-khach-hang,dich-vu-khach-hang-cskh
1124,marketing-truyen-thong,marketing-truyen-thong-pr
1125,,
1126,marketing-truyen-thong,marketing-truyen-thong-pr
1127,ke-toan-tai-chinh,ke-toan-tai-chinh-tai-chinh
1128,kinh-doanh-ban-hang,kinh-doanh-ban-hang-tong-hop
1129,y-te-duoc,y-te-duoc-y-te
1130,ke-toan-tai-chinh,ke-toan-tai-chinh-kiem-toan
1131,khach-san-nha-hang-du-lich,khach-san-du-lich-le-hanh
1132,cntt,cntt-phat-trien-phan-mem
1133,san-xuat-qa-qc,san-xuat-quan-ly
1134,kinh-doanh-ban-hang,kinh-doanh-ban-hang-tong-hop
1135,,
1136,giao-duc-dao-tao,giao-duc-giang-day
1137,bat-dong-san,bat-dong-san-moi-gioi
1138,marketing-truyen-thong,marketing-truyen-thong-pr
1139,kinh-doanh-ban-hang,kinh-doanh-ban-hang-tong-hop
1140,kinh-doanh-ban-hang,kinh-doanh-ban-hang-tong-hop
1141,nhan-su-hanh-chinh,nhan-su-tuyen-dung-cb
1142,kinh-doanh-ban-hang,kinh-doanh-ban-hang-tong-hop
1143,nhan-su-hanh-chinh,nhan-su-tuyen-dung-cb
1144,marketing-truyen-thong,marketing-truyen-thong-pr
1145,ke-toan-tai-chinh,ke-toan-tai-chinh-kiem-toan
1146,khach-san-nha-hang-du-lich,khach-san-du-lich-le-hanh
1147,marketing-truyen-thong,marketing-truyen-thong-pr
1148,cntt,cntt-phat-trien-phan-mem
1149,nhan-su-hanh-chinh,nhan-su-hanh-chinh-van-phong
1150,marketing-truyen-thong,marketing-truyen-thong-pr
1151,,
1152,nhan-su-hanh-chinh,nhan-su-tuyen-dung-cb
1153,marketing-truyen-thong,marketing-bien-phien-dich
1154,kinh-doanh-ban-hang,kinh-doanh-ban-hang-tong-hop
1155,bat-dong-san,bat-dong-san-moi-gioi
1156,,
1157,nhan-su-hanh-chinh,nhan-su-hanh-chinh-van-phong
1158,,
1159,kinh-doanh-ban-hang,kinh-doanh-ban-hang-tong-hop
1160,y-te-duoc,y-te-duoc-y-te
1161,,
1162,cntt,cntt-phat-trien-phan-mem
1163,cntt,cntt-phat-trien-phan-mem
1164,marketing-truyen-thong,marketing-truyen-thong-pr
1165,kinh-doanh-ban-hang,kinh-doanh-ban-hang-tong-hop
1166,cntt,cntt-phat-trien-phan-mem
1167,nhan-su-hanh-chinh,nhan-su-thu-ky-tro-ly
1168,nhan-su-hanh-chinh,nhan-su-phap-ly-phap-che
1169,,
1170,,
1171,kinh-doanh-ban-hang,kinh-doanh-ban-hang-tong-hop
1172,ke-toan-tai-chinh,ke-toan-tai-chinh-kiem-toan
1173,marketing-truyen-thong,marketing-truyen-thong-pr
1174,thiet-ke-kien-truc,thiet-ke-do-hoa
1175,,
1176,cntt,cntt-phat-trien-phan-mem
1177,marketing-truyen-thong,marketing-truyen-thong-pr
1178,dich-vu-khach-hang,dich-vu-khach-hang-cskh
1179,cntt,cntt-phat-trien-phan-mem
1180,marketing-truyen-thong,marketing-truyen-thong-pr
1181,ke-toan-tai-chinh,ke-toan-tai-chinh-bao-hiem
1182,,
1183,cntt,cntt-phat-trien-phan-mem
1184,ke-toan-tai-chinh,ke-toan-tai-chinh-kiem-toan
1185,,
1186,san-xuat-qa-qc,san-xuat-my-pham
1187,giao-duc-dao-tao,giao-duc-giang-day
1188,,
1189,y-te-duoc,y-te-duoc-y-te
1190,y-te-duoc,y-te-duoc-y-te
1191,bat-dong-san,bat-dong-san-moi-gioi
1192,kinh-doanh-ban-hang,kinh-doanh-ban-hang-tong-hop
1193,kinh-doanh-ban-hang,kinh-doanh-ban-hang-tong-hop
1194,xay-dung,xay-dung-ky-su
1195,kinh-doanh-ban-hang,kinh-doanh-ban-hang-tong-hop
1196,thiet-ke-kien-truc,thiet-ke-kien-truc-kien-truc
1197,bat-dong-san,bat-dong-san-moi-gioi
1198,,
1199,ke-toan-tai-chinh,ke-toan-tai-chinh-kiem-toan
1200,,
1201,ke-toan-tai-chinh,ke-toan-tai-chinh-ngan-hang
1202,giao-duc-dao-tao,giao-duc-giang-day
1203,san-xuat-qa-qc,san-xuat-quan-ly
1204,ke-toan-tai-chinh,ke-toan-tai-chinh-chung-khoan
1205,marketing-truyen-thong,marketing-truyen-thong-pr
1206,nhan-su-hanh-chinh,nhan-su-tuyen-dung-cb
1207,,
1208,van-tai-logistics,van-tai-xuat-nhap-khau
1209,cntt,cntt-phat-trien-phan-mem
1210,dich-vu-khach-hang,dich-vu-khach-hang-cskh
1211,bat-dong-san,bat-dong-san-moi-gioi
1212,khach-san-nha-hang-du-lich,khach-san-khach-san
1213,nhan-su-hanh-chinh,nhan-su-tuyen-dung-cb
1214,kinh-doanh-ban-hang,kinh-doanh-ban-hang-tong-hop
1215,cntt,cntt-phat-trien-phan-mem
1216,cntt,cntt-phat-trien-phan-mem
1217,kinh-doanh-ban-hang,kinh-doanh-ban-hang-tong-hop
1218,kinh-doanh-ban-hang,kinh-doanh-ban-hang-tong-hop
1219,dien-dien-tu-vien-thong,dien-dien-tu-vien-thong-vt
1220,marketing-truyen-thong,marketing-truyen-thong-pr
1221,,
1222,cntt,cntt-phat-trien-phan-mem
1223,ke-toan-tai-chinh,ke-toan-tai-chinh-tai-chinh
1224,marketing-truyen-thong,marketing-truyen-thong-pr
1225,cntt,cntt-phan-cung-mang
1226,nhan-su-hanh-chinh,nhan-su-hanh-chinh-van-phong
1227,kinh-doanh-ban-hang,kinh-doanh-ban-hang-tong-hop
1228,giao-duc-dao-tao,giao-duc-giang-day
1229,marketing-truyen-thong,marketing-truyen-thong-pr
1230,cntt,cntt-phat-trien-phan-mem
1231,nhan-su-hanh-chinh,nhan-su-thu-ky-tro-ly
1232,khach-san-nha-hang-du-lich,khach-san-khach-san
1233,,
1234,nhan-su-hanh-chinh,nhan-su-hanh-chinh-van-phong
1235,kinh-doanh-ban-hang,kinh-doanh-ban-hang-tong-hop
1236,xay-dung,xay-dung-ky-su
1237,ke-toan-tai-chinh,ke-toan-tai-chinh-kiem-toan
1238,dien-dien-tu-vien-thong,dien-dien-tu-dien-lanh
1239,khach-san-nha-hang-du-lich,khach-san-spa-lam-dep
1240,,
1241,khach-san-nha-hang-du-lich,khach-san-khach-san
1242,,
1243,kinh-doanh-ban-hang,kinh-doanh-ban-hang-tong-hop
1244,kinh-doanh-ban-hang,kinh-doanh-ban-hang-tong-hop
1245,khach-san-nha-hang-du-lich,khach-san-spa-lam-dep
1246,ke-toan-tai-chinh,ke-toan-tai-chinh-kiem-toan
1247,,
1248,,
1249,kinh-doanh-ban-hang,kinh-doanh-ban-hang-tong-hop
1250,bat-dong-san,bat-dong-san-moi-gioi
1251,giao-duc-dao-tao,giao-duc-giang-day
1252,marketing-truyen-thong,marketing-truyen-thong-pr
1253,bat-dong-san,bat-dong-san-moi-gioi
1254,cntt,cntt-phat-trien-phan-mem
1255,marketing-truyen-thong,marketing-truyen-thong-pr
1256,cntt,cntt-phat-trien-phan-mem
1257,marketing-truyen-thong,marketing-truyen-thong-pr
1258,marketing-truyen-thong,marketing-truyen-thong-pr
1259,dien-dien-tu-vien-thong,dien-dien-tu-dien-lanh
1260,kinh-doanh-ban-hang,kinh-doanh-ban-hang-tong-hop
1261,,
1262,cntt,cntt-phat-trien-phan-mem
1263,nhan-su-hanh-chinh,nhan-su-hanh-chinh-van-phong
1264,ke-toan-tai-chinh,ke-toan-tai-chinh-kiem-toan
1265,kinh-doanh-ban-hang,kinh-doanh-ban-hang-tong-hop
1266,,
1267,khach-san-nha-hang-du-lich,khach-san-khach-san
1268,san-xuat-qa-qc,san-xuat-thuc-pham
1269,nhan-su-hanh-chinh,nhan-su-tuyen-dung-cb
1270,ke-toan-tai-chinh,ke-toan-tai-chinh-tai-chinh
1271,kinh-doanh-ban-hang,kinh-doanh-ban-hang-tong-hop
1272,dich-vu-khach-hang,dich-vu-khach-hang-cskh
1273,giao-duc-dao-tao,giao-duc-giang-day
1274,y-te-duoc,y-te-duoc-y-te
1275,kinh-doanh-ban-hang,kinh-doanh-ban-hang-tong-hop
1276,dien-dien-tu-vien-thong,dien-dien-tu-dien-lanh
1277,giao-duc-dao-tao,giao-duc-giang-day
1278,nhan-su-hanh-chinh,nhan-su-tuyen-dung-cb
1279,,
1280,cntt,cntt-phat-trien-phan-mem
1281,,
1282,san-xuat-qa-qc,san-xuat-qa-qc-qa-qc
1283,kinh-doanh-ban-hang,kinh-doanh-ban-hang-tong-hop
1284,marketing-truyen-thong,marketing-truyen-thong-pr
1285,marketing-truyen-thong,marketing-truyen-thong-pr
1286,cntt,cntt-phat-trien-phan-mem
1287,cntt,cntt-phat-trien-phan-mem
1288,kinh-doanh-ban-hang,kinh-doanh-ban-hang-tong-hop
1289,marketing-truyen-thong,marketing-bien-phien-dich
1290,dich-vu-khach-hang,dich-vu-khach-hang-cskh
1291,marketing-truyen-thong,marketing-bien-phien-dich
1292,marketing-truyen-thong,marketing-truyen-thong-pr
1293,kinh-doanh-ban-hang,kinh-doanh-ban-hang-tong-hop
1294,nhan-su-hanh-chinh,nhan-su-thu-ky-tro-ly
1295,van-tai-logistics,van-tai-logistics-kho-van
1296,,
1297,cntt,cntt-phat-trien-phan-mem
1298,khach-san-nha-hang-du-lich,khach-san-khach-san
1299,marketing-truyen-thong,marketing-truyen-thong-pr
1300,kinh-doanh-ban-hang,kinh-doanh-ban-hang-tong-hop
1301,ke-toan-tai-chinh,ke-toan-tai-chinh-ngan-hang
1302,kinh-doanh-ban-hang,kinh-doanh-ban-hang-tong-hop
1303,dien-dien-tu-vien-thong,dien-dien-tu-dien-lanh
1304,ke-toan-tai-chinh,ke-toan-tai-chinh-bao-hiem
1305,kinh-doanh-ban-hang,kinh-doanh-ban-hang-tong-hop
1306,ke-toan-tai-chinh,ke-toan-tai-chinh-ngan-hang
1307,giao-duc-dao-tao,giao-duc-giang-day
1308,cntt,cntt-phat-trien-phan-mem
1309,ke-toan-tai-chinh,ke-toan-tai-chinh-ngan-hang
1310,cntt,cntt-phat-trien-phan-mem
1311,,
1312,,
1313,y-te-duoc,y-te-duoc-y-te
1314,dich-vu-khach-hang,dich-vu-khach-hang-cskh
1315,giao-duc-dao-tao,giao-duc-giang-day
1316,marketing-truyen-thong,marketing-truyen-thong-pr
1317,xay-dung,xay-dung-ky-su
1318,cntt,cntt-phat-trien-phan-mem
1319,ke-toan-tai-chinh,ke-toan-tai-chinh-chung-khoan
1320,ke-toan-tai-chinh,ke-toan-tai-chinh-ngan-hang
1321,marketing-truyen-thong,marketing-truyen-thong-pr
1322,kinh-doanh-ban-hang,kinh-doanh-ban-hang-tong-hop
1323,cntt,cntt-phat-trien-phan-mem
1324,,
1325,marketing-truyen-thong,marketing-truyen-thong-pr
1326,san-xuat-qa-qc,san-xuat-my-pham
1327,cntt,cntt-phat-trien-phan-mem
1328,kinh-doanh-ban-hang,kinh-doanh-ban-hang-tong-hop
1329,san-xuat-qa-qc,san-xuat-nong-nghiep
1330,,
1331,cntt,cntt-phat-trien-phan-mem
1332,thiet-ke-kien-truc,thiet-ke-do-hoa
1333,kinh-doanh-ban-hang,kinh-doanh-ban-hang-tong-hop
1334,,
1335,,
1336,marketing-truyen-thong,marketing-truyen-thong-pr
1337,ke-toan-tai-chinh,ke-toan-tai-chinh-bao-hiem
1338,dich-vu-khach-hang,dich-vu-khach-hang-cskh
1339,ke-toan-tai-chinh,ke-toan-tai-chinh-bao-hiem
1340,marketing-truyen-thong,marketing-truyen-thong-pr
1341,ke-toan-tai-chinh,ke-toan-tai-chinh-kiem-toan
1342,kinh-doanh-ban-hang,kinh-doanh-ban-hang-tong-hop
1343,kinh-doanh-ban-hang,kinh-doanh-ban-hang-tong-hop
1344,ke-toan-tai-chinh,ke-toan-tai-chinh-kiem-toan
1345,giao-duc-dao-tao,giao-duc-giang-day
1346,dien-dien-tu-vien-thong,dien-dien-tu-dien-lanh
1347,khach-san-nha-hang-du-lich,khach-san-khach-san
1348,nhan-su-hanh-chinh,nhan-su-hanh-chinh-van-phong
1349,kinh-doanh-ban-hang,kinh-doanh-ban-hang-tong-hop
1350,cntt,cntt-phat-trien-phan-mem
1351,san-xuat-qa-qc,san-xuat-thuc-pham
1352,cntt,cntt-phat-trien-phan-mem
1353,ke-toan-tai-chinh,ke-toan-tai-chinh-kiem-toan
1354,ke-toan-tai-chinh,ke-toan-tai-chinh-kiem-toan
1355,san-xuat-qa-qc,san-xuat-thuc-pham
1356,ke-toan-tai-chinh,ke-toan-tai-chinh-tai-chinh
1357,marketing-truyen-thong,marketing-truyen-thong-pr
1358,kinh-doanh-ban-hang,kinh-doanh-ban-hang-tong-hop
1359,cntt,cntt-phat-trien-phan-mem
1360,thiet-ke-kien-truc,thiet-ke-do-hoa
1361,cntt,cntt-phat-trien-phan-mem
1362,kinh-doanh-ban-hang,kinh-doanh-ban-hang-tong-hop
1363,marketing-truyen-thong,marketing-truyen-thong-pr
1364,nhan-su-hanh-chinh,nhan-su-tuyen-dung-cb
1365,san-xuat-qa-qc,san-xuat-qa-qc-qa-qc
1366,kinh-doanh-ban-hang,kinh-doanh-ban-hang-tong-hop
1367,cntt,cntt-phat-trien-phan-mem
1368,cntt,cntt-phat-trien-phan-mem
1369,khach-san-nha-hang-du-lich,khach-san-spa-lam-dep
1370,nhan-su-hanh-chinh,nhan-su-hanh-chinh-van-phong
1371,nhan-su-hanh-chinh,nhan-su-phap-ly-phap-che
1372,san-xuat-qa-qc,san-xuat-qa-qc-qa-qc
1373,kinh-doanh-ban-hang,kinh-doanh-ban-hang-tong-hop
1374,khach-san-nha-hang-du-lich,khach-san-khach-san
1375,dich-vu-khach-hang,dich-vu-khach-hang-cskh
1376,kinh-doanh-ban-hang,kinh-doanh-ban-hang-tong-hop
1377,ke-toan-tai-chinh,ke-toan-tai-chinh-tai-chinh
1378,,
1379,marketing-truyen-thong,marketing-bao-chi-truyen-hinh
1380,ke-toan-tai-chinh,ke-toan-tai-chinh-kiem-toan
1381,giao-duc-dao-tao,giao-duc-giang-day
1382,kinh-doanh-ban-hang,kinh-doanh-ban-hang-tong-hop
1383,dien-dien-tu-vien-thong,dien-dien-tu-dien-lanh
1384,thiet-ke-kien-truc,thiet-ke-do-hoa
1385,san-xuat-qa-qc,san-xuat-qa-qc-qa-qc
1386,cntt,cntt-phat-trien-phan-mem
1387,marketing-truyen-thong,marketing-truyen-thong-pr
1388,marketing-truyen-thong,marketing-truyen-thong-pr
1389,y-te-duoc,y-te-duoc-y-te
1390,kinh-doanh-ban-hang,kinh-doanh-ban-hang-tong-hop
1391,cntt,cntt-phan-cung-mang
1392,marketing-truyen-thong,marketing-bao-chi-truyen-hinh
1393,cntt,cntt-phat-trien-phan-mem
1394,co-khi-che-tao,co-khi-tu-dong-hoa
1395,cntt,cntt-phat-trien-phan-mem
1396,marketing-truyen-thong,marketing-to-chuc-su-kien
1397,cntt,cntt-phan-cung-mang
1398,cntt,cntt-phat-trien-phan-mem
1399,,
1400,y-te-duoc,y-te-duoc-y-te
1401,dich-vu-khach-hang,dich-vu-khach-hang-cskh
1402,cntt,cntt-phat-trien-phan-mem
1403,kinh-doanh-ban-hang,kinh-doanh-ban-hang-tong-hop
1404,marketing-truyen-thong,marketing-truyen-thong-pr
1405,thiet-ke-kien-truc,thiet-ke-do-hoa
1406,marketing-truyen-thong,marketing-truyen-thong-pr
1407,ke-toan-tai-chinh,ke-toan-tai-chinh-chung-khoan
1408,kinh-doanh-ban-hang,kinh-doanh-ban-hang-tong-hop
1409,kinh-doanh-ban-hang,kinh-doanh-ban-hang-tong-hop
1410,giao-duc-dao-tao,giao-duc-giang-day
1411,cntt,cntt-phat-trien-phan-mem
1412,kinh-doanh-ban-hang,kinh-doanh-ban-hang-tong-hop
1413,cntt,cntt-phat-trien-phan-mem
1414,dich-vu-khach-hang,dich-vu-khach-hang-cskh
1415,marketing-truyen-thong,marketing-truyen-thong-pr
1416,dien-dien-tu-vien-thong,dien-dien-tu-dien-lanh
1417,cntt,cntt-phat-trien-phan-mem
1418,cntt,cntt-phat-trien-phan-mem
1419,kinh-doanh-ban-hang,kinh-doanh-ban-hang-tong-hop
1420,marketing-truyen-thong,marketing-truyen-thong-pr
1421,cntt,cntt-phat-trien-phan-mem
1422,nhan-su-hanh-chinh,nhan-su-tuyen-dung-cb
1423,cntt,cntt-phat-trien-phan-mem
1424,nhan-su-hanh-chinh,nhan-su-hanh-chinh-van-phong
1425,kinh-doanh-ban-hang,kinh-doanh-ban-hang-tong-hop
1426,co-khi-che-tao,co-khi-o-to
1427,giao-duc-dao-tao,giao-duc-giang-day
1428,co-khi-che-tao,co-khi-o-to
1429,kinh-doanh-ban-hang,kinh-doanh-ban-hang-tong-hop
1430,kinh-doanh-ban-hang,kinh-doanh-ban-hang-tong-hop
1431,san-xuat-qa-qc,san-xuat-nong-nghiep
1432,,
1433,kinh-doanh-ban-hang,kinh-doanh-ban-hang-tong-hop
1434,marketing-truyen-thong,marketing-truyen-thong-pr
1435,dien-dien-tu-vien-thong,dien-dien-tu-dien-lanh
1436,,
1437,ke-toan-tai-chinh,ke-toan-tai-chinh-bao-hiem
1438,kinh-doanh-ban-hang,kinh-doanh-ban-hang-tong-hop
1439,marketing-truyen-thong,marketing-truyen-thong-pr
1440,ke-toan-tai-chinh,ke-toan-tai-chinh-bao-hiem
1441,dich-vu-khach-hang,dich-vu-khach-hang-cskh
1442,marketing-truyen-thong,marketing-truyen-thong-pr
1443,kinh-doanh-ban-hang,kinh-doanh-ban-hang-tong-hop
1444,giao-duc-dao-tao,giao-duc-giang-day
1445,san-xuat-qa-qc,san-xuat-thuc-pham
1446,kinh-doanh-ban-hang,kinh-doanh-ban-hang-tong-hop
1447,marketing-truyen-thong,marketing-truyen-thong-pr
1448,dich-vu-khach-hang,dich-vu-khach-hang-cskh
1449,kinh-doanh-ban-hang,kinh-doanh-ban-hang-tong-hop
1450,kinh-doanh-ban-hang,kinh-doanh-ban-hang-tong-hop
1451,marketing-truyen-thong,marketing-truyen-thong-pr
1452,ke-toan-tai-chinh,ke-toan-tai-chinh-kiem-toan
1453,cntt,cntt-phat-trien-phan-mem
1454,marketing-truyen-thong,marketing-truyen-thong-pr
1455,kinh-doanh-ban-hang,kinh-doanh-ban-hang-tong-hop
1456,kinh-doanh-ban-hang,kinh-doanh-ban-hang-tong-hop
1457,kinh-doanh-ban-hang,kinh-doanh-ban-hang-tong-hop
1458,kinh-doanh-ban-hang,kinh-doanh-ban-hang-tong-hop
1459,thiet-ke-kien-truc,thiet-ke-do-hoa
1460,marketing-truyen-thong,marketing-truyen-thong-pr
1461,nhan-su-hanh-chinh,nhan-su-tuyen-dung-cb
1462,kinh-doanh-ban-hang,kinh-doanh-ban-hang-tong-hop
1463,marketing-truyen-thong,marketing-truyen-thong-pr
1464,ke-toan-tai-chinh,ke-toan-tai-chinh-ngan-hang
1465,dich-vu-khach-hang,dich-vu-khach-hang-cskh
1466,cntt,cntt-phat-trien-phan-mem
1467,,
1468,kinh-doanh-ban-hang,kinh-doanh-ban-hang-tong-hop
1469,cntt,cntt-phat-trien-phan-mem
1470,cntt,cntt-phat-trien-phan-mem
1471,kinh-doanh-ban-hang,kinh-doanh-ban-hang-tong-hop
1472,,
1473,ke-toan-tai-chinh,ke-toan-tai-chinh-tai-chinh
1474,marketing-truyen-thong,marketing-truyen-thong-pr
1475,ke-toan-tai-chinh,ke-toan-tai-chinh-tai-chinh
1476,cntt,cntt-phan-cung-mang
1477,nhan-su-hanh-chinh,nhan-su-phap-ly-phap-che
1478,giao-duc-dao-tao,giao-duc-giang-day
1479,khach-san-nha-hang-du-lich,khach-san-khach-san
1480,,
1481,kinh-doanh-ban-hang,kinh-doanh-ban-hang-tong-hop
1482,nhan-su-hanh-chinh,nhan-su-hanh-chinh-van-phong
1483,ke-toan-tai-chinh,ke-toan-tai-chinh-ngan-hang
1484,kinh-doanh-ban-hang,kinh-doanh-ban-hang-tong-hop
1485,giao-duc-dao-tao,giao-duc-giang-day
1486,cntt,cntt-phat-trien-phan-mem
1487,kinh-doanh-ban-hang,kinh-doanh-ban-hang-tong-hop
1488,giao-duc-dao-tao,giao-duc-giang-day
1489,kinh-doanh-ban-hang,kinh-doanh-ban-hang-tong-hop
1490,khach-san-nha-hang-du-lich,khach-san-du-lich-le-hanh
1491,cntt,cntt-phat-trien-phan-mem
1492,kinh-doanh-ban-hang,kinh-doanh-ban-hang-tong-hop
1493,dien-dien-tu-vien-thong,dien-dien-tu-dien-lanh
1494,kinh-doanh-ban-hang,kinh-doanh-ban-hang-tong-hop
1495,ke-toan-tai-chinh,ke-toan-tai-chinh-ngan-hang
1496,,
1497,san-xuat-qa-qc,san-xuat-thuc-pham
1498,,
1499,kinh-doanh-ban-hang,kinh-doanh-ban-hang-tong-hop
1500,thiet-ke-kien-truc,thiet-ke-do-hoa
1501,cntt,cntt-phat-trien-phan-mem
1502,,
1503,giao-duc-dao-tao,giao-duc-giang-day
1504,kinh-doanh-ban-hang,kinh-doanh-ban-hang-tong-hop
1505,marketing-truyen-thong,marketing-truyen-thong-pr
1506,nhan-su-hanh-chinh,nhan-su-tuyen-dung-cb
1507,marketing-truyen-thong,marketing-truyen-thong-pr
1508,,
1509,cntt,cntt-phat-trien-phan-mem
1510,kinh-doanh-ban-hang,kinh-doanh-ban-hang-tong-hop
1511,kinh-doanh-ban-hang,kinh-doanh-ban-hang-tong-hop
1512,marketing-truyen-thong,marketing-truyen-thong-pr
1513,bat-dong-san,bat-dong-san-moi-gioi
1514,dien-dien-tu-vien-thong,dien-dien-tu-vien-thong-vt
1515,ke-toan-tai-chinh,ke-toan-tai-chinh-bao-hiem
1516,cntt,cntt-phat-trien-phan-mem
1517,cntt,cntt-phat-trien-phan-mem
1518,kinh-doanh-ban-hang,kinh-doanh-ban-hang-tong-hop
1519,nhan-su-hanh-chinh,nhan-su-phap-ly-phap-che
1520,khach-san-nha-hang-du-lich,khach-san-spa-lam-dep
1521,thiet-ke-kien-truc,thiet-ke-noi-that
1522,kinh-doanh-ban-hang,kinh-doanh-ban-hang-tong-hop
1523,,
1524,dien-dien-tu-vien-thong,dien-dien-tu-dien-lanh
1525,nhan-su-hanh-chinh,nhan-su-phap-ly-phap-che
1526,kinh-doanh-ban-hang,kinh-doanh-ban-hang-tong-hop
1527,dien-dien-tu-vien-thong,dien-dien-tu-dien-lanh
1528,thiet-ke-kien-truc,thiet-ke-do-hoa
1529,marketing-truyen-thong,marketing-truyen-thong-pr
1530,san-xuat-qa-qc,san-xuat-qa-qc-qa-qc
1531,marketing-truyen-thong,marketing-truyen-thong-pr
1532,cntt,cntt-phat-trien-phan-mem
1533,kinh-doanh-ban-hang,kinh-doanh-ban-hang-tong-hop
1534,kinh-doanh-ban-hang,kinh-doanh-ban-hang-tong-hop
1535,cntt,cntt-phat-trien-phan-mem
1536,nhan-su-hanh-chinh,nhan-su-hanh-chinh-van-phong
1537,,
1538,dien-dien-tu-vien-thong,dien-dien-tu-dien-lanh
1539,cntt,cntt-phat-trien-phan-mem
1540,kinh-doanh-ban-hang,kinh-doanh-ban-hang-tong-hop
1541,kinh-doanh-ban-hang,kinh-doanh-ban-hang-tong-hop
1542,cntt,cntt-phat-trien-phan-mem
1543,,
1544,kinh-doanh-ban-hang,kinh-doanh-ban-hang-tong-hop
1545,kinh-doanh-ban-hang,kinh-doanh-ban-hang-tong-hop
1546,nhan-su-hanh-chinh,nhan-su-tuyen-dung-cb
1547,ke-toan-tai-chinh,ke-toan-tai-chinh-ngan-hang
1548,nhan-su-hanh-chinh,nhan-su-tuyen-dung-cb
1549,marketing-truyen-thong,marketing-bien-phien-dich
1550,nhan-su-hanh-chinh,nhan-su-hanh-chinh-van-phong
1551,cntt,cntt-phat-trien-phan-mem
1552,ke-toan-tai-chinh,ke-toan-tai-chinh-kiem-toan
1553,kinh-doanh-ban-hang,kinh-doanh-ban-hang-tong-hop
1554,giao-duc-dao-tao,giao-duc-giang-day
1555,thiet-ke-kien-truc,thiet-ke-do-hoa
1556,ke-toan-tai-chinh,ke-toan-tai-chinh-ngan-hang
1557,khach-san-nha-hang-du-lich,khach-san-khach-san
1558,marketing-truyen-thong,marketing-truyen-thong-pr
1559,nhan-su-hanh-chinh,nhan-su-tuyen-dung-cb
1560,kinh-doanh-ban-hang,kinh-doanh-ban-hang-tong-hop
1561,,
1562,bat-dong-san,bat-dong-san-moi-gioi
1563,,
1564,cntt,cntt-phat-trien-phan-mem
1565,kinh-doanh-ban-hang,kinh-doanh-ban-hang-tong-hop
1566,kinh-doanh-ban-hang,kinh-doanh-ban-hang-tong-hop
1567,ke-toan-tai-chinh,ke-toan-tai-chinh-kiem-toan
1568,san-xuat-qa-qc,san-xuat-thuc-pham
1569,kinh-doanh-ban-hang,kinh-doanh-ban-hang-tong-hop
1570,co-khi-che-tao,co-khi-tu-dong-hoa
1571,,
1572,marketing-truyen-thong,marketing-truyen-thong-pr
1573,san-xuat-qa-qc,san-xuat-thuc-pham
1574,marketing-truyen-thong,marketing-truyen-thong-pr
1575,dien-dien-tu-vien-thong,dien-dien-tu-dien-lanh
1576,y-te-duoc,y-te-duoc-y-te
1577,marketing-truyen-thong,marketing-truyen-thong-pr
1578,kinh-doanh-ban-hang,kinh-doanh-ban-hang-tong-hop
1579,kinh-doanh-ban-hang,kinh-doanh-ban-hang-tong-hop
1580,thiet-ke-kien-truc,thiet-ke-do-hoa
1581,ke-toan-tai-chinh,ke-toan-tai-chinh-kiem-toan
1582,khach-san-nha-hang-du-lich,khach-san-spa-lam-dep
1583,cntt,cntt-phat-trien-phan-mem
1584,kinh-doanh-ban-hang,kinh-doanh-ban-hang-tong-hop
1585,dich-vu-khach-hang,dich-vu-khach-hang-cskh
1586,ke-toan-tai-chinh,ke-toan-tai-chinh-bao-hiem
1587,giao-duc-dao-tao,giao-duc-giang-day
1588,xay-dung,xay-dung-ky-su
1589,kinh-doanh-ban-hang,kinh-doanh-ban-hang-tong-hop
1590,kinh-doanh-ban-hang,kinh-doanh-ban-hang-tong-hop
1591,nhan-su-hanh-chinh,nhan-su-phap-ly-phap-che
1592,giao-duc-dao-tao,giao-duc-giang-day
1593,ke-toan-tai-chinh,ke-toan-tai-chinh-kiem-toan
1594,,
1595,san-xuat-qa-qc,san-xuat-qa-qc-qa-qc
1596,kinh-doanh-ban-hang,kinh-doanh-ban-hang-tong-hop
1597,ke-toan-tai-chinh,ke-toan-tai-chinh-bao-hiem
1598,cntt,cntt-phat-trien-phan-mem
1599,,
1600,cntt,cntt-phat-trien-phan-mem
1601,nhan-su-hanh-chinh,nhan-su-tuyen-dung-cb
1602,ke-toan-tai-chinh,ke-toan-tai-chinh-chung-khoan
1603,co-khi-che-tao,co-khi-tu-dong-hoa
1604,cntt,cntt-phan-cung-mang
1605,kinh-doanh-ban-hang,kinh-doanh-ban-hang-tong-hop
1606,san-xuat-qa-qc,san-xuat-qa-qc-qa-qc
1607,ke-toan-tai-chinh,ke-toan-tai-chinh-ngan-hang
1608,nhan-su-hanh-chinh,nhan-su-hanh-chinh-van-phong
1609,san-xuat-qa-qc,san-xuat-qa-qc-qa-qc
1610,kinh-doanh-ban-hang,kinh-doanh-ban-hang-tong-hop
1611,nhan-su-hanh-chinh,nhan-su-tuyen-dung-cb
1612,nhan-su-hanh-chinh,nhan-su-hanh-chinh-van-phong
1613,kinh-doanh-ban-hang,kinh-doanh-ban-hang-tong-hop
1614,kinh-doanh-ban-hang,kinh-doanh-ban-hang-tong-hop
1615,dien-dien-tu-vien-thong,dien-dien-tu-vien-thong-vt
1616,san-xuat-qa-qc,san-xuat-thuc-pham
1617,dich-vu-khach-hang,dich-vu-khach-hang-cskh
1618,kinh-doanh-ban-hang,kinh-doanh-ban-hang-tong-hop
1619,nhan-su-hanh-chinh,nhan-su-thu-ky-tro-ly
1620,dien-dien-tu-vien-thong,dien-dien-tu-vien-thong-vt
1621,xay-dung,xay-dung-ky-su
1622,giao-duc-dao-tao,giao-duc-giang-day
1623,kinh-doanh-ban-hang,kinh-doanh-ban-hang-tong-hop
1624,kinh-doanh-ban-hang,kinh-doanh-ban-hang-tong-hop
1625,kinh-doanh-ban-hang,kinh-doanh-ban-hang-tong-hop
1626,nhan-su-hanh-chinh,nhan-su-thu-ky-tro-ly
1627,marketing-truyen-thong,marketing-truyen-thong-pr
1628,san-xuat-qa-qc,san-xuat-thuc-pham
1629,kinh-doanh-ban-hang,kinh-doanh-ban-hang-ban-le-si
1630,,
1631,marketing-truyen-thong,marketing-truyen-thong-pr
1632,kinh-doanh-ban-hang,kinh-doanh-ban-hang-tong-hop
1633,,
1634,kinh-doanh-ban-hang,kinh-doanh-ban-hang-tong-hop
1635,cntt,cntt-phat-trien-phan-mem
1636,thiet-ke-kien-truc,thiet-ke-noi-that
1637,y-te-duoc,y-te-duoc-y-te
1638,ke-toan-tai-chinh,ke-toan-tai-chinh-kiem-toan
1639,cntt,cntt-phat-trien-phan-mem
1640,giao-duc-dao-tao,giao-duc-giang-day
1641,ke-toan-tai-chinh,ke-toan-tai-chinh-bao-hiem
1642,bat-dong-san,bat-dong-san-moi-gioi
1643,giao-duc-dao-tao,giao-duc-giang-day
1644,dien-dien-tu-vien-thong,dien-dien-tu-dien-lanh
1645,kinh-doanh-ban-hang,kinh-doanh-ban-hang-tong-hop
1646,ke-toan-tai-chinh,ke-toan-tai-chinh-bao-hiem
1647,,
1648,cntt,cntt-phan-cung-mang
1649,kinh-doanh-ban-hang,kinh-doanh-ban-hang-tong-hop
1650,cntt,cntt-phat-trien-phan-mem
1651,san-xuat-qa-qc,san-xuat-my-pham
1652,,
1653,giao-duc-dao-tao,giao-duc-giang-day
1654,ke-toan-tai-chinh,ke-toan-tai-chinh-kiem-toan
1655,ke-toan-tai-chinh,ke-toan-tai-chinh-bao-hiem
1656,bat-dong-san,bat-dong-san-moi-gioi
1657,,
1658,giao-duc-dao-tao,giao-duc-giang-day
1659,y-te-duoc,y-te-duoc-y-te
1660,co-khi-che-tao,co-khi-tu-dong-hoa
1661,marketing-truyen-thong,marketing-truyen-thong-pr
1662,nhan-su-hanh-chinh,nhan-su-phap-ly-phap-che
1663,ke-toan-tai-chinh,ke-toan-tai-chinh-kiem-toan
1664,thiet-ke-kien-truc,thiet-ke-do-hoa
1665,cntt,cntt-phat-trien-phan-mem
1666,kinh-doanh-ban-hang,kinh-doanh-ban-hang-tong-hop
1667,kinh-doanh-ban-hang,kinh-doanh-ban-hang-tong-hop
1668,marketing-truyen-thong,marketing-truyen-thong-pr
1669,thiet-ke-kien-truc,thiet-ke-do-hoa
1670,kinh-doanh-ban-hang,kinh-doanh-ban-hang-tong-hop
1671,nhan-su-hanh-chinh,nhan-su-hanh-chinh-van-phong
1672,ke-toan-tai-chinh,ke-toan-tai-chinh-kiem-toan
1673,cntt,cntt-phat-trien-phan-mem
1674,nhan-su-hanh-chinh,nhan-su-hanh-chinh-van-phong
1675,ke-toan-tai-chinh,ke-toan-tai-chinh-bao-hiem
1676,thiet-ke-kien-truc,thiet-ke-noi-that
1677,ke-toan-tai-chinh,ke-toan-tai-chinh-bao-hiem
1678,ke-toan-tai-chinh,ke-toan-tai-chinh-kiem-toan
1679,ke-toan-tai-chinh,ke-toan-tai-chinh-bao-hiem
1680,thiet-ke-kien-truc,thiet-ke-do-hoa
1681,kinh-doanh-ban-hang,kinh-doanh-ban-hang-tong-hop
1682,dien-dien-tu-vien-thong,dien-dien-tu-dien-lanh
1683,ke-toan-tai-chinh,ke-toan-tai-chinh-kiem-toan
1684,dien-dien-tu-vien-thong,dien-dien-tu-dien-lanh
1685,cntt,cntt-phat-trien-phan-mem
1686,nhan-su-hanh-chinh,nhan-su-thu-ky-tro-ly
1687,thiet-ke-kien-truc,thiet-ke-kien-truc-kien-truc
1688,,
1689,,
1690,marketing-truyen-thong,marketing-truyen-thong-pr
1691,san-xuat-qa-qc,san-xuat-det-may
1692,dich-vu-khach-hang,dich-vu-khach-hang-cskh
1693,cntt,cntt-phat-trien-phan-mem
1694,,
1695,kinh-doanh-ban-hang,kinh-doanh-ban-hang-tong-hop
1696,cntt,cntt-phat-trien-phan-mem
1697,y-te-duoc,y-te-duoc-y-te
1698,thiet-ke-kien-truc,thiet-ke-noi-that
1699,ke-toan-tai-chinh,ke-toan-tai-chinh-bao-hiem
1700,kinh-doanh-ban-hang,kinh-doanh-ban-hang-tong-hop
1701,kinh-doanh-ban-hang,kinh-doanh-ban-hang-ban-le-si
1702,ke-toan-tai-chinh,ke-toan-tai-chinh-ngan-hang
1703,thiet-ke-kien-truc,thiet-ke-do-hoa
1704,kinh-doanh-ban-hang,kinh-doanh-ban-hang-tong-hop
1705,khach-san-nha-hang-du-lich,khach-san-khach-san
1706,giao-duc-dao-tao,giao-duc-giang-day
1707,ke-toan-tai-chinh,ke-toan-tai-chinh-kiem-toan
1708,ke-toan-tai-chinh,ke-toan-tai-chinh-kiem-toan
1709,nhan-su-hanh-chinh,nhan-su-tuyen-dung-cb
1710,cntt,cntt-phat-trien-phan-mem
1711,kinh-doanh-ban-hang,kinh-doanh-ban-hang-tong-hop
1712,kinh-doanh-ban-hang,kinh-doanh-ban-hang-tong-hop
1713,khach-san-nha-hang-du-lich,khach-san-khach-san
1714,giao-duc-dao-tao,giao-duc-giang-day
1715,nhan-su-hanh-chinh,nhan-su-tuyen-dung-cb
1716,ke-toan-tai-chinh,ke-toan-tai-chinh-bao-hiem
1717,,
1718,cntt,cntt-phat-trien-phan-mem
1719,nhan-su-hanh-chinh,nhan-su-tuyen-dung-cb
1720,ke-toan-tai-chinh,ke-toan-tai-chinh-bao-hiem
1721,ke-toan-tai-chinh,ke-toan-tai-chinh-ngan-hang
1722,bat-dong-san,bat-dong-san-moi-gioi
1723,san-xuat-qa-qc,san-xuat-my-pham
1724,co-khi-che-tao,co-khi-tu-dong-hoa
1725,cntt,cntt-phat-trien-phan-mem
1726,kinh-doanh-ban-hang,kinh-doanh-ban-hang-tong-hop
1727,san-xuat-qa-qc,san-xuat-nong-nghiep
1728,kinh-doanh-ban-hang,kinh-doanh-ban-hang-tong-hop
1729,khach-san-nha-hang-du-lich,khach-san-spa-lam-dep
1730,ke-toan-tai-chinh,ke-toan-tai-chinh-kiem-toan
1731,nhan-su-hanh-chinh,nhan-su-tuyen-dung-cb
1732,cntt,cntt-phat-trien-phan-mem
1733,ke-toan-tai-chinh,ke-toan-tai-chinh-kiem-toan
1734,cntt,cntt-phat-trien-phan-mem
1735,xay-dung,xay-dung-ky-su
1736,co-khi-che-tao,co-khi-tu-dong-hoa
1737,kinh-doanh-ban-hang,kinh-doanh-ban-hang-tong-hop
1738,y-te-duoc,y-te-duoc-y-te
1739,,
1740,kinh-doanh-ban-hang,kinh-doanh-ban-hang-tong-hop
1741,marketing-truyen-thong,marketing-truyen-thong-pr
1742,bat-dong-san,bat-dong-san-moi-gioi
1743,ke-toan-tai-chinh,ke-toan-tai-chinh-kiem-toan
1744,khach-san-nha-hang-du-lich,khach-san-spa-lam-dep
1745,nhan-su-hanh-chinh,nhan-su-thu-ky-tro-ly
1746,marketing-truyen-thong,marketing-bien-phien-dich
1747,ke-toan-tai-chinh,ke-toan-tai-chinh-kiem-toan
1748,giao-duc-dao-tao,giao-duc-giang-day
1749,kinh-doanh-ban-hang,kinh-doanh-ban-hang-tong-hop
1750,y-te-duoc,y-te-duoc-y-te
1751,xay-dung,xay-dung-ky-su
1752,,
1753,kinh-doanh-ban-hang,kinh-doanh-ban-hang-tong-hop
1754,kinh-doanh-ban-hang,kinh-doanh-ban-hang-tong-hop
1755,ke-toan-tai-chinh,ke-toan-tai-chinh-kiem-toan
1756,marketing-truyen-thong,marketing-truyen-thong-pr
1757,ke-toan-tai-chinh,ke-toan-tai-chinh-kiem-toan
1758,cntt,cntt-phat-trien-phan-mem
1759,kinh-doanh-ban-hang,kinh-doanh-ban-hang-tong-hop
1760,marketing-truyen-thong,marketing-truyen-thong-pr
1761,,
1762,nhan-su-hanh-chinh,nhan-su-tuyen-dung-cb
1763,dich-vu-khach-hang,dich-vu-khach-hang-cskh
1764,ke-toan-tai-chinh,ke-toan-tai-chinh-ngan-hang
1765,kinh-doanh-ban-hang,kinh-doanh-ban-hang-tong-hop
1766,giao-duc-dao-tao,giao-duc-giang-day
1767,san-xuat-qa-qc,san-xuat-quan-ly
1768,kinh-doanh-ban-hang,kinh-doanh-ban-hang-ban-le-si
1769,kinh-doanh-ban-hang,kinh-doanh-ban-hang-tong-hop
1770,kinh-doanh-ban-hang,kinh-doanh-ban-hang-tong-hop
1771,cntt,cntt-phat-trien-phan-mem
1772,,
1773,,
1774,giao-duc-dao-tao,giao-duc-giang-day
1775,dien-dien-tu-vien-thong,dien-dien-tu-vien-thong-vt
1776,san-xuat-qa-qc,san-xuat-quan-ly
1777,xay-dung,xay-dung-ky-su
1778,marketing-truyen-thong,marketing-truyen-thong-pr
1779,marketing-truyen-thong,marketing-truyen-thong-pr
1780,kinh-doanh-ban-hang,kinh-doanh-ban-hang-tong-hop
1781,thiet-ke-kien-truc,thiet-ke-noi-that
1782,kinh-doanh-ban-hang,kinh-doanh-ban-hang-tong-hop
1783,,
1784,kinh-doanh-ban-hang,kinh-doanh-ban-hang-tong-hop
1785,ke-toan-tai-chinh,ke-toan-tai-chinh-kiem-toan
1786,,
1787,ke-toan-tai-chinh,ke-toan-tai-chinh-kiem-toan
1788,,
1789,ke-toan-tai-chinh,ke-toan-tai-chinh-ngan-hang
1790,ke-toan-tai-chinh,ke-toan-tai-chinh-ngan-hang
1791,y-te-duoc,y-te-duoc-y-te
1792,kinh-doanh-ban-hang,kinh-doanh-ban-hang-tong-hop
1793,marketing-truyen-thong,marketing-truyen-thong-pr
1794,kinh-doanh-ban-hang,kinh-doanh-ban-hang-tong-hop
1795,,
1796,san-xuat-qa-qc,san-xuat-qa-qc-qa-qc
1797,kinh-doanh-ban-hang,kinh-doanh-ban-hang-tong-hop
1798,,
1799,ke-toan-tai-chinh,ke-toan-tai-chinh-bao-hiem
1800,co-khi-che-tao,co-khi-tu-dong-hoa
1801,kinh-doanh-ban-hang,kinh-doanh-ban-hang-tong-hop
1802,ke-toan-tai-chinh,ke-toan-tai-chinh-kiem-toan
1803,,
1804,marketing-truyen-thong,marketing-truyen-thong-pr
1805,cntt,cntt-phat-trien-phan-mem
1806,giao-duc-dao-tao,giao-duc-giang-day
1807,ke-toan-tai-chinh,ke-toan-tai-chinh-bao-hiem
1808,thiet-ke-kien-truc,thiet-ke-do-hoa
1809,thiet-ke-kien-truc,thiet-ke-do-hoa
1810,marketing-truyen-thong,marketing-truyen-thong-pr
1811,dich-vu-khach-hang,dich-vu-khach-hang-cskh
1812,kinh-doanh-ban-hang,kinh-doanh-ban-hang-tong-hop
1813,kinh-doanh-ban-hang,kinh-doanh-ban-hang-tong-hop
1814,ke-toan-tai-chinh,ke-toan-tai-chinh-kiem-toan
1815,cntt,cntt-phat-trien-phan-mem
1816,cntt,cntt-phat-trien-phan-mem
1817,ke-toan-tai-chinh,ke-toan-tai-chinh-kiem-toan
1818,ke-toan-tai-chinh,ke-toan-tai-chinh-bao-hiem
1819,cntt,cntt-phat-trien-phan-mem
1820,xay-dung,xay-dung-ky-su
1821,cntt,cntt-phat-trien-phan-mem
1822,kinh-doanh-ban-hang,kinh-doanh-ban-hang-tong-hop
1823,,
1824,giao-duc-dao-tao,giao-duc-giang-day
1825,,
1826,cntt,cntt-phat-trien-phan-mem
1827,ke-toan-tai-chinh,ke-toan-tai-chinh-ngan-hang
1828,nhan-su-hanh-chinh,nhan-su-hanh-chinh-van-phong
1829,giao-duc-dao-tao,giao-duc-giang-day
1830,van-tai-logistics,van-tai-xuat-nhap-khau
1831,nhan-su-hanh-chinh,nhan-su-tuyen-dung-cb
1832,kinh-doanh-ban-hang,kinh-doanh-ban-hang-tong-hop
1833,marketing-truyen-thong,marketing-truyen-thong-pr
1834,cntt,cntt-phan-cung-mang
1835,khach-san-nha-hang-du-lich,khach-san-khach-san
1836,marketing-truyen-thong,marketing-truyen-thong-pr
1837,thiet-ke-kien-truc,thiet-ke-my-thuat
1838,kinh-doanh-ban-hang,kinh-doanh-ban-hang-tong-hop
1839,kinh-doanh-ban-hang,kinh-doanh-ban-hang-tong-hop
1840,kinh-doanh-ban-hang,kinh-doanh-ban-hang-tong-hop
1841,thiet-ke-kien-truc,thiet-ke-do-hoa
1842,ke-toan-tai-chinh,ke-toan-tai-chinh-kiem-toan
1843,cntt,cntt-phan-cung-mang
1844,dich-vu-khach-hang,dich-vu-khach-hang-cskh
1845,nhan-su-hanh-chinh,nhan-su-tuyen-dung-cb
1846,,
1847,bat-dong-san,bat-dong-san-moi-gioi
1848,san-xuat-qa-qc,san-xuat-nong-nghiep
1849,,
1850,kinh-doanh-ban-hang,kinh-doanh-ban-hang-tong-hop
1851,marketing-truyen-thong,marketing-truyen-thong-pr
1852,cntt,cntt-phat-trien-phan-mem
1853,kinh-doanh-ban-hang,kinh-doanh-ban-hang-tong-hop
1854,,
1855,nhan-su-hanh-chinh,nhan-su-hanh-chinh-van-phong
1856,ke-toan-tai-chinh,ke-toan-tai-chinh-ngan-hang
1857,nhan-su-hanh-chinh,nhan-su-thu-ky-tro-ly
1858,nhan-su-hanh-chinh,nhan-su-tuyen-dung-cb
1859,kinh-doanh-ban-hang,kinh-doanh-ban-hang-tong-hop
1860,,
1861,cntt,cntt-phat-trien-phan-mem
1862,cntt,cntt-phat-trien-phan-mem
1863,cntt,cntt-phat-trien-phan-mem
1864,thiet-ke-kien-truc,thiet-ke-do-hoa
1865,nhan-su-hanh-chinh,nhan-su-thu-ky-tro-ly
1866,ke-toan-tai-chinh,ke-toan-tai-chinh-kiem-toan
1867,xay-dung,xay-dung-ky-su
1868,bat-dong-san,bat-dong-san-moi-gioi
1869,ke-toan-tai-chinh,ke-toan-tai-chinh-ngan-hang
1870,cntt,cntt-phat-trien-phan-mem
1871,kinh-doanh-ban-hang,kinh-doanh-ban-hang-tong-hop
1872,van-tai-logistics,van-tai-xuat-nhap-khau
1873,marketing-truyen-thong,marketing-truyen-thong-pr
1874,marketing-truyen-thong,marketing-truyen-thong-pr
1875,ke-toan-tai-chinh,ke-toan-tai-chinh-kiem-toan
1876,kinh-doanh-ban-hang,kinh-doanh-ban-hang-tong-hop
1877,marketing-truyen-thong,marketing-to-chuc-su-kien
1878,kinh-doanh-ban-hang,kinh-doanh-ban-hang-tong-hop
1879,marketing-truyen-thong,marketing-truyen-thong-pr
1880,kinh-doanh-ban-hang,kinh-doanh-ban-hang-tong-hop
1881,kinh-doanh-ban-hang,kinh-doanh-ban-hang-tong-hop
1882,marketing-truyen-thong,marketing-truyen-thong-pr
1883,kinh-doanh-ban-hang,kinh-doanh-ban-hang-tong-hop
1884,nhan-su-hanh-chinh,nhan-su-hanh-chinh-van-phong
1885,dien-dien-tu-vien-thong,dien-dien-tu-dien-lanh
1886,khach-san-nha-hang-du-lich,khach-san-spa-lam-dep
1887,kinh-doanh-ban-hang,kinh-doanh-ban-hang-tong-hop
1888,nhan-su-hanh-chinh,nhan-su-phap-ly-phap-che
1889,y-te-duoc,y-te-duoc-duoc-pham
1890,nhan-su-hanh-chinh,nhan-su-thu-ky-tro-ly
1891,san-xuat-qa-qc,san-xuat-qa-qc-qa-qc
1892,y-te-duoc,y-te-duoc-y-te
1893,kinh-doanh-ban-hang,kinh-doanh-ban-hang-tong-hop
1894,marketing-truyen-thong,marketing-bao-chi-truyen-hinh
1895,kinh-doanh-ban-hang,kinh-doanh-ban-hang-tong-hop
1896,giao-duc-dao-tao,giao-duc-giang-day
1897,thiet-ke-kien-truc,thiet-ke-kien-truc-kien-truc
1898,ke-toan-tai-chinh,ke-toan-tai-chinh-kiem-toan
1899,kinh-doanh-ban-hang,kinh-doanh-ban-hang-tong-hop
1900,cntt,cntt-phan-cung-mang
1901,kinh-doanh-ban-hang,kinh-doanh-ban-hang-tong-hop
1902,ke-toan-tai-chinh,ke-toan-tai-chinh-bao-hiem
1903,ke-toan-tai-chinh,ke-toan-tai-chinh-kiem-toan
1904,ke-toan-tai-chinh,ke-toan-tai-chinh-bao-hiem
1905,nhan-su-hanh-chinh,nhan-su-tuyen-dung-cb
1906,ke-toan-tai-chinh,ke-toan-tai-chinh-kiem-toan
1907,kinh-doanh-ban-hang,kinh-doanh-ban-hang-tong-hop
1908,dich-vu-khach-hang,dich-vu-khach-hang-cskh
1909,ke-toan-tai-chinh,ke-toan-tai-chinh-kiem-toan
1910,y-te-duoc,y-te-duoc-y-te
1911,,
1912,ke-toan-tai-chinh,ke-toan-tai-chinh-kiem-toan
1913,marketing-truyen-thong,marketing-truyen-thong-pr
1914,,
1915,y-te-duoc,y-te-duoc-y-te
1916,ke-toan-tai-chinh,ke-toan-tai-chinh-ngan-hang
1917,kinh-doanh-ban-hang,kinh-doanh-ban-hang-tong-hop
1918,kinh-doanh-ban-hang,kinh-doanh-ban-hang-tong-hop
1919,ke-toan-tai-chinh,ke-toan-tai-chinh-ngan-hang
1920,cntt,cntt-phat-trien-phan-mem
1921,ke-toan-tai-chinh,ke-toan-tai-chinh-ngan-hang
1922,ke-toan-tai-chinh,ke-toan-tai-chinh-kiem-toan
1923,,
1924,kinh-doanh-ban-hang,kinh-doanh-ban-hang-tong-hop
1925,cntt,cntt-phat-trien-phan-mem
1926,marketing-truyen-thong,marketing-bien-phien-dich
1927,kinh-doanh-ban-hang,kinh-doanh-ban-hang-tong-hop
1928,san-xuat-qa-qc,san-xuat-quan-ly
1929,kinh-doanh-ban-hang,kinh-doanh-ban-hang-tong-hop
1930,co-khi-che-tao,co-khi-tu-dong-hoa
1931,kinh-doanh-ban-hang,kinh-doanh-ban-hang-tong-hop
1932,kinh-doanh-ban-hang,kinh-doanh-ban-hang-tong-hop
1933,kinh-doanh-ban-hang,kinh-doanh-ban-hang-tong-hop
1934,nhan-su-hanh-chinh,nhan-su-hanh-chinh-van-phong
1935,kinh-doanh-ban-hang,kinh-doanh-ban-hang-tong-hop
1936,san-xuat-qa-qc,san-xuat-thuc-pham
1937,,
1938,kinh-doanh-ban-hang,kinh-doanh-ban-hang-tong-hop
1939,nhan-su-hanh-chinh,nhan-su-phap-ly-phap-che
1940,ke-toan-tai-chinh,ke-toan-tai-chinh-chung-khoan
1941,marketing-truyen-thong,marketing-truyen-thong-pr
1942,khach-san-nha-hang-du-lich,khach-san-du-lich-le-hanh
1943,cntt,cntt-phan-cung-mang
1944,marketing-truyen-thong,marketing-truyen-thong-pr
1945,y-te-duoc,y-te-duoc-y-te
1946,marketing-truyen-thong,marketing-bao-chi-truyen-hinh
1947,y-te-duoc,y-te-duoc-y-te
1948,kinh-doanh-ban-hang,kinh-doanh-ban-hang-tong-hop
1949,kinh-doanh-ban-hang,kinh-doanh-ban-hang-tong-hop
1950,cntt,cntt-phat-trien-phan-mem
1951,nhan-su-hanh-chinh,nhan-su-tuyen-dung-cb
1952,san-xuat-qa-qc,san-xuat-det-may
1953,giao-duc-dao-tao,giao-duc-giang-day
1954,ke-toan-tai-chinh,ke-toan-tai-chinh-kiem-toan
1955,kinh-doanh-ban-hang,kinh-doanh-ban-hang-tong-hop
1956,san-xuat-qa-qc,san-xuat-qa-qc-qa-qc
1957,marketing-truyen-thong,marketing-truyen-thong-pr
1958,san-xuat-qa-qc,san-xuat-qa-qc-qa-qc
1959,nhan-su-hanh-chinh,nhan-su-thu-ky-tro-ly
1960,cntt,cntt-phat-trien-phan-mem
1961,marketing-truyen-thong,marketing-truyen-thong-pr
1962,kinh-doanh-ban-hang,kinh-doanh-ban-hang-tong-hop
1963,kinh-doanh-ban-hang,kinh-doanh-ban-hang-tong-hop
1964,,
1965,kinh-doanh-ban-hang,kinh-doanh-ban-hang-tong-hop
1966,kinh-doanh-ban-hang,kinh-doanh-ban-hang-tong-hop
1967,ke-toan-tai-chinh,ke-toan-tai-chinh-bao-hiem
1968,thiet-ke-kien-truc,thiet-ke-do-hoa
1969,,
1970,kinh-doanh-ban-hang,kinh-doanh-ban-hang-tong-hop
1971,xay-dung,xay-dung-ky-su
1972,,
1973,kinh-doanh-ban-hang,kinh-doanh-ban-hang-tong-hop
1974,ke-toan-tai-chinh,ke-toan-tai-chinh-ngan-hang
1975,ke-toan-tai-chinh,ke-toan-tai-chinh-ngan-hang
1976,marketing-truyen-thong,marketing-to-chuc-su-kien
1977,kinh-doanh-ban-hang,kinh-doanh-ban-hang-tong-hop
1978,,
1979,cntt,cntt-phat-trien-phan-mem
1980,marketing-truyen-thong,marketing-truyen-thong-pr
1981,,
1982,marketing-truyen-thong,marketing-truyen-thong-pr
1983,kinh-doanh-ban-hang,kinh-doanh-ban-hang-tong-hop
1984,nhan-su-hanh-chinh,nhan-su-hanh-chinh-van-phong
1985,van-tai-logistics,van-tai-xuat-nhap-khau
1986,ke-toan-tai-chinh,ke-toan-tai-chinh-ngan-hang
1987,giao-duc-dao-tao,giao-duc-giang-day
1988,dich-vu-khach-hang,dich-vu-khach-hang-cskh
1989,giao-duc-dao-tao,giao-duc-giang-day
1990,thiet-ke-kien-truc,thiet-ke-do-hoa
1991,marketing-truyen-thong,marketing-truyen-thong-pr
1992,san-xuat-qa-qc,san-xuat-my-pham
1993,kinh-doanh-ban-hang,kinh-doanh-ban-hang-tong-hop
1994,ke-toan-tai-chinh,ke-toan-tai-chinh-kiem-toan
1995,marketing-truyen-thong,marketing-truyen-thong-pr
1996,ke-toan-tai-chinh,ke-toan-tai-chinh-ngan-hang
1997,,
1998,kinh-doanh-ban-hang,kinh-doanh-ban-hang-tong-hop
1999,marketing-truyen-thong,marketing-truyen-thong-pr
2000,,
2001,cntt,cntt-phat-trien-phan-mem
2002,ke-toan-tai-chinh,ke-toan-tai-chinh-bao-hiem
2003,ke-toan-tai-chinh,ke-toan-tai-chinh-bao-hiem
2004,cntt,cntt-phat-trien-phan-mem
2005,kinh-doanh-ban-hang,kinh-doanh-ban-hang-tong-hop
2006,thiet-ke-kien-truc,thiet-ke-do-hoa
2007,,
2008,marketing-truyen-thong,marketing-truyen-thong-pr
2009,kinh-doanh-ban-hang,kinh-doanh-ban-hang-tong-hop
2010,,
2011,kinh-doanh-ban-hang,kinh-doanh-ban-hang-tong-hop
2012,san-xuat-qa-qc,san-xuat-my-pham
2013,san-xuat-qa-qc,san-xuat-moi-truong
2014,cntt,cntt-phat-trien-phan-mem
2015,nhan-su-hanh-chinh,nhan-su-tuyen-dung-cb
2016,,
2017,ke-toan-tai-chinh,ke-toan-tai-chinh-bao-hiem
2018,cntt,cntt-phan-cung-mang
2019,cntt,cntt-phan-cung-mang
2020,dien-dien-tu-vien-thong,dien-dien-tu-vien-thong-vt
2021,ke-toan-tai-chinh,ke-toan-tai-chinh-kiem-toan
2022,,
2023,dich-vu-khach-hang,dich-vu-khach-hang-cskh
2024,,
2025,kinh-doanh-ban-hang,kinh-doanh-ban-hang-tong-hop
2026,kinh-doanh-ban-hang,kinh-doanh-ban-hang-tong-hop
2027,co-khi-che-tao,co-khi-tu-dong-hoa
2028,,
2029,ke-toan-tai-chinh,ke-toan-tai-chinh-ngan-hang
2030,marketing-truyen-thong,marketing-truyen-thong-pr
2031,,
2032,dien-dien-tu-vien-thong,dien-dien-tu-vien-thong-vt
2033,san-xuat-qa-qc,san-xuat-det-may
2034,giao-duc-dao-tao,giao-duc-giang-day
2035,kinh-doanh-ban-hang,kinh-doanh-ban-hang-tong-hop
2036,giao-duc-dao-tao,giao-duc-giang-day
2037,,
2038,,
2039,kinh-doanh-ban-hang,kinh-doanh-ban-hang-tong-hop
2040,ke-toan-tai-chinh,ke-toan-tai-chinh-kiem-toan
2041,kinh-doanh-ban-hang,kinh-doanh-ban-hang-tong-hop
2042,marketing-truyen-thong,marketing-bien-phien-dich
2043,ke-toan-tai-chinh,ke-toan-tai-chinh-kiem-toan
2044,nhan-su-hanh-chinh,nhan-su-thu-ky-tro-ly
2045,ke-toan-tai-chinh,ke-toan-tai-chinh-chung-khoan
2046,nhan-su-hanh-chinh,nhan-su-tuyen-dung-cb
2047,kinh-doanh-ban-hang,kinh-doanh-ban-hang-tong-hop
2048,thiet-ke-kien-truc,thiet-ke-noi-that
2049,,
2050,ke-toan-tai-chinh,ke-toan-tai-chinh-ngan-hang
2051,nhan-su-hanh-chinh,nhan-su-thu-ky-tro-ly
2052,cntt,cntt-phat-trien-phan-mem
2053,,
2054,marketing-truyen-thong,marketing-truyen-thong-pr
2055,kinh-doanh-ban-hang,kinh-doanh-ban-hang-tong-hop
2056,san-xuat-qa-qc,san-xuat-det-may
2057,kinh-doanh-ban-hang,kinh-doanh-ban-hang-tong-hop
2058,ke-toan-tai-chinh,ke-toan-tai-chinh-ngan-hang
2059,cntt,cntt-phat-trien-phan-mem
2060,giao-duc-dao-tao,giao-duc-giang-day
2061,,
2062,kinh-doanh-ban-hang,kinh-doanh-ban-hang-tong-hop
2063,xay-dung,xay-dung-ky-su
2064,y-te-duoc,y-te-duoc-y-te
2065,kinh-doanh-ban-hang,kinh-doanh-ban-hang-tong-hop
2066,dien-dien-tu-vien-thong,dien-dien-tu-vien-thong-vt
2067,,
2068,ke-toan-tai-chinh,ke-toan-tai-chinh-kiem-toan
2069,y-te-duoc,y-te-duoc-y-te
2070,cntt,cntt-phat-trien-phan-mem
2071,cntt,cntt-phat-trien-phan-mem
2072,ke-toan-tai-chinh,ke-toan-tai-chinh-kiem-toan
2073,khach-san-nha-hang-du-lich,khach-san-du-lich-le-hanh
2074,kinh-doanh-ban-hang,kinh-doanh-ban-hang-tong-hop
2075,y-te-duoc,y-te-duoc-y-te
2076,dien-dien-tu-vien-thong,dien-dien-tu-dien-lanh
2077,san-xuat-qa-qc,san-xuat-det-may
2078,marketing-truyen-thong,marketing-bao-chi-truyen-hinh
2079,cntt,cntt-phat-trien-phan-mem
2080,van-tai-logistics,van-tai-xuat-nhap-khau
2081,kinh-doanh-ban-hang,kinh-doanh-ban-hang-tong-hop
2082,,
2083,marketing-truyen-thong,marketing-truyen-thong-pr
2084,bat-dong-san,bat-dong-san-moi-gioi
2085,ke-toan-tai-chinh,ke-toan-tai-chinh-kiem-toan
2086,san-xuat-qa-qc,san-xuat-qa-qc-qa-qc
2087,kinh-doanh-ban-hang,kinh-doanh-ban-hang-tong-hop
2088,nhan-su-hanh-chinh,nhan-su-tuyen-dung-cb
2089,van-tai-logistics,van-tai-logistics-kho-van
2090,marketing-truyen-thong,marketing-truyen-thong-pr
2091,kinh-doanh-ban-hang,kinh-doanh-ban-hang-tong-hop
2092,cntt,cntt-phat-trien-phan-mem
2093,van-tai-logistics,van-tai-xuat-nhap-khau
2094,,
2095,kinh-doanh-ban-hang,kinh-doanh-ban-hang-tong-hop
2096,marketing-truyen-thong,marketing-truyen-thong-pr
2097,nhan-su-hanh-chinh,nhan-su-hanh-chinh-van-phong
2098,nhan-su-hanh-chinh,nhan-su-tuyen-dung-cb
2099,kinh-doanh-ban-hang,kinh-doanh-ban-hang-tong-hop
2100,san-xuat-qa-qc,san-xuat-qa-qc-qa-qc
2101,,
2102,nhan-su-hanh-chinh,nhan-su-hanh-chinh-van-phong
2103,kinh-doanh-ban-hang,kinh-doanh-ban-hang-tong-hop
2104,marketing-truyen-thong,marketing-truyen-thong-pr
2105,,
2106,kinh-doanh-ban-hang,kinh-doanh-ban-hang-tong-hop
2107,ke-toan-tai-chinh,ke-toan-tai-chinh-bao-hiem
2108,marketing-truyen-thong,marketing-truyen-thong-pr
2109,kinh-doanh-ban-hang,kinh-doanh-ban-hang-tong-hop
2110,,
2111,kinh-doanh-ban-hang,kinh-doanh-ban-hang-tong-hop
2112,kinh-doanh-ban-hang,kinh-doanh-ban-hang-tong-hop
2113,cntt,cntt-phat-trien-phan-mem
2114,cntt,cntt-phat-trien-phan-mem
2115,ke-toan-tai-chinh,ke-toan-tai-chinh-ngan-hang
2116,ke-toan-tai-chinh,ke-toan-tai-chinh-kiem-toan
2117,thiet-ke-kien-truc,thiet-ke-noi-that
2118,nhan-su-hanh-chinh,nhan-su-hanh-chinh-van-phong
2119,dich-vu-khach-hang,dich-vu-khach-hang-cskh
2120,kinh-doanh-ban-hang,kinh-doanh-ban-hang-tong-hop
2121,cntt,cntt-phat-trien-phan-mem
2122,marketing-truyen-thong,marketing-bao-chi-truyen-hinh
2123,,
2124,y-te-duoc,y-te-duoc-y-te
2125,ke-toan-tai-chinh,ke-toan-tai-chinh-ngan-hang
2126,dien-dien-tu-vien-thong,dien-dien-tu-dien-lanh
2127,bat-dong-san,bat-dong-san-moi-gioi
2128,kinh-doanh-ban-hang,kinh-doanh-ban-hang-tong-hop
2129,cntt,cntt-phat-trien-phan-mem
2130,cntt,cntt-phan-cung-mang
2131,dich-vu-khach-hang,dich-vu-khach-hang-cskh
2132,giao-duc-dao-tao,giao-duc-giang-day
2133,cntt,cntt-phat-trien-phan-mem
2134,cntt,cntt-phat-trien-phan-mem
2135,cntt,cntt-phat-trien-phan-mem
2136,,
2137,,
2138,marketing-truyen-thong,marketing-truyen-thong-pr
2139,,
2140,marketing-truyen-thong,marketing-bao-chi-truyen-hinh
2141,ke-toan-tai-chinh,ke-toan-tai-chinh-bao-hiem
2142,cntt,cntt-phat-trien-phan-mem
2143,marketing-truyen-thong,marketing-truyen-thong-pr
2144,,
2145,nhan-su-hanh-chinh,nhan-su-tuyen-dung-cb
2146,kinh-doanh-ban-hang,kinh-doanh-ban-hang-tong-hop
2147,cntt,cntt-phat-trien-phan-mem
2148,kinh-doanh-ban-hang,kinh-doanh-ban-hang-tong-hop
2149,ke-toan-tai-chinh,ke-toan-tai-chinh-kiem-toan
2150,ke-toan-tai-chinh,ke-toan-tai-chinh-kiem-toan
2151,,
2152,ke-toan-tai-chinh,ke-toan-tai-chinh-kiem-toan
2153,xay-dung,xay-dung-ky-su
2154,marketing-truyen-thong,marketing-truyen-thong-pr
2155,marketing-truyen-thong,marketing-truyen-thong-pr
2156,van-tai-logistics,van-tai-logistics-kho-van
2157,san-xuat-qa-qc,san-xuat-quan-ly
2158,van-tai-logistics,van-tai-xuat-nhap-khau
2159,cntt,cntt-phat-trien-phan-mem
2160,san-xuat-qa-qc,san-xuat-det-may
2161,,
2162,giao-duc-dao-tao,giao-duc-giang-day
2163,dien-dien-tu-vien-thong,dien-dien-tu-vien-thong-vt
2164,ke-toan-tai-chinh,ke-toan-tai-chinh-chung-khoan
2165,cntt,cntt-phat-trien-phan-mem
2166,ke-toan-tai-chinh,ke-toan-tai-chinh-tai-chinh
2167,marketing-truyen-thong,marketing-truyen-thong-pr
2168,cntt,cntt-phat-trien-phan-mem
2169,bat-dong-san,bat-dong-san-moi-gioi
2170,,
2171,ke-toan-tai-chinh,ke-toan-tai-chinh-ngan-hang
2172,marketing-truyen-thong,marketing-truyen-thong-pr
2173,van-tai-logistics,van-tai-logistics-kho-van
2174,kinh-doanh-ban-hang,kinh-doanh-ban-hang-tong-hop
2175,dien-dien-tu-vien-thong,dien-dien-tu-vien-thong-vt
2176,kinh-doanh-ban-hang,kinh-doanh-ban-hang-tong-hop
2177,marketing-truyen-thong,marketing-truyen-thong-pr
2178,bat-dong-san,bat-dong-san-moi-gioi
2179,,
2180,thiet-ke-kien-truc,thiet-ke-do-hoa
2181,,
2182,ke-toan-tai-chinh,ke-toan-tai-chinh-ngan-hang
2183,giao-duc-dao-tao,giao-duc-giang-day
2184,san-xuat-qa-qc,san-xuat-quan-ly
2185,marketing-truyen-thong,marketing-bao-chi-truyen-hinh
2186,kinh-doanh-ban-hang,kinh-doanh-ban-hang-tong-hop
2187,kinh-doanh-ban-hang,kinh-doanh-ban-hang-tong-hop
2188,cntt,cntt-phat-trien-phan-mem
2189,,
2190,kinh-doanh-ban-hang,kinh-doanh-ban-hang-tong-hop
2191,kinh-doanh-ban-hang,kinh-doanh-ban-hang-tong-hop
2192,kinh-doanh-ban-hang,kinh-doanh-ban-hang-tong-hop
2193,giao-duc-dao-tao,giao-duc-giang-day
2194,kinh-doanh-ban-hang,kinh-doanh-ban-hang-tong-hop
2195,nhan-su-hanh-chinh,nhan-su-tuyen-dung-cb
2196,thiet-ke-kien-truc,thiet-ke-my-thuat
2197,van-tai-logistics,van-tai-logistics-kho-van
2198,marketing-truyen-thong,marketing-truyen-thong-pr
2199,,
2200,ke-toan-tai-chinh,ke-toan-tai-chinh-ngan-hang
2201,cntt,cntt-phan-cung-mang
2202,giao-duc-dao-tao,giao-duc-giang-day
2203,cntt,cntt-phat-trien-phan-mem
2204,xay-dung,xay-dung-ky-su
2205,giao-duc-dao-tao,giao-duc-giang-day
2206,dien-dien-tu-vien-thong,dien-dien-tu-dien-lanh
2207,marketing-truyen-thong,marketing-truyen-thong-pr
2208,cntt,cntt-phat-trien-phan-mem
2209,kinh-doanh-ban-hang,kinh-doanh-ban-hang-tong-hop
2210,cntt,cntt-phat-trien-phan-mem
2211,,
2212,marketing-truyen-thong,marketing-truyen-thong-pr
2213,kinh-doanh-ban-hang,kinh-doanh-ban-hang-tong-hop
2214,kinh-doanh-ban-hang,kinh-doanh-ban-hang-tong-hop
2215,cntt,cntt-phat-trien-phan-mem
2216,ke-toan-tai-chinh,ke-toan-tai-chinh-bao-hiem
2217,thiet-ke-kien-truc,thiet-ke-do-hoa
2218,giao-duc-dao-tao,giao-duc-giang-day
2219,thiet-ke-kien-truc,thiet-ke-do-hoa
2220,kinh-doanh-ban-hang,kinh-doanh-ban-hang-tong-hop
2221,dich-vu-khach-hang,dich-vu-khach-hang-cskh
2222,san-xuat-qa-qc,san-xuat-thuc-pham
2223,co-khi-che-tao,co-khi-tu-dong-hoa
2224,cntt,cntt-phat-trien-phan-mem
2225,kinh-doanh-ban-hang,kinh-doanh-ban-hang-tong-hop
2226,ke-toan-tai-chinh,ke-toan-tai-chinh-kiem-toan
2227,san-xuat-qa-qc,san-xuat-my-pham
2228,marketing-truyen-thong,marketing-truyen-thong-pr
2229,ke-toan-tai-chinh,ke-toan-tai-chinh-ngan-hang
2230,marketing-truyen-thong,marketing-truyen-thong-pr
2231,cntt,cntt-phat-trien-phan-mem
2232,cntt,cntt-phat-trien-phan-mem
2233,kinh-doanh-ban-hang,kinh-doanh-ban-hang-tong-hop
2234,cntt,cntt-phat-trien-phan-mem
2235,,
2236,,
2237,dich-vu-khach-hang,dich-vu-khach-hang-cskh
2238,kinh-doanh-ban-hang,kinh-doanh-ban-hang-tong-hop
2239,ke-toan-tai-chinh,ke-toan-tai-chinh-bao-hiem
2240,nhan-su-hanh-chinh,nhan-su-phap-ly-phap-che
2241,giao-duc-dao-tao,giao-duc-giang-day
2242,cntt,cntt-phat-trien-phan-mem
2243,,
2244,thiet-ke-kien-truc,thiet-ke-do-hoa
2245,khach-san-nha-hang-du-lich,khach-san-spa-lam-dep
2246,kinh-doanh-ban-hang,kinh-doanh-ban-hang-tong-hop
2247,ke-toan-tai-chinh,ke-toan-tai-chinh-bao-hiem
2248,thiet-ke-kien-truc,thiet-ke-do-hoa
2249,marketing-truyen-thong,marketing-truyen-thong-pr
2250,marketing-truyen-thong,marketing-truyen-thong-pr
2251,nhan-su-hanh-chinh,nhan-su-thu-ky-tro-ly
2252,,
2253,cntt,cntt-phat-trien-phan-mem
2254,dich-vu-khach-hang,dich-vu-khach-hang-cskh
2255,ke-toan-tai-chinh,ke-toan-tai-chinh-kiem-toan
2256,thiet-ke-kien-truc,thiet-ke-do-hoa
2257,marketing-truyen-thong,marketing-truyen-thong-pr
2258,xay-dung,xay-dung-ky-su
2259,marketing-truyen-thong,marketing-truyen-thong-pr
2260,cntt,cntt-phat-trien-phan-mem
2261,ke-toan-tai-chinh,ke-toan-tai-chinh-kiem-toan
2262,nhan-su-hanh-chinh,nhan-su-tuyen-dung-cb
2263,van-tai-logistics,van-tai-xuat-nhap-khau
2264,dien-dien-tu-vien-thong,dien-dien-tu-dien-lanh
2265,ke-toan-tai-chinh,ke-toan-tai-chinh-kiem-toan
2266,kinh-doanh-ban-hang,kinh-doanh-ban-hang-tong-hop
2267,thiet-ke-kien-truc,thiet-ke-do-hoa
2268,,
2269,,
2270,giao-duc-dao-tao,giao-duc-giang-day
2271,nhan-su-hanh-chinh,nhan-su-thu-ky-tro-ly
2272,xay-dung,xay-dung-ky-su
2273,dien-dien-tu-vien-thong,dien-dien-tu-vien-thong-vt
2274,cntt,cntt-phat-trien-phan-mem
2275,nhan-su-hanh-chinh,nhan-su-tuyen-dung-cb
2276,khach-san-nha-hang-du-lich,khach-san-khach-san
2277,thiet-ke-kien-truc,thiet-ke-do-hoa
2278,dich-vu-khach-hang,dich-vu-khach-hang-cskh
2279,ke-toan-tai-chinh,ke-toan-tai-chinh-bao-hiem
2280,ke-toan-tai-chinh,ke-toan-tai-chinh-kiem-toan
2281,ke-toan-tai-chinh,ke-toan-tai-chinh-kiem-toan
2282,ke-toan-tai-chinh,ke-toan-tai-chinh-ngan-hang
2283,thiet-ke-kien-truc,thiet-ke-do-hoa
2284,dich-vu-khach-hang,dich-vu-khach-hang-cskh
2285,kinh-doanh-ban-hang,kinh-doanh-ban-hang-tong-hop
2286,marketing-truyen-thong,marketing-bien-phien-dich
2287,ke-toan-tai-chinh,ke-toan-tai-chinh-bao-hiem
2288,san-xuat-qa-qc,san-xuat-det-may
2289,nhan-su-hanh-chinh,nhan-su-hanh-chinh-van-phong
2290,co-khi-che-tao,co-khi-o-to
2291,marketing-truyen-thong,marketing-truyen-thong-pr
2292,ke-toan-tai-chinh,ke-toan-tai-chinh-kiem-toan
2293,,
2294,ke-toan-tai-chinh,ke-toan-tai-chinh-kiem-toan
2295,cntt,cntt-phat-trien-phan-mem
2296,cntt,cntt-phat-trien-phan-mem
2297,ke-toan-tai-chinh,ke-toan-tai-chinh-kiem-toan
2298,y-te-duoc,y-te-duoc-y-te
2299,ke-toan-tai-chinh,ke-toan-tai-chinh-bao-hiem
2300,thiet-ke-kien-truc,thiet-ke-noi-that
2301,kinh-doanh-ban-hang,kinh-doanh-ban-hang-tong-hop
2302,co-khi-che-tao,co-khi-o-to
2303,giao-duc-dao-tao,giao-duc-giang-day
2304,nhan-su-hanh-chinh,nhan-su-thu-ky-tro-ly
2305,cntt,cntt-phan-cung-mang
2306,dien-dien-tu-vien-thong,dien-dien-tu-dien-lanh
2307,,
2308,san-xuat-qa-qc,san-xuat-quan-ly
2309,marketing-truyen-thong,marketing-to-chuc-su-kien
2310,,
2311,van-tai-logistics,van-tai-xuat-nhap-khau
2312,khach-san-nha-hang-du-lich,khach-san-du-lich-le-hanh
2313,,
2314,nhan-su-hanh-chinh,nhan-su-tuyen-dung-cb
2315,giao-duc-dao-tao,giao-duc-giang-day
2316,kinh-doanh-ban-hang,kinh-doanh-ban-hang-tong-hop
2317,khach-san-nha-hang-du-lich,khach-san-khach-san
2318,marketing-truyen-thong,marketing-truyen-thong-pr
2319,cntt,cntt-phat-trien-phan-mem
2320,,
2321,marketing-truyen-thong,marketing-bien-phien-dich
2322,nhan-su-hanh-chinh,nhan-su-tuyen-dung-cb
2323,khach-san-nha-hang-du-lich,khach-san-du-lich-le-hanh
2324,co-khi-che-tao,co-khi-tu-dong-hoa
2325,marketing-truyen-thong,marketing-truyen-thong-pr
2326,dich-vu-khach-hang,dich-vu-khach-hang-cskh
2327,ke-toan-tai-chinh,ke-toan-tai-chinh-bao-hiem
2328,kinh-doanh-ban-hang,kinh-doanh-ban-hang-ban-le-si
2329,kinh-doanh-ban-hang,kinh-doanh-ban-hang-tong-hop
2330,,
2331,,
2332,co-khi-che-tao,co-khi-tu-dong-hoa
2333,dich-vu-khach-hang,dich-vu-khach-hang-cskh
2334,marketing-truyen-thong,marketing-bien-phien-dich
2335,marketing-truyen-thong,marketing-bao-chi-truyen-hinh
2336,kinh-doanh-ban-hang,kinh-doanh-ban-hang-tong-hop
2337,ke-toan-tai-chinh,ke-toan-tai-chinh-ngan-hang
2338,khach-san-nha-hang-du-lich,khach-san-khach-san
2339,giao-duc-dao-tao,giao-duc-giang-day
2340,bat-dong-san,bat-dong-san-moi-gioi
2341,giao-duc-dao-tao,giao-duc-giang-day
2342,,
2343,thiet-ke-kien-truc,thiet-ke-do-hoa
2344,marketing-truyen-thong,marketing-truyen-thong-pr
2345,ke-toan-tai-chinh,ke-toan-tai-chinh-kiem-toan
2346,san-xuat-qa-qc,san-xuat-quan-ly
2347,co-khi-che-tao,co-khi-tu-dong-hoa
2348,giao-duc-dao-tao,giao-duc-giang-day
2349,kinh-doanh-ban-hang,kinh-doanh-ban-hang-tong-hop
2350,kinh-doanh-ban-hang,kinh-doanh-ban-hang-tong-hop
2351,marketing-truyen-thong,marketing-truyen-thong-pr
2352,cntt,cntt-phat-trien-phan-mem
2353,ke-toan-tai-chinh,ke-toan-tai-chinh-kiem-toan
2354,kinh-doanh-ban-hang,kinh-doanh-ban-hang-tong-hop
2355,marketing-truyen-thong,marketing-truyen-thong-pr
2356,marketing-truyen-thong,marketing-truyen-thong-pr
2357,san-xuat-qa-qc,san-xuat-thuc-pham
2358,nhan-su-hanh-chinh,nhan-su-tuyen-dung-cb
2359,kinh-doanh-ban-hang,kinh-doanh-ban-hang-tong-hop
2360,co-khi-che-tao,co-khi-tu-dong-hoa
2361,ke-toan-tai-chinh,ke-toan-tai-chinh-bao-hiem
2362,ke-toan-tai-chinh,ke-toan-tai-chinh-kiem-toan
2363,,
2364,cntt,cntt-phat-trien-phan-mem
2365,dien-dien-tu-vien-thong,dien-dien-tu-vien-thong-vt
2366,co-khi-che-tao,co-khi-tu-dong-hoa
2367,thiet-ke-kien-truc,thiet-ke-noi-that
2368,kinh-doanh-ban-hang,kinh-doanh-ban-hang-tong-hop
2369,xay-dung,xay-dung-ky-su
2370,ke-toan-tai-chinh,ke-toan-tai-chinh-tai-chinh
2371,kinh-doanh-ban-hang,kinh-doanh-ban-hang-tong-hop
2372,,
2373,dien-dien-tu-vien-thong,dien-dien-tu-dien-lanh
2374,cntt,cntt-phat-trien-phan-mem
2375,marketing-truyen-thong,marketing-truyen-thong-pr
2376,van-tai-logistics,van-tai-logistics-kho-van
2377,dien-dien-tu-vien-thong,dien-dien-tu-dien-lanh
2378,nhan-su-hanh-chinh,nhan-su-hanh-chinh-van-phong
2379,san-xuat-qa-qc,san-xuat-moi-truong
2380,marketing-truyen-thong,marketing-truyen-thong-pr
2381,giao-duc-dao-tao,giao-duc-giang-day
2382,nhan-su-hanh-chinh,nhan-su-tuyen-dung-cb
2383,marketing-truyen-thong,marketing-bao-chi-truyen-hinh
2384,dich-vu-khach-hang,dich-vu-khach-hang-cskh
2385,kinh-doanh-ban-hang,kinh-doanh-ban-hang-tong-hop
2386,cntt,cntt-phat-trien-phan-mem
2387,cntt,cntt-phat-trien-phan-mem
2388,giao-duc-dao-tao,giao-duc-giang-day
2389,ke-toan-tai-chinh,ke-toan-tai-chinh-kiem-toan
2390,ke-toan-tai-chinh,ke-toan-tai-chinh-ngan-hang
2391,marketing-truyen-thong,marketing-to-chuc-su-kien
2392,kinh-doanh-ban-hang,kinh-doanh-ban-hang-tong-hop
2393,kinh-doanh-ban-hang,kinh-doanh-ban-hang-tong-hop
2394,cntt,cntt-phat-trien-phan-mem
2395,san-xuat-qa-qc,san-xuat-quan-ly
2396,kinh-doanh-ban-hang,kinh-doanh-ban-hang-ban-le-si
2397,khach-san-nha-hang-du-lich,khach-san-khach-san
2398,nhan-su-hanh-chinh,nhan-su-phap-ly-phap-che
2399,bat-dong-san,bat-dong-san-moi-gioi
2400,kinh-doanh-ban-hang,kinh-doanh-ban-hang-tong-hop
2401,thiet-ke-kien-truc,thiet-ke-do-hoa
2402,,
2403,kinh-doanh-ban-hang,kinh-doanh-ban-hang-tong-hop
2404,cntt,cntt-phan-cung-mang
2405,xay-dung,xay-dung-ky-su
2406,marketing-truyen-thong,marketing-truyen-thong-pr
2407,cntt,cntt-phat-trien-phan-mem
2408,giao-duc-dao-tao,giao-duc-giang-day
2409,,
2410,khach-san-nha-hang-du-lich,khach-san-spa-lam-dep
2411,nhan-su-hanh-chinh,nhan-su-thu-ky-tro-ly
2412,marketing-truyen-thong,marketing-truyen-thong-pr
2413,kinh-doanh-ban-hang,kinh-doanh-ban-hang-tong-hop
2414,bat-dong-san,bat-dong-san-moi-gioi
2415,bat-dong-san,bat-dong-san-moi-gioi
2416,ke-toan-tai-chinh,ke-toan-tai-chinh-bao-hiem
2417,ke-toan-tai-chinh,ke-toan-tai-chinh-bao-hiem
2418,marketing-truyen-thong,marketing-truyen-thong-pr
2419,kinh-doanh-ban-hang,kinh-doanh-ban-hang-tong-hop
2420,marketing-truyen-thong,marketing-truyen-thong-pr
2421,thiet-ke-kien-truc,thiet-ke-do-hoa
2422,kinh-doanh-ban-hang,kinh-doanh-ban-hang-tong-hop
2423,giao-duc-dao-tao,giao-duc-giang-day
2424,nhan-su-hanh-chinh,nhan-su-phap-ly-phap-che
2425,cntt,cntt-phan-cung-mang
2426,,
2427,ke-toan-tai-chinh,ke-toan-tai-chinh-kiem-toan
2428,ke-toan-tai-chinh,ke-toan-tai-chinh-ngan-hang
2429,marketing-truyen-thong,marketing-truyen-thong-pr
2430,cntt,cntt-phan-cung-mang
2431,kinh-doanh-ban-hang,kinh-doanh-ban-hang-tong-hop
2432,kinh-doanh-ban-hang,kinh-doanh-ban-hang-tong-hop
2433,kinh-doanh-ban-hang,kinh-doanh-ban-hang-tong-hop
2434,nhan-su-hanh-chinh,nhan-su-hanh-chinh-van-phong
2435,kinh-doanh-ban-hang,kinh-doanh-ban-hang-tong-hop
2436,thiet-ke-kien-truc,thiet-ke-noi-that
2437,,
2438,cntt,cntt-phat-trien-phan-mem
2439,kinh-doanh-ban-hang,kinh-doanh-ban-hang-tong-hop
2440,nhan-su-hanh-chinh,nhan-su-thu-ky-tro-ly
2441,,
2442,kinh-doanh-ban-hang,kinh-doanh-ban-hang-tong-hop
2443,ke-toan-tai-chinh,ke-toan-tai-chinh-kiem-toan
2444,marketing-truyen-thong,marketing-truyen-thong-pr
2445,thiet-ke-kien-truc,thiet-ke-do-hoa
2446,marketing-truyen-thong,marketing-truyen-thong-pr
2447,,
2448,dich-vu-khach-hang,dich-vu-khach-hang-cskh
2449,,
2450,giao-duc-dao-tao,giao-duc-giang-day
2451,ke-toan-tai-chinh,ke-toan-tai-chinh-bao-hiem
2452,xay-dung,xay-dung-ky-su
2453,,
2454,dien-dien-tu-vien-thong,dien-dien-tu-dien-lanh
2455,cntt,cntt-phat-trien-phan-mem
2456,kinh-doanh-ban-hang,kinh-doanh-ban-hang-tong-hop
2457,ke-toan-tai-chinh,ke-toan-tai-chinh-kiem-toan
2458,nhan-su-hanh-chinh,nhan-su-tuyen-dung-cb
2459,,
2460,,
2461,kinh-doanh-ban-hang,kinh-doanh-ban-hang-tong-hop
2462,y-te-duoc,y-te-duoc-y-te
2463,nhan-su-hanh-chinh,nhan-su-tuyen-dung-cb
2464,nhan-su-hanh-chinh,nhan-su-hanh-chinh-van-phong
2465,kinh-doanh-ban-hang,kinh-doanh-ban-hang-tong-hop
2466,nhan-su-hanh-chinh,nhan-su-hanh-chinh-van-phong
2467,ke-toan-tai-chinh,ke-toan-tai-chinh-kiem-toan
2468,,
2469,ke-toan-tai-chinh,ke-toan-tai-chinh-kiem-toan
2470,van-tai-logistics,van-tai-xuat-nhap-khau
2471,dich-vu-khach-hang,dich-vu-khach-hang-cskh
2472,,
2473,nhan-su-hanh-chinh,nhan-su-thu-ky-tro-ly
2474,cntt,cntt-phat-trien-phan-mem
2475,xay-dung,xay-dung-ky-su
2476,thiet-ke-kien-truc,thiet-ke-noi-that
2477,dien-dien-tu-vien-thong,dien-dien-tu-dien-lanh
2478,giao-duc-dao-tao,giao-duc-giang-day
2479,cntt,cntt-phat-trien-phan-mem
2480,marketing-truyen-thong,marketing-truyen-thong-pr
2481,marketing-truyen-thong,marketing-truyen-thong-pr
2482,marketing-truyen-thong,marketing-truyen-thong-pr
2483,xay-dung,xay-dung-ky-su
2484,bat-dong-san,bat-dong-san-moi-gioi
2485,cntt,cntt-phat-trien-phan-mem
2486,,
2487,bat-dong-san,bat-dong-san-moi-gioi
2488,thiet-ke-kien-truc,thiet-ke-noi-that
2489,cntt,cntt-phat-trien-phan-mem
2490,,
2491,,
2492,nhan-su-hanh-chinh,nhan-su-tuyen-dung-cb
2493,san-xuat-qa-qc,san-xuat-qa-qc-qa-qc
2494,ke-toan-tai-chinh,ke-toan-tai-chinh-kiem-toan
2495,ke-toan-tai-chinh,ke-toan-tai-chinh-bao-hiem
2496,nhan-su-hanh-chinh,nhan-su-hanh-chinh-van-phong
2497,khach-san-nha-hang-du-lich,khach-san-khach-san
2498,kinh-doanh-ban-hang,kinh-doanh-ban-hang-tong-hop
2499,bat-dong-san,bat-dong-san-moi-gioi
2500,kinh-doanh-ban-hang,kinh-doanh-ban-hang-tong-hop
2501,ke-toan-tai-chinh,ke-toan-tai-chinh-bao-hiem
2502,khach-san-nha-hang-du-lich,khach-san-khach-san
2503,khach-san-nha-hang-du-lich,khach-san-spa-lam-dep
2504,kinh-doanh-ban-hang,kinh-doanh-ban-hang-ban-le-si
2505,,
2506,cntt,cntt-phat-trien-phan-mem
2507,nhan-su-hanh-chinh,nhan-su-tuyen-dung-cb
2508,y-te-duoc,y-te-duoc-duoc-pham
2509,,
2510,cntt,cntt-phat-trien-phan-mem
2511,y-te-duoc,y-te-duoc-y-te
2512,,
2513,marketing-truyen-thong,marketing-truyen-thong-pr
2514,cntt,cntt-phat-trien-phan-mem
2515,giao-duc-dao-tao,giao-duc-giang-day
2516,khach-san-nha-hang-du-lich,khach-san-du-lich-le-hanh
2517,khach-san-nha-hang-du-lich,khach-san-du-lich-le-hanh
2518,,
2519,nhan-su-hanh-chinh,nhan-su-thu-ky-tro-ly
2520,san-xuat-qa-qc,san-xuat-quan-ly
2521,marketing-truyen-thong,marketing-truyen-thong-pr
2522,nhan-su-hanh-chinh,nhan-su-hanh-chinh-van-phong
2523,kinh-doanh-ban-hang,kinh-doanh-ban-hang-tong-hop
2524,ke-toan-tai-chinh,ke-toan-tai-chinh-ngan-hang
2525,dich-vu-khach-hang,dich-vu-khach-hang-cskh
2526,cntt,cntt-phat-trien-phan-mem
2527,marketing-truyen-thong,marketing-truyen-thong-pr
2528,,
2529,cntt,cntt-phat-trien-phan-mem
2530,giao-duc-dao-tao,giao-duc-giang-day
2531,marketing-truyen-thong,marketing-truyen-thong-pr
2532,,
2533,,
2534,thiet-ke-kien-truc,thiet-ke-do-hoa
2535,,
2536,marketing-truyen-thong,marketing-truyen-thong-pr
2537,marketing-truyen-thong,marketing-truyen-thong-pr
2538,ke-toan-tai-chinh,ke-toan-tai-chinh-kiem-toan
2539,thiet-ke-kien-truc,thiet-ke-kien-truc-kien-truc
2540,cntt,cntt-phat-trien-phan-mem
2541,,
2542,,
2543,marketing-truyen-thong,marketing-truyen-thong-pr
2544,dich-vu-khach-hang,dich-vu-khach-hang-cskh
2545,ke-toan-tai-chinh,ke-toan-tai-chinh-kiem-toan
2546,kinh-doanh-ban-hang,kinh-doanh-ban-hang-tong-hop
2547,giao-duc-dao-tao,giao-duc-giang-day
2548,cntt,cntt-phat-trien-phan-mem
2549,kinh-doanh-ban-hang,kinh-doanh-ban-hang-tong-hop
2550,kinh-doanh-ban-hang,kinh-doanh-ban-hang-tong-hop
2551,cntt,cntt-phat-trien-phan-mem
2552,ke-toan-tai-chinh,ke-toan-tai-chinh-bao-hiem
2553,kinh-doanh-ban-hang,kinh-doanh-ban-hang-tong-hop
2554,cntt,cntt-phat-trien-phan-mem
2555,,
2556,marketing-truyen-thong,marketing-truyen-thong-pr
2557,ke-toan-tai-chinh,ke-toan-tai-chinh-ngan-hang
2558,,
2559,marketing-truyen-thong,marketing-truyen-thong-pr
2560,marketing-truyen-thong,marketing-truyen-thong-pr
2561,ke-toan-tai-chinh,ke-toan-tai-chinh-kiem-toan
2562,kinh-doanh-ban-hang,kinh-doanh-ban-hang-tong-hop
2563,kinh-doanh-ban-hang,kinh-doanh-ban-hang-tong-hop
2564,cntt,cntt-phat-trien-phan-mem
2565,marketing-truyen-thong,marketing-truyen-thong-pr
2566,,
2567,ke-toan-tai-chinh,ke-toan-tai-chinh-kiem-toan
2568,kinh-doanh-ban-hang,kinh-doanh-ban-hang-tong-hop
2569,cntt,cntt-phat-trien-phan-mem
2570,cntt,cntt-phan-cung-mang
2571,san-xuat-qa-qc,san-xuat-quan-ly
2572,kinh-doanh-ban-hang,kinh-doanh-ban-hang-tong-hop
2573,cntt,cntt-phat-trien-phan-mem
2574,kinh-doanh-ban-hang,kinh-doanh-ban-hang-tong-hop
2575,bat-dong-san,bat-dong-san-moi-gioi
2576,nhan-su-hanh-chinh,nhan-su-thu-ky-tro-ly
2577,giao-duc-dao-tao,giao-duc-giang-day
2578,ke-toan-tai-chinh,ke-toan-tai-chinh-ngan-hang
2579,nhan-su-hanh-chinh,nhan-su-tuyen-dung-cb
2580,van-tai-logistics,van-tai-xuat-nhap-khau
2581,nhan-su-hanh-chinh,nhan-su-tuyen-dung-cb
2582,dien-dien-tu-vien-thong,dien-dien-tu-dien-lanh
2583,ke-toan-tai-chinh,ke-toan-tai-chinh-kiem-toan
2584,kinh-doanh-ban-hang,kinh-doanh-ban-hang-tong-hop
2585,cntt,cntt-phat-trien-phan-mem
2586,cntt,cntt-phan-cung-mang
2587,y-te-duoc,y-te-duoc-y-te
2588,co-khi-che-tao,co-khi-tu-dong-hoa
2589,thiet-ke-kien-truc,thiet-ke-do-hoa
2590,cntt,cntt-phat-trien-phan-mem
2591,kinh-doanh-ban-hang,kinh-doanh-ban-hang-tong-hop
2592,,
2593,san-xuat-qa-qc,san-xuat-quan-ly
2594,ke-toan-tai-chinh,ke-toan-tai-chinh-ngan-hang
2595,cntt,cntt-phat-trien-phan-mem
2596,cntt,cntt-phat-trien-phan-mem
2597,dien-dien-tu-vien-thong,dien-dien-tu-dien-lanh
2598,,
2599,khach-san-nha-hang-du-lich,khach-san-khach-san
2600,cntt,cntt-phat-trien-phan-mem
2601,nhan-su-hanh-chinh,nhan-su-tuyen-dung-cb
2602,marketing-truyen-thong,marketing-truyen-thong-pr
2603,kinh-doanh-ban-hang,kinh-doanh-ban-hang-tong-hop
2604,y-te-duoc,y-te-duoc-y-te
2605,,
2606,san-xuat-qa-qc,san-xuat-qa-qc-qa-qc
2607,kinh-doanh-ban-hang,kinh-doanh-ban-hang-tong-hop
2608,kinh-doanh-ban-hang,kinh-doanh-ban-hang-tong-hop
2609,ke-toan-tai-chinh,ke-toan-tai-chinh-bao-hiem
2610,ke-toan-tai-chinh,ke-toan-tai-chinh-tai-chinh
2611,thiet-ke-kien-truc,thiet-ke-do-hoa
2612,giao-duc-dao-tao,giao-duc-giang-day
2613,,
2614,kinh-doanh-ban-hang,kinh-doanh-ban-hang-tong-hop
2615,kinh-doanh-ban-hang,kinh-doanh-ban-hang-tong-hop
2616,thiet-ke-kien-truc,thiet-ke-do-hoa
2617,cntt,cntt-phat-trien-phan-mem
2618,ke-toan-tai-chinh,ke-toan-tai-chinh-ngan-hang
2619,dien-dien-tu-vien-thong,dien-dien-tu-vien-thong-vt
2620,kinh-doanh-ban-hang,kinh-doanh-ban-hang-tong-hop
2621,nhan-su-hanh-chinh,nhan-su-thu-ky-tro-ly
2622,kinh-doanh-ban-hang,kinh-doanh-ban-hang-tong-hop
2623,kinh-doanh-ban-hang,kinh-doanh-ban-hang-tong-hop
2624,cntt,cntt-phat-trien-phan-mem
2625,,
2626,giao-duc-dao-tao,giao-duc-giang-day
2627,marketing-truyen-thong,marketing-bien-phien-dich
2628,giao-duc-dao-tao,giao-duc-giang-day
2629,cntt,cntt-phat-trien-phan-mem
2630,,
2631,ke-toan-tai-chinh,ke-toan-tai-chinh-kiem-toan
2632,cntt,cntt-phat-trien-phan-mem
2633,,
2634,marketing-truyen-thong,marketing-truyen-thong-pr
2635,marketing-truyen-thong,marketing-truyen-thong-pr
2636,dich-vu-khach-hang,dich-vu-khach-hang-cskh
2637,ke-toan-tai-chinh,ke-toan-tai-chinh-kiem-toan
2638,cntt,cntt-phat-trien-phan-mem
2639,,
2640,bat-dong-san,bat-dong-san-moi-gioi
2641,marketing-truyen-thong,marketing-truyen-thong-pr
2642,marketing-truyen-thong,marketing-bao-chi-truyen-hinh
2643,marketing-truyen-thong,marketing-bao-chi-truyen-hinh
2644,cntt,cntt-phat-trien-phan-mem
2645,marketing-truyen-thong,marketing-truyen-thong-pr
2646,kinh-doanh-ban-hang,kinh-doanh-ban-hang-tong-hop
2647,marketing-truyen-thong,marketing-truyen-thong-pr
2648,kinh-doanh-ban-hang,kinh-doanh-ban-hang-ban-le-si
2649,van-tai-logistics,van-tai-xuat-nhap-khau
2650,san-xuat-qa-qc,san-xuat-my-pham
2651,dich-vu-khach-hang,dich-vu-khach-hang-cskh
2652,dich-vu-khach-hang,dich-vu-khach-hang-cskh
2653,dich-vu-khach-hang,dich-vu-khach-hang-cskh
2654,ke-toan-tai-chinh,ke-toan-tai-chinh-kiem-toan
2655,giao-duc-dao-tao,giao-duc-giang-day
2656,ke-toan-tai-chinh,ke-toan-tai-chinh-kiem-toan
2657,kinh-doanh-ban-hang,kinh-doanh-ban-hang-tong-hop
2658,kinh-doanh-ban-hang,kinh-doanh-ban-hang-tong-hop
2659,bat-dong-san,bat-dong-san-moi-gioi
2660,nhan-su-hanh-chinh,nhan-su-thu-ky-tro-ly
2661,ke-toan-tai-chinh,ke-toan-tai-chinh-kiem-toan
2662,,
2663,kinh-doanh-ban-hang,kinh-doanh-ban-hang-tong-hop
2664,kinh-doanh-ban-hang,kinh-doanh-ban-hang-tong-hop
2665,ke-toan-tai-chinh,ke-toan-tai-chinh-kiem-toan
2666,nhan-su-hanh-chinh,nhan-su-hanh-chinh-van-phong
2667,kinh-doanh-ban-hang,kinh-doanh-ban-hang-tong-hop
2668,giao-duc-dao-tao,giao-duc-giang-day
2669,marketing-truyen-thong,marketing-bao-chi-truyen-hinh
2670,san-xuat-qa-qc,san-xuat-moi-truong
2671,,
2672,giao-duc-dao-tao,giao-duc-giang-day
2673,kinh-doanh-ban-hang,kinh-doanh-ban-hang-tong-hop
2674,marketing-truyen-thong,marketing-truyen-thong-pr
2675,marketing-truyen-thong,marketing-truyen-thong-pr
2676,,
2677,cntt,cntt-phat-trien-phan-mem
2678,kinh-doanh-ban-hang,kinh-doanh-ban-hang-tong-hop
2679,kinh-doanh-ban-hang,kinh-doanh-ban-hang-tong-hop
2680,,
2681,thiet-ke-kien-truc,thiet-ke-noi-that
2682,marketing-truyen-thong,marketing-truyen-thong-pr
2683,cntt,cntt-phat-trien-phan-mem
2684,khach-san-nha-hang-du-lich,khach-san-du-lich-le-hanh
2685,,
2686,kinh-doanh-ban-hang,kinh-doanh-ban-hang-tong-hop
2687,marketing-truyen-thong,marketing-truyen-thong-pr
2688,ke-toan-tai-chinh,ke-toan-tai-chinh-ngan-hang
2689,ke-toan-tai-chinh,ke-toan-tai-chinh-kiem-toan
2690,cntt,cntt-phat-trien-phan-mem
2691,cntt,cntt-phat-trien-phan-mem
2692,bat-dong-san,bat-dong-san-moi-gioi
2693,khach-san-nha-hang-du-lich,khach-san-khach-san
2694,bat-dong-san,bat-dong-san-moi-gioi
2695,cntt,cntt-phat-trien-phan-mem
2696,nhan-su-hanh-chinh,nhan-su-thu-ky-tro-ly
2697,kinh-doanh-ban-hang,kinh-doanh-ban-hang-tong-hop
2698,marketing-truyen-thong,marketing-truyen-thong-pr
2699,nhan-su-hanh-chinh,nhan-su-hanh-chinh-van-phong
2700,xay-dung,xay-dung-ky-su
2701,marketing-truyen-thong,marketing-truyen-thong-pr
2702,marketing-truyen-thong,marketing-truyen-thong-pr
2703,ke-toan-tai-chinh,ke-toan-tai-chinh-kiem-toan
2704,,
2705,thiet-ke-kien-truc,thiet-ke-noi-that
2706,kinh-doanh-ban-hang,kinh-doanh-ban-hang-tong-hop
2707,,
2708,ke-toan-tai-chinh,ke-toan-tai-chinh-kiem-toan
2709,kinh-doanh-ban-hang,kinh-doanh-ban-hang-tong-hop
2710,ke-toan-tai-chinh,ke-toan-tai-chinh-tai-chinh
2711,cntt,cntt-phat-trien-phan-mem
2712,khach-san-nha-hang-du-lich,khach-san-du-lich-le-hanh
2713,cntt,cntt-phan-cung-mang
2714,kinh-doanh-ban-hang,kinh-doanh-ban-hang-tong-hop
2715,cntt,cntt-phat-trien-phan-mem
2716,,
2717,marketing-truyen-thong,marketing-truyen-thong-pr
2718,ke-toan-tai-chinh,ke-toan-tai-chinh-kiem-toan
2719,kinh-doanh-ban-hang,kinh-doanh-ban-hang-tong-hop
2720,cntt,cntt-phat-trien-phan-mem
2721,kinh-doanh-ban-hang,kinh-doanh-ban-hang-tong-hop
2722,kinh-doanh-ban-hang,kinh-doanh-ban-hang-tong-hop
2723,kinh-doanh-ban-hang,kinh-doanh-ban-hang-tong-hop
2724,nhan-su-hanh-chinh,nhan-su-tuyen-dung-cb
2725,dich-vu-khach-hang,dich-vu-khach-hang-cskh
2726,ke-toan-tai-chinh,ke-toan-tai-chinh-bao-hiem
2727,nhan-su-hanh-chinh,nhan-su-tuyen-dung-cb
2728,kinh-doanh-ban-hang,kinh-doanh-ban-hang-ban-hang
2729,kinh-doanh-ban-hang,kinh-doanh-ban-hang-tong-hop
2730,nhan-su-hanh-chinh,nhan-su-tuyen-dung-cb
2731,marketing-truyen-thong,marketing-bien-phien-dich
2732,dien-dien-tu-vien-thong,dien-dien-tu-dien-lanh
2733,nhan-su-hanh-chinh,nhan-su-tuyen-dung-cb
2734,ke-toan-tai-chinh,ke-toan-tai-chinh-kiem-toan
2735,nhan-su-hanh-chinh,nhan-su-hanh-chinh-van-phong
2736,,
2737,kinh-doanh-ban-hang,kinh-doanh-ban-hang-tong-hop
2738,ke-toan-tai-chinh,ke-toan-tai-chinh-ngan-hang
2739,dich-vu-khach-hang,dich-vu-khach-hang-cskh
2740,giao-duc-dao-tao,giao-duc-giang-day
2741,,
2742,san-xuat-qa-qc,san-xuat-quan-ly
2743,cntt,cntt-phat-trien-phan-mem
2744,nhan-su-hanh-chinh,nhan-su-tuyen-dung-cb
2745,kinh-doanh-ban-hang,kinh-doanh-ban-hang-tong-hop
2746,marketing-truyen-thong,marketing-truyen-thong-pr
2747,san-xuat-qa-qc,san-xuat-qa-qc-qa-qc
2748,kinh-doanh-ban-hang,kinh-doanh-ban-hang-tong-hop
2749,ke-toan-tai-chinh,ke-toan-tai-chinh-kiem-toan
2750,van-tai-logistics,van-tai-logistics-kho-van
2751,,
2752,marketing-truyen-thong,marketing-truyen-thong-pr
2753,,
2754,nhan-su-hanh-chinh,nhan-su-thu-ky-tro-ly
2755,dien-dien-tu-vien-thong,dien-dien-tu-dien-lanh
2756,kinh-doanh-ban-hang,kinh-doanh-ban-hang-tong-hop
2757,kinh-doanh-ban-hang,kinh-doanh-ban-hang-tong-hop
2758,,
2759,ke-toan-tai-chinh,ke-toan-tai-chinh-ngan-hang
2760,kinh-doanh-ban-hang,kinh-doanh-ban-hang-tong-hop
2761,,
2762,nhan-su-hanh-chinh,nhan-su-phap-ly-phap-che
2763,kinh-doanh-ban-hang,kinh-doanh-ban-hang-tong-hop
2764,khach-san-nha-hang-du-lich,khach-san-du-lich-le-hanh
2765,thiet-ke-kien-truc,thiet-ke-do-hoa
2766,bat-dong-san,bat-dong-san-moi-gioi
2767,kinh-doanh-ban-hang,kinh-doanh-ban-hang-tong-hop
2768,cntt,cntt-phat-trien-phan-mem
2769,xay-dung,xay-dung-ky-su
2770,dien-dien-tu-vien-thong,dien-dien-tu-vien-thong-vt
2771,van-tai-logistics,van-tai-logistics-kho-van
2772,kinh-doanh-ban-hang,kinh-doanh-ban-hang-tong-hop
2773,,
2774,ke-toan-tai-chinh,ke-toan-tai-chinh-ngan-hang
2775,cntt,cntt-phat-trien-phan-mem
2776,xay-dung,xay-dung-ky-su
2777,nhan-su-hanh-chinh,nhan-su-tuyen-dung-cb
2778,thiet-ke-kien-truc,thiet-ke-do-hoa
2779,co-khi-che-tao,co-khi-o-to
2780,kinh-doanh-ban-hang,kinh-doanh-ban-hang-tong-hop
2781,thiet-ke-kien-truc,thiet-ke-do-hoa
2782,co-khi-che-tao,co-khi-tu-dong-hoa
2783,kinh-doanh-ban-hang,kinh-doanh-ban-hang-tong-hop
2784,marketing-truyen-thong,marketing-truyen-thong-pr
2785,marketing-truyen-thong,marketing-truyen-thong-pr
2786,cntt,cntt-phat-trien-phan-mem
2787,marketing-truyen-thong,marketing-bao-chi-truyen-hinh
2788,cntt,cntt-phat-trien-phan-mem
2789,y-te-duoc,y-te-duoc-y-te
2790,nhan-su-hanh-chinh,nhan-su-hanh-chinh-van-phong
2791,cntt,cntt-phat-trien-phan-mem
2792,nhan-su-hanh-chinh,nhan-su-hanh-chinh-van-phong
2793,giao-duc-dao-tao,giao-duc-giang-day
2794,ke-toan-tai-chinh,ke-toan-tai-chinh-kiem-toan
2795,ke-toan-tai-chinh,ke-toan-tai-chinh-kiem-toan
2796,kinh-doanh-ban-hang,kinh-doanh-ban-hang-tong-hop
2797,cntt,cntt-phat-trien-phan-mem
2798,marketing-truyen-thong,marketing-truyen-thong-pr
2799,kinh-doanh-ban-hang,kinh-doanh-ban-hang-tong-hop
2800,giao-duc-dao-tao,giao-duc-giang-day
2801,dien-dien-tu-vien-thong,dien-dien-tu-dien-lanh
2802,marketing-truyen-thong,marketing-truyen-thong-pr
2803,kinh-doanh-ban-hang,kinh-doanh-ban-hang-tong-hop
2804,van-tai-logistics,van-tai-xuat-nhap-khau
2805,marketing-truyen-thong,marketing-truyen-thong-pr
2806,kinh-doanh-ban-hang,kinh-doanh-ban-hang-tong-hop
2807,kinh-doanh-ban-hang,kinh-doanh-ban-hang-tong-hop
2808,kinh-doanh-ban-hang,kinh-doanh-ban-hang-tong-hop
2809,thiet-ke-kien-truc,thiet-ke-kien-truc-kien-truc
2810,kinh-doanh-ban-hang,kinh-doanh-ban-hang-tong-hop
2811,cntt,cntt-phat-trien-phan-mem
2812,van-tai-logistics,van-tai-xuat-nhap-khau
2813,giao-duc-dao-tao,giao-duc-giang-day
2814,kinh-doanh-ban-hang,kinh-doanh-ban-hang-tong-hop
2815,san-xuat-qa-qc,san-xuat-qa-qc-qa-qc
2816,kinh-doanh-ban-hang,kinh-doanh-ban-hang-tong-hop
2817,nhan-su-hanh-chinh,nhan-su-tuyen-dung-cb
2818,marketing-truyen-thong,marketing-truyen-thong-pr
2819,kinh-doanh-ban-hang,kinh-doanh-ban-hang-tong-hop
2820,ke-toan-tai-chinh,ke-toan-tai-chinh-bao-hiem
2821,giao-duc-dao-tao,giao-duc-giang-day
2822,xay-dung,xay-dung-ky-su
2823,ke-toan-tai-chinh,ke-toan-tai-chinh-kiem-toan
2824,marketing-truyen-thong,marketing-bao-chi-truyen-hinh
2825,kinh-doanh-ban-hang,kinh-doanh-ban-hang-tong-hop
2826,marketing-truyen-thong,marketing-truyen-thong-pr
2827,,
2828,marketing-truyen-thong,marketing-truyen-thong-pr
2829,san-xuat-qa-qc,san-xuat-qa-qc-qa-qc
2830,,
2831,,
2832,ke-toan-tai-chinh,ke-toan-tai-chinh-ngan-hang
2833,marketing-truyen-thong,marketing-truyen-thong-pr
2834,kinh-doanh-ban-hang,kinh-doanh-ban-hang-tong-hop
2835,dien-dien-tu-vien-thong,dien-dien-tu-dien-lanh
2836,van-tai-logistics,van-tai-xuat-nhap-khau
2837,giao-duc-dao-tao,giao-duc-giang-day
2838,co-khi-che-tao,co-khi-tu-dong-hoa
2839,ke-toan-tai-chinh,ke-toan-tai-chinh-ngan-hang
2840,ke-toan-tai-chinh,ke-toan-tai-chinh-bao-hiem
2841,kinh-doanh-ban-hang,kinh-doanh-ban-hang-ban-hang
2842,ke-toan-tai-chinh,ke-toan-tai-chinh-bao-hiem
2843,kinh-doanh-ban-hang,kinh-doanh-ban-hang-tong-hop
2844,ke-toan-tai-chinh,ke-toan-tai-chinh-kiem-toan
2845,ke-toan-tai-chinh,ke-toan-tai-chinh-ngan-hang
2846,ke-toan-tai-chinh,ke-toan-tai-chinh-kiem-toan
2847,kinh-doanh-ban-hang,kinh-doanh-ban-hang-tong-hop
2848,giao-duc-dao-tao,giao-duc-giang-day
2849,san-xuat-qa-qc,san-xuat-quan-ly
2850,ke-toan-tai-chinh,ke-toan-tai-chinh-kiem-toan
2851,kinh-doanh-ban-hang,kinh-doanh-ban-hang-ban-le-si
2852,ke-toan-tai-chinh,ke-toan-tai-chinh-bao-hiem
2853,ke-toan-tai-chinh,ke-toan-tai-chinh-kiem-toan
2854,ke-toan-tai-chinh,ke-toan-tai-chinh-ngan-hang
2855,van-tai-logistics,van-tai-logistics-kho-van
2856,nhan-su-hanh-chinh,nhan-su-hanh-chinh-van-phong
2857,ke-toan-tai-chinh,ke-toan-tai-chinh-bao-hiem
2858,san-xuat-qa-qc,san-xuat-qa-qc-qa-qc
2859,xay-dung,xay-dung-ky-su
2860,giao-duc-dao-tao,giao-duc-giang-day
2861,dich-vu-khach-hang,dich-vu-khach-hang-cskh
2862,dien-dien-tu-vien-thong,dien-dien-tu-dien-lanh
2863,cntt,cntt-phat-trien-phan-mem
2864,ke-toan-tai-chinh,ke-toan-tai-chinh-ngan-hang
2865,cntt,cntt-phan-cung-mang
2866,kinh-doanh-ban-hang,kinh-doanh-ban-hang-tong-hop
2867,van-tai-logistics,van-tai-logistics-kho-van
2868,kinh-doanh-ban-hang,kinh-doanh-ban-hang-tong-hop
2869,dich-vu-khach-hang,dich-vu-khach-hang-cskh
2870,ke-toan-tai-chinh,ke-toan-tai-chinh-chung-khoan
2871,kinh-doanh-ban-hang,kinh-doanh-ban-hang-tong-hop
2872,kinh-doanh-ban-hang,kinh-doanh-ban-hang-tong-hop
2873,bat-dong-san,bat-dong-san-moi-gioi
2874,y-te-duoc,y-te-duoc-y-te
2875,marketing-truyen-thong,marketing-truyen-thong-pr
2876,ke-toan-tai-chinh,ke-toan-tai-chinh-kiem-toan
2877,,
2878,marketing-truyen-thong,marketing-truyen-thong-pr
2879,cntt,cntt-phat-trien-phan-mem
2880,co-khi-che-tao,co-khi-tu-dong-hoa
2881,dien-dien-tu-vien-thong,dien-dien-tu-dien-lanh
2882,thiet-ke-kien-truc,thiet-ke-kien-truc-kien-truc
2883,ke-toan-tai-chinh,ke-toan-tai-chinh-ngan-hang
2884,cntt,cntt-phat-trien-phan-mem
2885,cntt,cntt-phat-trien-phan-mem
2886,san-xuat-qa-qc,san-xuat-quan-ly
2887,y-te-duoc,y-te-duoc-y-te
2888,marketing-truyen-thong,marketing-bao-chi-truyen-hinh
2889,giao-duc-dao-tao,giao-duc-giang-day
2890,kinh-doanh-ban-hang,kinh-doanh-ban-hang-tong-hop
2891,kinh-doanh-ban-hang,kinh-doanh-ban-hang-tong-hop
2892,co-khi-che-tao,co-khi-tu-dong-hoa
2893,cntt,cntt-phan-cung-mang
2894,kinh-doanh-ban-hang,kinh-doanh-ban-hang-tong-hop
2895,marketing-truyen-thong,marketing-truyen-thong-pr
2896,thiet-ke-kien-truc,thiet-ke-do-hoa
2897,thiet-ke-kien-truc,thiet-ke-do-hoa
2898,,
2899,thiet-ke-kien-truc,thiet-ke-noi-that
2900,kinh-doanh-ban-hang,kinh-doanh-ban-hang-tong-hop
2901,kinh-doanh-ban-hang,kinh-doanh-ban-hang-tong-hop
2902,kinh-doanh-ban-hang,kinh-doanh-ban-hang-tong-hop
2903,cntt,cntt-phat-trien-phan-mem
2904,kinh-doanh-ban-hang,kinh-doanh-ban-hang-tong-hop
2905,giao-duc-dao-tao,giao-duc-giang-day
2906,marketing-truyen-thong,marketing-truyen-thong-pr
2907,san-xuat-qa-qc,san-xuat-det-may
2908,kinh-doanh-ban-hang,kinh-doanh-ban-hang-tong-hop
2909,san-xuat-qa-qc,san-xuat-qa-qc-qa-qc
2910,khach-san-nha-hang-du-lich,khach-san-spa-lam-dep
2911,kinh-doanh-ban-hang,kinh-doanh-ban-hang-tong-hop
2912,dien-dien-tu-vien-thong,dien-dien-tu-dien-lanh
2913,marketing-truyen-thong,marketing-truyen-thong-pr
2914,giao-duc-dao-tao,giao-duc-giang-day
2915,ke-toan-tai-chinh,ke-toan-tai-chinh-ngan-hang
2916,y-te-duoc,y-te-duoc-y-te
2917,dich-vu-khach-hang,dich-vu-khach-hang-cskh
2918,cntt,cntt-phat-trien-phan-mem
2919,ke-toan-tai-chinh,ke-toan-tai-chinh-ngan-hang
2920,marketing-truyen-thong,marketing-truyen-thong-pr
2921,,
2922,,
2923,nhan-su-hanh-chinh,nhan-su-hanh-chinh-van-phong
2924,marketing-truyen-thong,marketing-truyen-thong-pr
2925,ke-toan-tai-chinh,ke-toan-tai-chinh-bao-hiem
2926,marketing-truyen-thong,marketing-truyen-thong-pr
2927,van-tai-logistics,van-tai-xuat-nhap-khau
2928,kinh-doanh-ban-hang,kinh-doanh-ban-hang-tong-hop
2929,,
2930,kinh-doanh-ban-hang,kinh-doanh-ban-hang-tong-hop
2931,cntt,cntt-phat-trien-phan-mem
2932,kinh-doanh-ban-hang,kinh-doanh-ban-hang-tong-hop
2933,san-xuat-qa-qc,san-xuat-quan-ly
2934,,
2935,co-khi-che-tao,co-khi-tu-dong-hoa
2936,khach-san-nha-hang-du-lich,khach-san-khach-san
2937,nhan-su-hanh-chinh,nhan-su-hanh-chinh-van-phong
2938,san-xuat-qa-qc,san-xuat-qa-qc-qa-qc
2939,cntt,cntt-phat-trien-phan-mem
2940,y-te-duoc,y-te-duoc-y-te
2941,van-tai-logistics,van-tai-logistics-kho-van
2942,marketing-truyen-thong,marketing-truyen-thong-pr
2943,cntt,cntt-phan-cung-mang
2944,cntt,cntt-phat-trien-phan-mem
2945,y-te-duoc,y-te-duoc-duoc-pham
2946,ke-toan-tai-chinh,ke-toan-tai-chinh-kiem-toan
2947,giao-duc-dao-tao,giao-duc-giang-day
2948,kinh-doanh-ban-hang,kinh-doanh-ban-hang-tong-hop
2949,thiet-ke-kien-truc,thiet-ke-do-hoa
2950,san-xuat-qa-qc,san-xuat-moi-truong
2951,nhan-su-hanh-chinh,nhan-su-thu-ky-tro-ly
2952,marketing-truyen-thong,marketing-truyen-thong-pr
2953,ke-toan-tai-chinh,ke-toan-tai-chinh-kiem-toan
2954,kinh-doanh-ban-hang,kinh-doanh-ban-hang-tong-hop
2955,nhan-su-hanh-chinh,nhan-su-thu-ky-tro-ly
2956,dien-dien-tu-vien-thong,dien-dien-tu-vien-thong-vt
2957,kinh-doanh-ban-hang,kinh-doanh-ban-hang-tong-hop
2958,xay-dung,xay-dung-ky-su
2959,ke-toan-tai-chinh,ke-toan-tai-chinh-kiem-toan
2960,khach-san-nha-hang-du-lich,khach-san-khach-san
2961,marketing-truyen-thong,marketing-truyen-thong-pr
2962,ke-toan-tai-chinh,ke-toan-tai-chinh-bao-hiem
2963,marketing-truyen-thong,marketing-truyen-thong-pr
2964,marketing-truyen-thong,marketing-truyen-thong-pr
2965,kinh-doanh-ban-hang,kinh-doanh-ban-hang-tong-hop
2966,van-tai-logistics,van-tai-xuat-nhap-khau
2967,cntt,cntt-phat-trien-phan-mem
2968,ke-toan-tai-chinh,ke-toan-tai-chinh-bao-hiem
2969,san-xuat-qa-qc,san-xuat-quan-ly
2970,dien-dien-tu-vien-thong,dien-dien-tu-vien-thong-vt
2971,,
2972,ke-toan-tai-chinh,ke-toan-tai-chinh-ngan-hang
2973,,
2974,co-khi-che-tao,co-khi-tu-dong-hoa
2975,kinh-doanh-ban-hang,kinh-doanh-ban-hang-tong-hop
2976,san-xuat-qa-qc,san-xuat-nong-nghiep
2977,nhan-su-hanh-chinh,nhan-su-thu-ky-tro-ly
2978,thiet-ke-kien-truc,thiet-ke-do-hoa
2979,dien-dien-tu-vien-thong,dien-dien-tu-dien-lanh
2980,ke-toan-tai-chinh,ke-toan-tai-chinh-ngan-hang
2981,khach-san-nha-hang-du-lich,khach-san-khach-san
2982,giao-duc-dao-tao,giao-duc-giang-day
2983,thiet-ke-kien-truc,thiet-ke-do-hoa
2984,cntt,cntt-phan-cung-mang
2985,kinh-doanh-ban-hang,kinh-doanh-ban-hang-tong-hop
2986,san-xuat-qa-qc,san-xuat-qa-qc-qa-qc
2987,cntt,cntt-phat-trien-phan-mem
2988,san-xuat-qa-qc,san-xuat-qa-qc-qa-qc
2989,dich-vu-khach-hang,dich-vu-khach-hang-cskh
2990,cntt,cntt-phat-trien-phan-mem
2991,dich-vu-khach-hang,dich-vu-khach-hang-cskh
2992,bat-dong-san,bat-dong-san-moi-gioi
2993,cntt,cntt-phat-trien-phan-mem
2994,cntt,cntt-phat-trien-phan-mem
2995,,
2996,khach-san-nha-hang-du-lich,khach-san-du-lich-le-hanh
2997,nhan-su-hanh-chinh,nhan-su-hanh-chinh-van-phong
2998,kinh-doanh-ban-hang,kinh-doanh-ban-hang-tong-hop
2999,cntt,cntt-phat-trien-phan-mem
3000,san-xuat-qa-qc,san-xuat-quan-ly
3001,ke-toan-tai-chinh,ke-toan-tai-chinh-ngan-hang
3002,giao-duc-dao-tao,giao-duc-giang-day
3003,ke-toan-tai-chinh,ke-toan-tai-chinh-bao-hiem
3004,cntt,cntt-phat-trien-phan-mem
3005,kinh-doanh-ban-hang,kinh-doanh-ban-hang-tong-hop
3006,marketing-truyen-thong,marketing-truyen-thong-pr
3007,marketing-truyen-thong,marketing-truyen-thong-pr
3008,y-te-duoc,y-te-duoc-y-te
3009,kinh-doanh-ban-hang,kinh-doanh-ban-hang-tong-hop
3010,ke-toan-tai-chinh,ke-toan-tai-chinh-kiem-toan
3011,,
3012,khach-san-nha-hang-du-lich,khach-san-khach-san
3013,cntt,cntt-phat-trien-phan-mem
3014,ke-toan-tai-chinh,ke-toan-tai-chinh-kiem-toan
3015,nhan-su-hanh-chinh,nhan-su-hanh-chinh-van-phong
3016,kinh-doanh-ban-hang,kinh-doanh-ban-hang-tong-hop
3017,kinh-doanh-ban-hang,kinh-doanh-ban-hang-tong-hop
3018,,
3019,nhan-su-hanh-chinh,nhan-su-thu-ky-tro-ly
3020,kinh-doanh-ban-hang,kinh-doanh-ban-hang-tong-hop
3021,kinh-doanh-ban-hang,kinh-doanh-ban-hang-tong-hop
3022,giao-duc-dao-tao,giao-duc-giang-day
3023,marketing-truyen-thong,marketing-truyen-thong-pr
3024,giao-duc-dao-tao,giao-duc-giang-day
3025,kinh-doanh-ban-hang,kinh-doanh-ban-hang-tong-hop
3026,cntt,cntt-phat-trien-phan-mem
3027,kinh-doanh-ban-hang,kinh-doanh-ban-hang-tong-hop
3028,ke-toan-tai-chinh,ke-toan-tai-chinh-kiem-toan
3029,cntt,cntt-phat-trien-phan-mem
3030,nhan-su-hanh-chinh,nhan-su-thu-ky-tro-ly
3031,ke-toan-tai-chinh,ke-toan-tai-chinh-kiem-toan
3032,marketing-truyen-thong,marketing-truyen-thong-pr
3033,kinh-doanh-ban-hang,kinh-doanh-ban-hang-tong-hop
3034,ke-toan-tai-chinh,ke-toan-tai-chinh-kiem-toan
3035,kinh-doanh-ban-hang,kinh-doanh-ban-hang-tong-hop
3036,dien-dien-tu-vien-thong,dien-dien-tu-dien-lanh
3037,van-tai-logistics,van-tai-logistics-kho-van
3038,cntt,cntt-phat-trien-phan-mem
3039,cntt,cntt-phat-trien-phan-mem
3040,,
3041,dien-dien-tu-vien-thong,dien-dien-tu-dien-lanh
3042,cntt,cntt-phat-trien-phan-mem
3043,,
3044,kinh-doanh-ban-hang,kinh-doanh-ban-hang-tong-hop
3045,cntt,cntt-phat-trien-phan-mem
3046,giao-duc-dao-tao,giao-duc-giang-day
3047,xay-dung,xay-dung-ky-su
3048,cntt,cntt-phat-trien-phan-mem
3049,kinh-doanh-ban-hang,kinh-doanh-ban-hang-tong-hop
3050,marketing-truyen-thong,marketing-to-chuc-su-kien
3051,kinh-doanh-ban-hang,kinh-doanh-ban-hang-tong-hop
3052,thiet-ke-kien-truc,thiet-ke-noi-that
3053,van-tai-logistics,van-tai-logistics-kho-van
3054,kinh-doanh-ban-hang,kinh-doanh-ban-hang-tong-hop
3055,cntt,cntt-phat-trien-phan-mem
3056,nhan-su-hanh-chinh,nhan-su-thu-ky-tro-ly
3057,marketing-truyen-thong,marketing-truyen-thong-pr
3058,marketing-truyen-thong,marketing-truyen-thong-pr
3059,marketing-truyen-thong,marketing-truyen-thong-pr
3060,cntt,cntt-phat-trien-phan-mem
3061,kinh-doanh-ban-hang,kinh-doanh-ban-hang-tong-hop
3062,ke-toan-tai-chinh,ke-toan-tai-chinh-ngan-hang
3063,y-te-duoc,y-te-duoc-y-te
3064,ke-toan-tai-chinh,ke-toan-tai-chinh-kiem-toan
3065,marketing-truyen-thong,marketing-truyen-thong-pr
3066,y-te-duoc,y-te-duoc-duoc-pham
3067,bat-dong-san,bat-dong-san-moi-gioi
3068,dien-dien-tu-vien-thong,dien-dien-tu-dien-lanh
3069,co-khi-che-tao,co-khi-tu-dong-hoa
3070,marketing-truyen-thong,marketing-truyen-thong-pr
3071,xay-dung,xay-dung-ky-su
3072,ke-toan-tai-chinh,ke-toan-tai-chinh-kiem-toan
3073,nhan-su-hanh-chinh,nhan-su-thu-ky-tro-ly
3074,ke-toan-tai-chinh,ke-toan-tai-chinh-kiem-toan
3075,kinh-doanh-ban-hang,kinh-doanh-ban-hang-tong-hop
3076,cntt,cntt-phat-trien-phan-mem
3077,kinh-doanh-ban-hang,kinh-doanh-ban-hang-tong-hop
3078,nhan-su-hanh-chinh,nhan-su-hanh-chinh-van-phong
3079,nhan-su-hanh-chinh,nhan-su-tuyen-dung-cb
3080,,
3081,kinh-doanh-ban-hang,kinh-doanh-ban-hang-tong-hop
3082,xay-dung,xay-dung-ky-su
3083,kinh-doanh-ban-hang,kinh-doanh-ban-hang-tong-hop
3084,cntt,cntt-phat-trien-phan-mem
3085,y-te-duoc,y-te-duoc-y-te
3086,kinh-doanh-ban-hang,kinh-doanh-ban-hang-tong-hop
3087,kinh-doanh-ban-hang,kinh-doanh-ban-hang-tong-hop
3088,,
3089,khach-san-nha-hang-du-lich,khach-san-khach-san
3090,nhan-su-hanh-chinh,nhan-su-tuyen-dung-cb
3091,kinh-doanh-ban-hang,kinh-doanh-ban-hang-tong-hop
3092,co-khi-che-tao,co-khi-tu-dong-hoa
3093,dich-vu-khach-hang,dich-vu-khach-hang-cskh
3094,cntt,cntt-phat-trien-phan-mem
3095,thiet-ke-kien-truc,thiet-ke-kien-truc-kien-truc
3096,van-tai-logistics,van-tai-logistics-kho-van
3097,,
3098,,
3099,ke-toan-tai-chinh,ke-toan-tai-chinh-kiem-toan
3100,cntt,cntt-phat-trien-phan-mem
3101,ke-toan-tai-chinh,ke-toan-tai-chinh-ngan-hang
3102,nhan-su-hanh-chinh,nhan-su-phap-ly-phap-che
3103,marketing-truyen-thong,marketing-truyen-thong-pr
3104,,
3105,cntt,cntt-phat-trien-phan-mem
3106,kinh-doanh-ban-hang,kinh-doanh-ban-hang-tong-hop
3107,thiet-ke-kien-truc,thiet-ke-do-hoa
3108,giao-duc-dao-tao,giao-duc-giang-day
3109,,
3110,giao-duc-dao-tao,giao-duc-giang-day
3111,kinh-doanh-ban-hang,kinh-doanh-ban-hang-tong-hop
3112,bat-dong-san,bat-dong-san-moi-gioi
3113,dien-dien-tu-vien-thong,dien-dien-tu-dien-lanh
3114,cntt,cntt-phat-trien-phan-mem
3115,ke-toan-tai-chinh,ke-toan-tai-chinh-tai-chinh
3116,san-xuat-qa-qc,san-xuat-quan-ly
3117,bat-dong-san,bat-dong-san-moi-gioi
3118,kinh-doanh-ban-hang,kinh-doanh-ban-hang-tong-hop
3119,nhan-su-hanh-chinh,nhan-su-hanh-chinh-van-phong
3120,kinh-doanh-ban-hang,kinh-doanh-ban-hang-tong-hop
3121,cntt,cntt-phat-trien-phan-mem
3122,ke-toan-tai-chinh,ke-toan-tai-chinh-kiem-toan
3123,ke-toan-tai-chinh,ke-toan-tai-chinh-ngan-hang
3124,nhan-su-hanh-chinh,nhan-su-tuyen-dung-cb
3125,thiet-ke-kien-truc,thiet-ke-do-hoa
3126,,
3127,nhan-su-hanh-chinh,nhan-su-hanh-chinh-van-phong
3128,cntt,cntt-phat-trien-phan-mem
3129,nhan-su-hanh-chinh,nhan-su-tuyen-dung-cb
3130,,
3131,van-tai-logistics,van-tai-logistics-kho-van
3132,cntt,cntt-phat-trien-phan-mem
3133,,
3134,dien-dien-tu-vien-thong,dien-dien-tu-dien-lanh
3135,kinh-doanh-ban-hang,kinh-doanh-ban-hang-tong-hop
3136,van-tai-logistics,van-tai-logistics-kho-van
3137,khach-san-nha-hang-du-lich,khach-san-khach-san
3138,ke-toan-tai-chinh,ke-toan-tai-chinh-kiem-toan
3139,,
3140,ke-toan-tai-chinh,ke-toan-tai-chinh-kiem-toan
3141,,
3142,ke-toan-tai-chinh,ke-toan-tai-chinh-tai-chinh
3143,khach-san-nha-hang-du-lich,khach-san-du-lich-le-hanh
3144,cntt,cntt-phat-trien-phan-mem
3145,,
3146,kinh-doanh-ban-hang,kinh-doanh-ban-hang-tong-hop
3147,,
3148,cntt,cntt-phat-trien-phan-mem
3149,kinh-doanh-ban-hang,kinh-doanh-ban-hang-tong-hop
3150,,
3151,giao-duc-dao-tao,giao-duc-giang-day
3152,kinh-doanh-ban-hang,kinh-doanh-ban-hang-tong-hop
3153,,
3154,,
3155,kinh-doanh-ban-hang,kinh-doanh-ban-hang-tong-hop
3156,,
3157,kinh-doanh-ban-hang,kinh-doanh-ban-hang-tong-hop
3158,kinh-doanh-ban-hang,kinh-doanh-ban-hang-tong-hop
3159,kinh-doanh-ban-hang,kinh-doanh-ban-hang-tong-hop
3160,marketing-truyen-thong,marketing-to-chuc-su-kien
3161,cntt,cntt-phat-trien-phan-mem
3162,khach-san-nha-hang-du-lich,khach-san-du-lich-le-hanh
3163,kinh-doanh-ban-hang,kinh-doanh-ban-hang-tong-hop
3164,ke-toan-tai-chinh,ke-toan-tai-chinh-tai-chinh
3165,nhan-su-hanh-chinh,nhan-su-tuyen-dung-cb
3166,,
3167,kinh-doanh-ban-hang,kinh-doanh-ban-hang-tong-hop
3168,y-te-duoc,y-te-duoc-y-te
3169,marketing-truyen-thong,marketing-truyen-thong-pr
3170,cntt,cntt-phat-trien-phan-mem
3171,kinh-doanh-ban-hang,kinh-doanh-ban-hang-tong-hop
3172,thiet-ke-kien-truc,thiet-ke-my-thuat
3173,,
3174,marketing-truyen-thong,marketing-truyen-thong-pr
3175,marketing-truyen-thong,marketing-truyen-thong-pr
3176,nhan-su-hanh-chinh,nhan-su-thu-ky-tro-ly
3177,san-xuat-qa-qc,san-xuat-thuc-pham
3178,cntt,cntt-phat-trien-phan-mem
3179,,
3180,kinh-doanh-ban-hang,kinh-doanh-ban-hang-tong-hop
3181,kinh-doanh-ban-hang,kinh-doanh-ban-hang-ban-hang
3182,nhan-su-hanh-chinh,nhan-su-hanh-chinh-van-phong
3183,cntt,cntt-phat-trien-phan-mem
3184,kinh-doanh-ban-hang,kinh-doanh-ban-hang-tong-hop
3185,,
3186,dich-vu-khach-hang,dich-vu-khach-hang-cskh
3187,cntt,cntt-phat-trien-phan-mem
3188,y-te-duoc,y-te-duoc-y-te
3189,nhan-su-hanh-chinh,nhan-su-tuyen-dung-cb
3190,nhan-su-hanh-chinh,nhan-su-tuyen-dung-cb
3191,kinh-doanh-ban-hang,kinh-doanh-ban-hang-tong-hop
3192,marketing-truyen-thong,marketing-truyen-thong-pr
3193,cntt,cntt-phat-trien-phan-mem
3194,cntt,cntt-phat-trien-phan-mem
3195,marketing-truyen-thong,marketing-bao-chi-truyen-hinh
3196,cntt,cntt-phat-trien-phan-mem
3197,marketing-truyen-thong,marketing-to-chuc-su-kien
3198,van-tai-logistics,van-tai-logistics-kho-van
3199,cntt,cntt-phat-trien-phan-mem
3200,kinh-doanh-ban-hang,kinh-doanh-ban-hang-tong-hop
3201,marketing-truyen-thong,marketing-bien-phien-dich
3202,kinh-doanh-ban-hang,kinh-doanh-ban-hang-tong-hop
3203,ke-toan-tai-chinh,ke-toan-tai-chinh-chung-khoan
3204,,
3205,bat-dong-san,bat-dong-san-moi-gioi
3206,marketing-truyen-thong,marketing-truyen-thong-pr
3207,giao-duc-dao-tao,giao-duc-giang-day
3208,thiet-ke-kien-truc,thiet-ke-do-hoa
3209,kinh-doanh-ban-hang,kinh-doanh-ban-hang-tong-hop
3210,cntt,cntt-phat-trien-phan-mem
3211,nhan-su-hanh-chinh,nhan-su-hanh-chinh-van-phong
3212,van-tai-logistics,van-tai-logistics-kho-van
3213,marketing-truyen-thong,marketing-truyen-thong-pr
3214,kinh-doanh-ban-hang,kinh-doanh-ban-hang-tong-hop
3215,ke-toan-tai-chinh,ke-toan-tai-chinh-tai-chinh
3216,cntt,cntt-phat-trien-phan-mem
3217,kinh-doanh-ban-hang,kinh-doanh-ban-hang-tong-hop
3218,kinh-doanh-ban-hang,kinh-doanh-ban-hang-tong-hop
3219,kinh-doanh-ban-hang,kinh-doanh-ban-hang-tong-hop
3220,san-xuat-qa-qc,san-xuat-my-pham
3221,cntt,cntt-phat-trien-phan-mem
3222,marketing-truyen-thong,marketing-truyen-thong-pr
3223,,
3224,kinh-doanh-ban-hang,kinh-doanh-ban-hang-tong-hop
3225,san-xuat-qa-qc,san-xuat-det-may
3226,nhan-su-hanh-chinh,nhan-su-tuyen-dung-cb
3227,kinh-doanh-ban-hang,kinh-doanh-ban-hang-ban-le-si
3228,marketing-truyen-thong,marketing-truyen-thong-pr
3229,co-khi-che-tao,co-khi-o-to
3230,marketing-truyen-thong,marketing-truyen-thong-pr
3231,cntt,cntt-phat-trien-phan-mem
3232,y-te-duoc,y-te-duoc-y-te
3233,kinh-doanh-ban-hang,kinh-doanh-ban-hang-tong-hop
3234,kinh-doanh-ban-hang,kinh-doanh-ban-hang-tong-hop
3235,dien-dien-tu-vien-thong,dien-dien-tu-vien-thong-vt
3236,ke-toan-tai-chinh,ke-toan-tai-chinh-bao-hiem
3237,ke-toan-tai-chinh,ke-toan-tai-chinh-kiem-toan
3238,kinh-doanh-ban-hang,kinh-doanh-ban-hang-tong-hop
3239,dich-vu-khach-hang,dich-vu-khach-hang-cskh
3240,kinh-doanh-ban-hang,kinh-doanh-ban-hang-tong-hop
3241,kinh-doanh-ban-hang,kinh-doanh-ban-hang-tong-hop
3242,marketing-truyen-thong,marketing-truyen-thong-pr
3243,khach-san-nha-hang-du-lich,khach-san-khach-san
3244,kinh-doanh-ban-hang,kinh-doanh-ban-hang-tong-hop
3245,giao-duc-dao-tao,giao-duc-giang-day
3246,cntt,cntt-phan-cung-mang
3247,kinh-doanh-ban-hang,kinh-doanh-ban-hang-tong-hop
3248,khach-san-nha-hang-du-lich,khach-san-khach-san
3249,,
3250,kinh-doanh-ban-hang,kinh-doanh-ban-hang-tong-hop
3251,thiet-ke-kien-truc,thiet-ke-noi-that
3252,cntt,cntt-phat-trien-phan-mem
3253,dich-vu-khach-hang,dich-vu-khach-hang-cskh
3254,dien-dien-tu-vien-thong,dien-dien-tu-vien-thong-vt
3255,giao-duc-dao-tao,giao-duc-giang-day
3256,kinh-doanh-ban-hang,kinh-doanh-ban-hang-ban-le-si
3257,ke-toan-tai-chinh,ke-toan-tai-chinh-kiem-toan
3258,ke-toan-tai-chinh,ke-toan-tai-chinh-kiem-toan
3259,cntt,cntt-phat-trien-phan-mem
3260,kinh-doanh-ban-hang,kinh-doanh-ban-hang-tong-hop
3261,marketing-truyen-thong,marketing-truyen-thong-pr
3262,san-xuat-qa-qc,san-xuat-quan-ly
3263,cntt,cntt-phat-trien-phan-mem
3264,marketing-truyen-thong,marketing-truyen-thong-pr
3265,,
3266,kinh-doanh-ban-hang,kinh-doanh-ban-hang-tong-hop
3267,,
3268,ke-toan-tai-chinh,ke-toan-tai-chinh-kiem-toan
3269,,
3270,giao-duc-dao-tao,giao-duc-giang-day
3271,cntt,cntt-phat-trien-phan-mem
3272,kinh-doanh-ban-hang,kinh-doanh-ban-hang-tong-hop
3273,marketing-truyen-thong,marketing-truyen-thong-pr
3274,giao-duc-dao-tao,giao-duc-giang-day
3275,y-te-duoc,y-te-duoc-y-te
3276,cntt,cntt-phat-trien-phan-mem
3277,kinh-doanh-ban-hang,kinh-doanh-ban-hang-tong-hop
3278,co-khi-che-tao,co-khi-o-to
3279,ke-toan-tai-chinh,ke-toan-tai-chinh-kiem-toan
3280,cntt,cntt-phat-trien-phan-mem
3281,kinh-doanh-ban-hang,kinh-doanh-ban-hang-tong-hop
3282,co-khi-che-tao,co-khi-tu-dong-hoa
3283,ke-toan-tai-chinh,ke-toan-tai-chinh-kiem-toan
3284,dich-vu-khach-hang,dich-vu-khach-hang-cskh
3285,ke-toan-tai-chinh,ke-toan-tai-chinh-ngan-hang
3286,giao-duc-dao-tao,giao-duc-giang-day
3287,kinh-doanh-ban-hang,kinh-doanh-ban-hang-tong-hop
3288,marketing-truyen-thong,marketing-truyen-thong-pr
3289,ke-toan-tai-chinh,ke-toan-tai-chinh-ngan-hang
3290,marketing-truyen-thong,marketing-truyen-thong-pr
3291,bat-dong-san,bat-dong-san-moi-gioi
3292,ke-toan-tai-chinh,ke-toan-tai-chinh-tai-chinh
3293,marketing-truyen-thong,marketing-truyen-thong-pr
3294,ke-toan-tai-chinh,ke-toan-tai-chinh-kiem-toan
3295,dich-vu-khach-hang,dich-vu-khach-hang-cskh
3296,kinh-doanh-ban-hang,kinh-doanh-ban-hang-tong-hop
3297,nhan-su-hanh-chinh,nhan-su-phap-ly-phap-che
3298,ke-toan-tai-chinh,ke-toan-tai-chinh-kiem-toan
3299,ke-toan-tai-chinh,ke-toan-tai-chinh-kiem-toan
3300,ke-toan-tai-chinh,ke-toan-tai-chinh-ngan-hang
3301,ke-toan-tai-chinh,ke-toan-tai-chinh-kiem-toan
3302,san-xuat-qa-qc,san-xuat-quan-ly
3303,san-xuat-qa-qc,san-xuat-thuc-pham
3304,ke-toan-tai-chinh,ke-toan-tai-chinh-kiem-toan
3305,kinh-doanh-ban-hang,kinh-doanh-ban-hang-tong-hop
3306,van-tai-logistics,van-tai-xuat-nhap-khau
3307,ke-toan-tai-chinh,ke-toan-tai-chinh-kiem-toan
3308,van-tai-logistics,van-tai-logistics-kho-van
3309,kinh-doanh-ban-hang,kinh-doanh-ban-hang-tong-hop
3310,marketing-truyen-thong,marketing-truyen-thong-pr
3311,cntt,cntt-phat-trien-phan-mem
3312,marketing-truyen-thong,marketing-truyen-thong-pr
3313,,
3314,nhan-su-hanh-chinh,nhan-su-hanh-chinh-van-phong
3315,,
3316,cntt,cntt-phan-cung-mang
3317,,
3318,marketing-truyen-thong,marketing-truyen-thong-pr
3319,ke-toan-tai-chinh,ke-toan-tai-chinh-kiem-toan
3320,y-te-duoc,y-te-duoc-y-te
3321,y-te-duoc,y-te-duoc-y-te
3322,,
3323,cntt,cntt-phat-trien-phan-mem
3324,kinh-doanh-ban-hang,kinh-doanh-ban-hang-tong-hop
3325,marketing-truyen-thong,marketing-truyen-thong-pr
3326,giao-duc-dao-tao,giao-duc-giang-day
3327,cntt,cntt-phat-trien-phan-mem
3328,marketing-truyen-thong,marketing-to-chuc-su-kien
3329,giao-duc-dao-tao,giao-duc-giang-day
3330,,
3331,thiet-ke-kien-truc,thiet-ke-do-hoa
3332,thiet-ke-kien-truc,thiet-ke-do-hoa
3333,,
3334,thiet-ke-kien-truc,thiet-ke-do-hoa
3335,cntt,cntt-phat-trien-phan-mem
3336,bat-dong-san,bat-dong-san-moi-gioi
3337,cntt,cntt-phat-trien-phan-mem
3338,san-xuat-qa-qc,san-xuat-thuc-pham
3339,cntt,cntt-phat-trien-phan-mem
3340,,
3341,kinh-doanh-ban-hang,kinh-doanh-ban-hang-tong-hop
3342,ke-toan-tai-chinh,ke-toan-tai-chinh-kiem-toan
3343,cntt,cntt-phat-trien-phan-mem
3344,kinh-doanh-ban-hang,kinh-doanh-ban-hang-tong-hop
3345,marketing-truyen-thong,marketing-truyen-thong-pr
3346,kinh-doanh-ban-hang,kinh-doanh-ban-hang-tong-hop
3347,kinh-doanh-ban-hang,kinh-doanh-ban-hang-tong-hop
3348,kinh-doanh-ban-hang,kinh-doanh-ban-hang-tong-hop
3349,khach-san-nha-hang-du-lich,khach-san-khach-san
3350,marketing-truyen-thong,marketing-bao-chi-truyen-hinh
3351,,
3352,giao-duc-dao-tao,giao-duc-giang-day
3353,ke-toan-tai-chinh,ke-toan-tai-chinh-kiem-toan
3354,ke-toan-tai-chinh,ke-toan-tai-chinh-bao-hiem
3355,marketing-truyen-thong,marketing-truyen-thong-pr
3356,kinh-doanh-ban-hang,kinh-doanh-ban-hang-tong-hop
3357,marketing-truyen-thong,marketing-truyen-thong-pr
3358,kinh-doanh-ban-hang,kinh-doanh-ban-hang-tong-hop
3359,,
3360,marketing-truyen-thong,marketing-truyen-thong-pr
3361,kinh-doanh-ban-hang,kinh-doanh-ban-hang-tong-hop
3362,thiet-ke-kien-truc,thiet-ke-do-hoa
3363,marketing-truyen-thong,marketing-truyen-thong-pr
3364,kinh-doanh-ban-hang,kinh-doanh-ban-hang-ban-le-si
3365,cntt,cntt-phat-trien-phan-mem
3366,ke-toan-tai-chinh,ke-toan-tai-chinh-kiem-toan
3367,,
3368,ke-toan-tai-chinh,ke-toan-tai-chinh-kiem-toan
3369,nhan-su-hanh-chinh,nhan-su-hanh-chinh-van-phong
3370,giao-duc-dao-tao,giao-duc-giang-day
3371,dien-dien-tu-vien-thong,dien-dien-tu-dien-lanh
3372,kinh-doanh-ban-hang,kinh-doanh-ban-hang-tong-hop
3373,marketing-truyen-thong,marketing-truyen-thong-pr
3374,ke-toan-tai-chinh,ke-toan-tai-chinh-bao-hiem
3375,nhan-su-hanh-chinh,nhan-su-hanh-chinh-van-phong
3376,ke-toan-tai-chinh,ke-toan-tai-chinh-bao-hiem
3377,kinh-doanh-ban-hang,kinh-doanh-ban-hang-tong-hop
3378,kinh-doanh-ban-hang,kinh-doanh-ban-hang-tong-hop
3379,cntt,cntt-phat-trien-phan-mem
3380,cntt,cntt-phan-cung-mang
3381,ke-toan-tai-chinh,ke-toan-tai-chinh-kiem-toan
3382,kinh-doanh-ban-hang,kinh-doanh-ban-hang-tong-hop
3383,san-xuat-qa-qc,san-xuat-qa-qc-qa-qc
3384,cntt,cntt-phan-cung-mang
3385,co-khi-che-tao,co-khi-o-to
3386,ke-toan-tai-chinh,ke-toan-tai-chinh-kiem-toan
3387,thiet-ke-kien-truc,thiet-ke-do-hoa
3388,kinh-doanh-ban-hang,kinh-doanh-ban-hang-tong-hop
3389,ke-toan-tai-chinh,ke-toan-tai-chinh-ngan-hang
3390,ke-toan-tai-chinh,ke-toan-tai-chinh-bao-hiem
3391,van-tai-logistics,van-tai-xuat-nhap-khau
3392,kinh-doanh-ban-hang,kinh-doanh-ban-hang-tong-hop
3393,nhan-su-hanh-chinh,nhan-su-phap-ly-phap-che
3394,,
3395,khach-san-nha-hang-du-lich,khach-san-khach-san
3396,ke-toan-tai-chinh,ke-toan-tai-chinh-bao-hiem
3397,bat-dong-san,bat-dong-san-moi-gioi
3398,thiet-ke-kien-truc,thiet-ke-my-thuat
3399,van-tai-logistics,van-tai-xuat-nhap-khau
3400,cntt,cntt-phat-trien-phan-mem
3401,y-te-duoc,y-te-duoc-y-te
3402,nhan-su-hanh-chinh,nhan-su-hanh-chinh-van-phong
3403,,
3404,marketing-truyen-thong,marketing-truyen-thong-pr
3405,ke-toan-tai-chinh,ke-toan-tai-chinh-bao-hiem
3406,marketing-truyen-thong,marketing-truyen-thong-pr
3407,kinh-doanh-ban-hang,kinh-doanh-ban-hang-tong-hop
3408,kinh-doanh-ban-hang,kinh-doanh-ban-hang-tong-hop
3409,van-tai-logistics,van-tai-logistics-kho-van
3410,cntt,cntt-phat-trien-phan-mem
3411,giao-duc-dao-tao,giao-duc-giang-day
3412,giao-duc-dao-tao,giao-duc-giang-day
3413,ke-toan-tai-chinh,ke-toan-tai-chinh-ngan-hang
3414,marketing-truyen-thong,marketing-truyen-thong-pr
3415,kinh-doanh-ban-hang,kinh-doanh-ban-hang-tong-hop
3416,kinh-doanh-ban-hang,kinh-doanh-ban-hang-tong-hop
3417,ke-toan-tai-chinh,ke-toan-tai-chinh-ngan-hang
3418,,
3419,kinh-doanh-ban-hang,kinh-doanh-ban-hang-tong-hop
3420,marketing-truyen-thong,marketing-truyen-thong-pr
3421,ke-toan-tai-chinh,ke-toan-tai-chinh-kiem-toan
3422,ke-toan-tai-chinh,ke-toan-tai-chinh-ngan-hang
3423,giao-duc-dao-tao,giao-duc-giang-day
3424,marketing-truyen-thong,marketing-to-chuc-su-kien
3425,ke-toan-tai-chinh,ke-toan-tai-chinh-kiem-toan
3426,kinh-doanh-ban-hang,kinh-doanh-ban-hang-tong-hop
3427,dien-dien-tu-vien-thong,dien-dien-tu-vien-thong-vt
3428,kinh-doanh-ban-hang,kinh-doanh-ban-hang-tong-hop
3429,cntt,cntt-phat-trien-phan-mem
3430,dich-vu-khach-hang,dich-vu-khach-hang-cskh
3431,kinh-doanh-ban-hang,kinh-doanh-ban-hang-tong-hop
3432,van-tai-logistics,van-tai-xuat-nhap-khau
3433,kinh-doanh-ban-hang,kinh-doanh-ban-hang-tong-hop
3434,marketing-truyen-thong,marketing-truyen-thong-pr
3435,nhan-su-hanh-chinh,nhan-su-tuyen-dung-cb
3436,nhan-su-hanh-chinh,nhan-su-tuyen-dung-cb
3437,ke-toan-tai-chinh,ke-toan-tai-chinh-kiem-toan
3438,ke-toan-tai-chinh,ke-toan-tai-chinh-kiem-toan
3439,,
3440,marketing-truyen-thong,marketing-truyen-thong-pr
3441,cntt,cntt-phat-trien-phan-mem
3442,cntt,cntt-phat-trien-phan-mem
3443,marketing-truyen-thong,marketing-truyen-thong-pr
3444,dich-vu-khach-hang,dich-vu-khach-hang-cskh
3445,ke-toan-tai-chinh,ke-toan-tai-chinh-ngan-hang
3446,nhan-su-hanh-chinh,nhan-su-hanh-chinh-van-phong
3447,,
3448,ke-toan-tai-chinh,ke-toan-tai-chinh-kiem-toan
3449,kinh-doanh-ban-hang,kinh-doanh-ban-hang-tong-hop
3450,khach-san-nha-hang-du-lich,khach-san-du-lich-le-hanh
3451,marketing-truyen-thong,marketing-truyen-thong-pr
3452,cntt,cntt-phat-trien-phan-mem
3453,khach-san-nha-hang-du-lich,khach-san-khach-san
3454,,
3455,kinh-doanh-ban-hang,kinh-doanh-ban-hang-tong-hop
3456,kinh-doanh-ban-hang,kinh-doanh-ban-hang-ban-le-si
3457,nhan-su-hanh-chinh,nhan-su-hanh-chinh-van-phong
3458,thiet-ke-kien-truc,thiet-ke-my-thuat
3459,co-khi-che-tao,co-khi-tu-dong-hoa
3460,nhan-su-hanh-chinh,nhan-su-hanh-chinh-van-phong
3461,giao-duc-dao-tao,giao-duc-giang-day
3462,san-xuat-qa-qc,san-xuat-thuc-pham
3463,dich-vu-khach-hang,dich-vu-khach-hang-cskh
3464,ke-toan-tai-chinh,ke-toan-tai-chinh-ngan-hang
3465,san-xuat-qa-qc,san-xuat-qa-qc-qa-qc
3466,kinh-doanh-ban-hang,kinh-doanh-ban-hang-tong-hop
3467,,
3468,thiet-ke-kien-truc,thiet-ke-do-hoa
3469,,
3470,kinh-doanh-ban-hang,kinh-doanh-ban-hang-tong-hop
3471,khach-san-nha-hang-du-lich,khach-san-spa-lam-dep
3472,ke-toan-tai-chinh,ke-toan-tai-chinh-kiem-toan
3473,san-xuat-qa-qc,san-xuat-nong-nghiep
3474,dien-dien-tu-vien-thong,dien-dien-tu-dien-lanh
3475,nhan-su-hanh-chinh,nhan-su-hanh-chinh-van-phong
3476,cntt,cntt-phat-trien-phan-mem
3477,kinh-doanh-ban-hang,kinh-doanh-ban-hang-tong-hop
3478,cntt,cntt-phat-trien-phan-mem
3479,dien-dien-tu-vien-thong,dien-dien-tu-dien-lanh
3480,marketing-truyen-thong,marketing-bien-phien-dich
3481,cntt,cntt-phat-trien-phan-mem
3482,kinh-doanh-ban-hang,kinh-doanh-ban-hang-tong-hop
3483,nhan-su-hanh-chinh,nhan-su-tuyen-dung-cb
3484,marketing-truyen-thong,marketing-truyen-thong-pr
3485,marketing-truyen-thong,marketing-truyen-thong-pr
3486,,
3487,khach-san-nha-hang-du-lich,khach-san-khach-san
3488,,
3489,ke-toan-tai-chinh,ke-toan-tai-chinh-kiem-toan
3490,cntt,cntt-phat-trien-phan-mem
3491,kinh-doanh-ban-hang,kinh-doanh-ban-hang-tong-hop
3492,bat-dong-san,bat-dong-san-moi-gioi
3493,ke-toan-tai-chinh,ke-toan-tai-chinh-bao-hiem
3494,kinh-doanh-ban-hang,kinh-doanh-ban-hang-tong-hop
3495,khach-san-nha-hang-du-lich,khach-san-spa-lam-dep
3496,cntt,cntt-phat-trien-phan-mem
3497,khach-san-nha-hang-du-lich,khach-san-spa-lam-dep
3498,,
3499,khach-san-nha-hang-du-lich,khach-san-khach-san
3500,co-khi-che-tao,co-khi-tu-dong-hoa
3501,kinh-doanh-ban-hang,kinh-doanh-ban-hang-tong-hop
3502,bat-dong-san,bat-dong-san-moi-gioi
3503,ke-toan-tai-chinh,ke-toan-tai-chinh-tai-chinh
3504,kinh-doanh-ban-hang,kinh-doanh-ban-hang-tong-hop
3505,kinh-doanh-ban-hang,kinh-doanh-ban-hang-tong-hop
3506,dien-dien-tu-vien-thong,dien-dien-tu-dien-lanh
3507,kinh-doanh-ban-hang,kinh-doanh-ban-hang-tong-hop
3508,cntt,cntt-phat-trien-phan-mem
3509,kinh-doanh-ban-hang,kinh-doanh-ban-hang-tong-hop
3510,co-khi-che-tao,co-khi-tu-dong-hoa
3511,thiet-ke-kien-truc,thiet-ke-do-hoa
3512,ke-toan-tai-chinh,ke-toan-tai-chinh-bao-hiem
3513,ke-toan-tai-chinh,ke-toan-tai-chinh-kiem-toan
3514,marketing-truyen-thong,marketing-truyen-thong-pr
3515,marketing-truyen-thong,marketing-truyen-thong-pr
3516,kinh-doanh-ban-hang,kinh-doanh-ban-hang-tong-hop
3517,,
3518,thiet-ke-kien-truc,thiet-ke-kien-truc-kien-truc
3519,ke-toan-tai-chinh,ke-toan-tai-chinh-ngan-hang
3520,marketing-truyen-thong,marketing-to-chuc-su-kien
3521,marketing-truyen-thong,marketing-truyen-thong-pr
3522,kinh-doanh-ban-hang,kinh-doanh-ban-hang-tong-hop
3523,giao-duc-dao-tao,giao-duc-giang-day
3524,,
3525,van-tai-logistics,van-tai-logistics-kho-van
3526,kinh-doanh-ban-hang,kinh-doanh-ban-hang-tong-hop
3527,ke-toan-tai-chinh,ke-toan-tai-chinh-bao-hiem
3528,ke-toan-tai-chinh,ke-toan-tai-chinh-ngan-hang
3529,kinh-doanh-ban-hang,kinh-doanh-ban-hang-tong-hop
3530,marketing-truyen-thong,marketing-truyen-thong-pr
3531,bat-dong-san,bat-dong-san-moi-gioi
3532,co-khi-che-tao,co-khi-tu-dong-hoa
3533,y-te-duoc,y-te-duoc-y-te
3534,,
3535,nhan-su-hanh-chinh,nhan-su-tuyen-dung-cb
3536,van-tai-logistics,van-tai-logistics-kho-van
3537,,
3538,giao-duc-dao-tao,giao-duc-giang-day
3539,san-xuat-qa-qc,san-xuat-thuc-pham
3540,kinh-doanh-ban-hang,kinh-doanh-ban-hang-tong-hop
3541,cntt,cntt-phat-trien-phan-mem
3542,san-xuat-qa-qc,san-xuat-quan-ly
3543,marketing-truyen-thong,marketing-bao-chi-truyen-hinh
3544,marketing-truyen-thong,marketing-bien-phien-dich
3545,kinh-doanh-ban-hang,kinh-doanh-ban-hang-tong-hop
3546,ke-toan-tai-chinh,ke-toan-tai-chinh-kiem-toan
3547,cntt,cntt-phan-cung-mang
3548,marketing-truyen-thong,marketing-truyen-thong-pr
3549,marketing-truyen-thong,marketing-truyen-thong-pr
3550,,
3551,kinh-doanh-ban-hang,kinh-doanh-ban-hang-tong-hop
3552,giao-duc-dao-tao,giao-duc-giang-day
3553,ke-toan-tai-chinh,ke-toan-tai-chinh-kiem-toan
3554,khach-san-nha-hang-du-lich,khach-san-khach-san
3555,kinh-doanh-ban-hang,kinh-doanh-ban-hang-tong-hop
3556,xay-dung,xay-dung-ky-su
3557,san-xuat-qa-qc,san-xuat-det-may
3558,dich-vu-khach-hang,dich-vu-khach-hang-cskh
3559,van-tai-logistics,van-tai-xuat-nhap-khau
3560,kinh-doanh-ban-hang,kinh-doanh-ban-hang-tong-hop
3561,marketing-truyen-thong,marketing-truyen-thong-pr
3562,cntt,cntt-phat-trien-phan-mem
3563,,
3564,,
3565,y-te-duoc,y-te-duoc-y-te
3566,,
3567,,
3568,,
3569,xay-dung,xay-dung-ky-su
3570,dien-dien-tu-vien-thong,dien-dien-tu-dien-lanh
3571,kinh-doanh-ban-hang,kinh-doanh-ban-hang-tong-hop
3572,kinh-doanh-ban-hang,kinh-doanh-ban-hang-tong-hop
3573,,
3574,kinh-doanh-ban-hang,kinh-doanh-ban-hang-tong-hop
3575,kinh-doanh-ban-hang,kinh-doanh-ban-hang-tong-hop
3576,marketing-truyen-thong,marketing-truyen-thong-pr
3577,cntt,cntt-phat-trien-phan-mem
3578,thiet-ke-kien-truc,thiet-ke-kien-truc-kien-truc
3579,,
3580,,
3581,nhan-su-hanh-chinh,nhan-su-thu-ky-tro-ly
3582,ke-toan-tai-chinh,ke-toan-tai-chinh-kiem-toan
3583,ke-toan-tai-chinh,ke-toan-tai-chinh-kiem-toan
3584,kinh-doanh-ban-hang,kinh-doanh-ban-hang-tong-hop
3585,kinh-doanh-ban-hang,kinh-doanh-ban-hang-tong-hop
3586,kinh-doanh-ban-hang,kinh-doanh-ban-hang-tong-hop
3587,giao-duc-dao-tao,giao-duc-giang-day
3588,ke-toan-tai-chinh,ke-toan-tai-chinh-kiem-toan
3589,cntt,cntt-phat-trien-phan-mem
3590,san-xuat-qa-qc,san-xuat-quan-ly
3591,marketing-truyen-thong,marketing-truyen-thong-pr
3592,,
3593,ke-toan-tai-chinh,ke-toan-tai-chinh-bao-hiem
3594,cntt,cntt-phat-trien-phan-mem
3595,y-te-duoc,y-te-duoc-duoc-pham
3596,marketing-truyen-thong,marketing-bao-chi-truyen-hinh
3597,cntt,cntt-phat-trien-phan-mem
3598,kinh-doanh-ban-hang,kinh-doanh-ban-hang-tong-hop
3599,co-khi-che-tao,co-khi-tu-dong-hoa
3600,y-te-duoc,y-te-duoc-y-te
3601,ke-toan-tai-chinh,ke-toan-tai-chinh-kiem-toan
3602,kinh-doanh-ban-hang,kinh-doanh-ban-hang-tong-hop
3603,thiet-ke-kien-truc,thiet-ke-do-hoa
3604,kinh-doanh-ban-hang,kinh-doanh-ban-hang-tong-hop
3605,co-khi-che-tao,co-khi-o-to
3606,nhan-su-hanh-chinh,nhan-su-hanh-chinh-van-phong
3607,kinh-doanh-ban-hang,kinh-doanh-ban-hang-tong-hop
3608,giao-duc-dao-tao,giao-duc-giang-day
3609,nhan-su-hanh-chinh,nhan-su-hanh-chinh-van-phong
3610,nhan-su-hanh-chinh,nhan-su-phap-ly-phap-che
3611,,
3612,nhan-su-hanh-chinh,nhan-su-thu-ky-tro-ly
3613,ke-toan-tai-chinh,ke-toan-tai-chinh-kiem-toan
3614,ke-toan-tai-chinh,ke-toan-tai-chinh-ngan-hang
3615,ke-toan-tai-chinh,ke-toan-tai-chinh-bao-hiem
3616,kinh-doanh-ban-hang,kinh-doanh-ban-hang-tong-hop
3617,kinh-doanh-ban-hang,kinh-doanh-ban-hang-tong-hop
3618,,
3619,kinh-doanh-ban-hang,kinh-doanh-ban-hang-tong-hop
3620,,
3621,,
3622,cntt,cntt-phat-trien-phan-mem
3623,kinh-doanh-ban-hang,kinh-doanh-ban-hang-tong-hop
3624,,
3625,ke-toan-tai-chinh,ke-toan-tai-chinh-bao-hiem
3626,marketing-truyen-thong,marketing-to-chuc-su-kien
3627,kinh-doanh-ban-hang,kinh-doanh-ban-hang-tong-hop
3628,kinh-doanh-ban-hang,kinh-doanh-ban-hang-tong-hop
3629,cntt,cntt-phat-trien-phan-mem
3630,san-xuat-qa-qc,san-xuat-det-may
3631,,
3632,,
3633,,
3634,,
3635,kinh-doanh-ban-hang,kinh-doanh-ban-hang-tong-hop
3636,kinh-doanh-ban-hang,kinh-doanh-ban-hang-tong-hop
3637,ke-toan-tai-chinh,ke-toan-tai-chinh-ngan-hang
3638,kinh-doanh-ban-hang,kinh-doanh-ban-hang-tong-hop
3639,bat-dong-san,bat-dong-san-moi-gioi
3640,khach-san-nha-hang-du-lich,khach-san-khach-san
3641,van-tai-logistics,van-tai-logistics-kho-van
3642,cntt,cntt-phat-trien-phan-mem
3643,giao-duc-dao-tao,giao-duc-giang-day
3644,,
3645,nhan-su-hanh-chinh,nhan-su-tuyen-dung-cb
3646,khach-san-nha-hang-du-lich,khach-san-du-lich-le-hanh
3647,kinh-doanh-ban-hang,kinh-doanh-ban-hang-tong-hop
3648,marketing-truyen-thong,marketing-truyen-thong-pr
3649,kinh-doanh-ban-hang,kinh-doanh-ban-hang-tong-hop
3650,marketing-truyen-thong,marketing-truyen-thong-pr
3651,giao-duc-dao-tao,giao-duc-giang-day
3652,kinh-doanh-ban-hang,kinh-doanh-ban-hang-tong-hop
3653,co-khi-che-tao,co-khi-tu-dong-hoa
3654,,
3655,san-xuat-qa-qc,san-xuat-nong-nghiep
3656,kinh-doanh-ban-hang,kinh-doanh-ban-hang-tong-hop
3657,nhan-su-hanh-chinh,nhan-su-tuyen-dung-cb
3658,,
3659,nhan-su-hanh-chinh,nhan-su-phap-ly-phap-che
3660,kinh-doanh-ban-hang,kinh-doanh-ban-hang-tong-hop
3661,kinh-doanh-ban-hang,kinh-doanh-ban-hang-tong-hop
3662,kinh-doanh-ban-hang,kinh-doanh-ban-hang-tong-hop
3663,marketing-truyen-thong,marketing-bao-chi-truyen-hinh
3664,thiet-ke-kien-truc,thiet-ke-do-hoa
3665,khach-san-nha-hang-du-lich,khach-san-du-lich-le-hanh
3666,marketing-truyen-thong,marketing-bao-chi-truyen-hinh
3667,ke-toan-tai-chinh,ke-toan-tai-chinh-bao-hiem
3668,dich-vu-khach-hang,dich-vu-khach-hang-cskh
3669,ke-toan-tai-chinh,ke-toan-tai-chinh-kiem-toan
3670,thiet-ke-kien-truc,thiet-ke-do-hoa
3671,cntt,cntt-phat-trien-phan-mem
3672,marketing-truyen-thong,marketing-bao-chi-truyen-hinh
3673,kinh-doanh-ban-hang,kinh-doanh-ban-hang-tong-hop
3674,kinh-doanh-ban-hang,kinh-doanh-ban-hang-tong-hop
3675,van-tai-logistics,van-tai-xuat-nhap-khau
3676,van-tai-logistics,van-tai-logistics-kho-van
3677,ke-toan-tai-chinh,ke-toan-tai-chinh-ngan-hang
3678,san-xuat-qa-qc,san-xuat-thuc-pham
3679,co-khi-che-tao,co-khi-tu-dong-hoa
3680,,
3681,san-xuat-qa-qc,san-xuat-quan-ly
3682,marketing-truyen-thong,marketing-bien-phien-dich
3683,nhan-su-hanh-chinh,nhan-su-thu-ky-tro-ly
3684,kinh-doanh-ban-hang,kinh-doanh-ban-hang-tong-hop
3685,nhan-su-hanh-chinh,nhan-su-hanh-chinh-van-phong
3686,nhan-su-hanh-chinh,nhan-su-hanh-chinh-van-phong
3687,,
3688,cntt,cntt-phat-trien-phan-mem
3689,cntt,cntt-phat-trien-phan-mem
3690,kinh-doanh-ban-hang,kinh-doanh-ban-hang-tong-hop
3691,kinh-doanh-ban-hang,kinh-doanh-ban-hang-tong-hop
3692,ke-toan-tai-chinh,ke-toan-tai-chinh-kiem-toan
3693,,
3694,ke-toan-tai-chinh,ke-toan-tai-chinh-bao-hiem
3695,marketing-truyen-thong,marketing-bao-chi-truyen-hinh
3696,co-khi-che-tao,co-khi-tu-dong-hoa
3697,cntt,cntt-phat-trien-phan-mem
3698,kinh-doanh-ban-hang,kinh-doanh-ban-hang-tong-hop
3699,kinh-doanh-ban-hang,kinh-doanh-ban-hang-tong-hop
3700,dien-dien-tu-vien-thong,dien-dien-tu-dien-lanh
3701,cntt,cntt-phat-trien-phan-mem
3702,dich-vu-khach-hang,dich-vu-khach-hang-cskh
3703,cntt,cntt-phat-trien-phan-mem
3704,giao-duc-dao-tao,giao-duc-giang-day
3705,,
3706,,
3707,ke-toan-tai-chinh,ke-toan-tai-chinh-chung-khoan
3708,thiet-ke-kien-truc,thiet-ke-do-hoa
3709,dien-dien-tu-vien-thong,dien-dien-tu-dien-lanh
3710,cntt,cntt-phan-cung-mang
3711,dien-dien-tu-vien-thong,dien-dien-tu-dien-lanh
3712,ke-toan-tai-chinh,ke-toan-tai-chinh-tai-chinh
3713,,
3714,marketing-truyen-thong,marketing-truyen-thong-pr
3715,,
3716,kinh-doanh-ban-hang,kinh-doanh-ban-hang-tong-hop
3717,ke-toan-tai-chinh,ke-toan-tai-chinh-ngan-hang
3718,,
3719,,
3720,dich-vu-khach-hang,dich-vu-khach-hang-cskh
3721,marketing-truyen-thong,marketing-truyen-thong-pr
3722,ke-toan-tai-chinh,ke-toan-tai-chinh-kiem-toan
3723,kinh-doanh-ban-hang,kinh-doanh-ban-hang-tong-hop
3724,kinh-doanh-ban-hang,kinh-doanh-ban-hang-tong-hop
3725,van-tai-logistics,van-tai-xuat-nhap-khau
3726,xay-dung,xay-dung-ky-su
3727,thiet-ke-kien-truc,thiet-ke-do-hoa
3728,giao-duc-dao-tao,giao-duc-giang-day
3729,,
3730,,
3731,,
3732,khach-san-nha-hang-du-lich,khach-san-khach-san
3733,thiet-ke-kien-truc,thiet-ke-do-hoa
3734,ke-toan-tai-chinh,ke-toan-tai-chinh-bao-hiem
3735,giao-duc-dao-tao,giao-duc-giang-day
3736,kinh-doanh-ban-hang,kinh-doanh-ban-hang-tong-hop
3737,marketing-truyen-thong,marketing-truyen-thong-pr
3738,kinh-doanh-ban-hang,kinh-doanh-ban-hang-tong-hop
3739,ke-toan-tai-chinh,ke-toan-tai-chinh-kiem-toan
3740,xay-dung,xay-dung-ky-su
3741,cntt,cntt-phan-cung-mang
3742,thiet-ke-kien-truc,thiet-ke-my-thuat
3743,nhan-su-hanh-chinh,nhan-su-thu-ky-tro-ly
3744,y-te-duoc,y-te-duoc-y-te
3745,kinh-doanh-ban-hang,kinh-doanh-ban-hang-tong-hop
3746,kinh-doanh-ban-hang,kinh-doanh-ban-hang-tong-hop
3747,ke-toan-tai-chinh,ke-toan-tai-chinh-kiem-toan
3748,ke-toan-tai-chinh,ke-toan-tai-chinh-kiem-toan
3749,,
3750,san-xuat-qa-qc,san-xuat-quan-ly
3751,dich-vu-khach-hang,dich-vu-khach-hang-cskh
3752,kinh-doanh-ban-hang,kinh-doanh-ban-hang-tong-hop
3753,,
3754,kinh-doanh-ban-hang,kinh-doanh-ban-hang-tong-hop
3755,nhan-su-hanh-chinh,nhan-su-tuyen-dung-cb
3756,cntt,cntt-phat-trien-phan-mem
3757,marketing-truyen-thong,marketing-truyen-thong-pr
3758,cntt,cntt-phat-trien-phan-mem
3759,van-tai-logistics,van-tai-logistics-kho-van
3760,giao-duc-dao-tao,giao-duc-giang-day
3761,marketing-truyen-thong,marketing-to-chuc-su-kien
3762,,
3763,marketing-truyen-thong,marketing-truyen-thong-pr
3764,kinh-doanh-ban-hang,kinh-doanh-ban-hang-tong-hop
3765,nhan-su-hanh-chinh,nhan-su-thu-ky-tro-ly
3766,ke-toan-tai-chinh,ke-toan-tai-chinh-kiem-toan
3767,xay-dung,xay-dung-ky-su
3768,kinh-doanh-ban-hang,kinh-doanh-ban-hang-tong-hop
3769,,
3770,,
3771,ke-toan-tai-chinh,ke-toan-tai-chinh-bao-hiem
3772,thiet-ke-kien-truc,thiet-ke-do-hoa
3773,marketing-truyen-thong,marketing-bao-chi-truyen-hinh
3774,thiet-ke-kien-truc,thiet-ke-kien-truc-kien-truc
3775,kinh-doanh-ban-hang,kinh-doanh-ban-hang-tong-hop
3776,nhan-su-hanh-chinh,nhan-su-tuyen-dung-cb
3777,dien-dien-tu-vien-thong,dien-dien-tu-vien-thong-vt
3778,kinh-doanh-ban-hang,kinh-doanh-ban-hang-tong-hop
3779,khach-san-nha-hang-du-lich,khach-san-khach-san
3780,kinh-doanh-ban-hang,kinh-doanh-ban-hang-tong-hop
3781,ke-toan-tai-chinh,ke-toan-tai-chinh-tai-chinh
3782,ke-toan-tai-chinh,ke-toan-tai-chinh-bao-hiem
3783,co-khi-che-tao,co-khi-tu-dong-hoa
3784,,
3785,khach-san-nha-hang-du-lich,khach-san-spa-lam-dep
3786,khach-san-nha-hang-du-lich,khach-san-khach-san
3787,cntt,cntt-phat-trien-phan-mem
3788,ke-toan-tai-chinh,ke-toan-tai-chinh-bao-hiem
3789,kinh-doanh-ban-hang,kinh-doanh-ban-hang-tong-hop
3790,dich-vu-khach-hang,dich-vu-khach-hang-cskh
3791,marketing-truyen-thong,marketing-to-chuc-su-kien
3792,nhan-su-hanh-chinh,nhan-su-hanh-chinh-van-phong
3793,cntt,cntt-phat-trien-phan-mem
3794,marketing-truyen-thong,marketing-bao-chi-truyen-hinh
3795,nhan-su-hanh-chinh,nhan-su-hanh-chinh-van-phong
3796,marketing-truyen-thong,marketing-truyen-thong-pr
3797,,
3798,kinh-doanh-ban-hang,kinh-doanh-ban-hang-tong-hop
3799,,
3800,marketing-truyen-thong,marketing-truyen-thong-pr
3801,kinh-doanh-ban-hang,kinh-doanh-ban-hang-ban-le-si
3802,kinh-doanh-ban-hang,kinh-doanh-ban-hang-tong-hop
3803,van-tai-logistics,van-tai-xuat-nhap-khau
3804,nhan-su-hanh-chinh,nhan-su-hanh-chinh-van-phong
3805,san-xuat-qa-qc,san-xuat-quan-ly
3806,,
3807,thiet-ke-kien-truc,thiet-ke-noi-that
3808,kinh-doanh-ban-hang,kinh-doanh-ban-hang-tong-hop
3809,kinh-doanh-ban-hang,kinh-doanh-ban-hang-ban-le-si
3810,kinh-doanh-ban-hang,kinh-doanh-ban-hang-tong-hop
3811,,
3812,ke-toan-tai-chinh,ke-toan-tai-chinh-bao-hiem
3813,dien-dien-tu-vien-thong,dien-dien-tu-vien-thong-vt
3814,cntt,cntt-phat-trien-phan-mem
3815,nhan-su-hanh-chinh,nhan-su-tuyen-dung-cb
3816,kinh-doanh-ban-hang,kinh-doanh-ban-hang-tong-hop
3817,,
3818,ke-toan-tai-chinh,ke-toan-tai-chinh-kiem-toan
3819,kinh-doanh-ban-hang,kinh-doanh-ban-hang-tong-hop
3820,marketing-truyen-thong,marketing-truyen-thong-pr
3821,kinh-doanh-ban-hang,kinh-doanh-ban-hang-tong-hop
3822,kinh-doanh-ban-hang,kinh-doanh-ban-hang-tong-hop
3823,dien-dien-tu-vien-thong,dien-dien-tu-vien-thong-vt
3824,marketing-truyen-thong,marketing-truyen-thong-pr
3825,cntt,cntt-phat-trien-phan-mem
3826,,
3827,marketing-truyen-thong,marketing-truyen-thong-pr
3828,kinh-doanh-ban-hang,kinh-doanh-ban-hang-tong-hop
3829,cntt,cntt-phan-cung-mang
3830,thiet-ke-kien-truc,thiet-ke-my-thuat
3831,kinh-doanh-ban-hang,kinh-doanh-ban-hang-tong-hop
3832,san-xuat-qa-qc,san-xuat-thuc-pham
3833,dien-dien-tu-vien-thong,dien-dien-tu-vien-thong-vt
3834,,
3835,kinh-doanh-ban-hang,kinh-doanh-ban-hang-tong-hop
3836,dich-vu-khach-hang,dich-vu-khach-hang-cskh
3837,kinh-doanh-ban-hang,kinh-doanh-ban-hang-tong-hop
3838,khach-san-nha-hang-du-lich,khach-san-du-lich-le-hanh
3839,xay-dung,xay-dung-ky-su
3840,thiet-ke-kien-truc,thiet-ke-noi-that
3841,nhan-su-hanh-chinh,nhan-su-hanh-chinh-van-phong
3842,giao-duc-dao-tao,giao-duc-giang-day
3843,kinh-doanh-ban-hang,kinh-doanh-ban-hang-tong-hop
3844,ke-toan-tai-chinh,ke-toan-tai-chinh-tai-chinh
3845,cntt,cntt-phat-trien-phan-mem
3846,marketing-truyen-thong,marketing-truyen-thong-pr
3847,marketing-truyen-thong,marketing-truyen-thong-pr
3848,cntt,cntt-phat-trien-phan-mem
3849,,
3850,thiet-ke-kien-truc,thiet-ke-do-hoa
3851,y-te-duoc,y-te-duoc-y-te
3852,nhan-su-hanh-chinh,nhan-su-hanh-chinh-van-phong
3853,giao-duc-dao-tao,giao-duc-giang-day
3854,nhan-su-hanh-chinh,nhan-su-hanh-chinh-van-phong
3855,cntt,cntt-phat-trien-phan-mem
3856,,
3857,cntt,cntt-phat-trien-phan-mem
3858,san-xuat-qa-qc,san-xuat-nong-nghiep
3859,dich-vu-khach-hang,dich-vu-khach-hang-cskh
3860,cntt,cntt-phat-trien-phan-mem
3861,nhan-su-hanh-chinh,nhan-su-hanh-chinh-van-phong
3862,y-te-duoc,y-te-duoc-y-te
3863,kinh-doanh-ban-hang,kinh-doanh-ban-hang-tong-hop
3864,kinh-doanh-ban-hang,kinh-doanh-ban-hang-tong-hop
3865,,
3866,giao-duc-dao-tao,giao-duc-giang-day
3867,,
3868,kinh-doanh-ban-hang,kinh-doanh-ban-hang-tong-hop
3869,kinh-doanh-ban-hang,kinh-doanh-ban-hang-ban-le-si
3870,kinh-doanh-ban-hang,kinh-doanh-ban-hang-tong-hop
3871,,
3872,giao-duc-dao-tao,giao-duc-giang-day
3873,,
3874,cntt,cntt-phat-trien-phan-mem
3875,kinh-doanh-ban-hang,kinh-doanh-ban-hang-ban-le-si
3876,,
3877,kinh-doanh-ban-hang,kinh-doanh-ban-hang-tong-hop
3878,van-tai-logistics,van-tai-logistics-kho-van
3879,giao-duc-dao-tao,giao-duc-giang-day
3880,,
3881,kinh-doanh-ban-hang,kinh-doanh-ban-hang-tong-hop
3882,nhan-su-hanh-chinh,nhan-su-phap-ly-phap-che
3883,ke-toan-tai-chinh,ke-toan-tai-chinh-bao-hiem
3884,cntt,cntt-phat-trien-phan-mem
3885,dich-vu-khach-hang,dich-vu-khach-hang-cskh
3886,marketing-truyen-thong,marketing-bao-chi-truyen-hinh
3887,kinh-doanh-ban-hang,kinh-doanh-ban-hang-tong-hop
3888,kinh-doanh-ban-hang,kinh-doanh-ban-hang-ban-le-si
3889,nhan-su-hanh-chinh,nhan-su-hanh-chinh-van-phong
3890,marketing-truyen-thong,marketing-truyen-thong-pr
3891,kinh-doanh-ban-hang,kinh-doanh-ban-hang-tong-hop
3892,ke-toan-tai-chinh,ke-toan-tai-chinh-kiem-toan
3893,van-tai-logistics,van-tai-logistics-kho-van
3894,san-xuat-qa-qc,san-xuat-quan-ly
3895,dich-vu-khach-hang,dich-vu-khach-hang-cskh
3896,van-tai-logistics,van-tai-logistics-kho-van
3897,,
3898,xay-dung,xay-dung-ky-su
3899,ke-toan-tai-chinh,ke-toan-tai-chinh-kiem-toan
3900,cntt,cntt-phat-trien-phan-mem
3901,marketing-truyen-thong,marketing-truyen-thong-pr
3902,marketing-truyen-thong,marketing-truyen-thong-pr
3903,dich-vu-khach-hang,dich-vu-khach-hang-cskh
3904,ke-toan-tai-chinh,ke-toan-tai-chinh-kiem-toan
3905,y-te-duoc,y-te-duoc-y-te
3906,kinh-doanh-ban-hang,kinh-doanh-ban-hang-tong-hop
3907,kinh-doanh-ban-hang,kinh-doanh-ban-hang-tong-hop
3908,,
3909,san-xuat-qa-qc,san-xuat-quan-ly
3910,cntt,cntt-phat-trien-phan-mem
3911,cntt,cntt-phat-trien-phan-mem
3912,thiet-ke-kien-truc,thiet-ke-kien-truc-kien-truc
3913,kinh-doanh-ban-hang,kinh-doanh-ban-hang-tong-hop
3914,marketing-truyen-thong,marketing-truyen-thong-pr
3915,thiet-ke-kien-truc,thiet-ke-kien-truc-kien-truc
3916,kinh-doanh-ban-hang,kinh-doanh-ban-hang-tong-hop
3917,khach-san-nha-hang-du-lich,khach-san-khach-san
3918,marketing-truyen-thong,marketing-truyen-thong-pr
3919,kinh-doanh-ban-hang,kinh-doanh-ban-hang-tong-hop
3920,khach-san-nha-hang-du-lich,khach-san-spa-lam-dep
3921,san-xuat-qa-qc,san-xuat-quan-ly
3922,cntt,cntt-phat-trien-phan-mem
3923,nhan-su-hanh-chinh,nhan-su-hanh-chinh-van-phong
3924,dien-dien-tu-vien-thong,dien-dien-tu-vien-thong-vt
3925,ke-toan-tai-chinh,ke-toan-tai-chinh-kiem-toan
3926,kinh-doanh-ban-hang,kinh-doanh-ban-hang-tong-hop
3927,ke-toan-tai-chinh,ke-toan-tai-chinh-bao-hiem
3928,nhan-su-hanh-chinh,nhan-su-hanh-chinh-van-phong
3929,ke-toan-tai-chinh,ke-toan-tai-chinh-kiem-toan
3930,cntt,cntt-phan-cung-mang
3931,ke-toan-tai-chinh,ke-toan-tai-chinh-bao-hiem
3932,,
3933,y-te-duoc,y-te-duoc-y-te
3934,dich-vu-khach-hang,dich-vu-khach-hang-cskh
3935,ke-toan-tai-chinh,ke-toan-tai-chinh-ngan-hang
3936,cntt,cntt-phat-trien-phan-mem
3937,ke-toan-tai-chinh,ke-toan-tai-chinh-kiem-toan
3938,,
3939,kinh-doanh-ban-hang,kinh-doanh-ban-hang-tong-hop
3940,,
3941,cntt,cntt-phat-trien-phan-mem
3942,san-xuat-qa-qc,san-xuat-quan-ly
3943,kinh-doanh-ban-hang,kinh-doanh-ban-hang-tong-hop
3944,ke-toan-tai-chinh,ke-toan-tai-chinh-kiem-toan
3945,kinh-doanh-ban-hang,kinh-doanh-ban-hang-tong-hop
3946,marketing-truyen-thong,marketing-truyen-thong-pr
3947,giao-duc-dao-tao,giao-duc-giang-day
3948,san-xuat-qa-qc,san-xuat-thuc-pham
3949,dien-dien-tu-vien-thong,dien-dien-tu-dien-lanh
3950,y-te-duoc,y-te-duoc-y-te
3951,nhan-su-hanh-chinh,nhan-su-hanh-chinh-van-phong
3952,marketing-truyen-thong,marketing-truyen-thong-pr
3953,marketing-truyen-thong,marketing-truyen-thong-pr
3954,,
3955,cntt,cntt-phat-trien-phan-mem
3956,thiet-ke-kien-truc,thiet-ke-do-hoa
3957,san-xuat-qa-qc,san-xuat-quan-ly
3958,kinh-doanh-ban-hang,kinh-doanh-ban-hang-tong-hop
3959,kinh-doanh-ban-hang,kinh-doanh-ban-hang-ban-hang
3960,marketing-truyen-thong,marketing-truyen-thong-pr
3961,dien-dien-tu-vien-thong,dien-dien-tu-vien-thong-vt
3962,kinh-doanh-ban-hang,kinh-doanh-ban-hang-tong-hop
3963,cntt,cntt-phat-trien-phan-mem
3964,nhan-su-hanh-chinh,nhan-su-thu-ky-tro-ly
3965,cntt,cntt-phat-trien-phan-mem
3966,kinh-doanh-ban-hang,kinh-doanh-ban-hang-tong-hop
3967,y-te-duoc,y-te-duoc-duoc-pham
3968,ke-toan-tai-chinh,ke-toan-tai-chinh-ngan-hang
3969,van-tai-logistics,van-tai-xuat-nhap-khau
3970,giao-duc-dao-tao,giao-duc-giang-day
3971,dien-dien-tu-vien-thong,dien-dien-tu-dien-lanh
3972,dien-dien-tu-vien-thong,dien-dien-tu-dien-lanh
3973,kinh-doanh-ban-hang,kinh-doanh-ban-hang-tong-hop
3974,,
3975,marketing-truyen-thong,marketing-bao-chi-truyen-hinh
3976,xay-dung,xay-dung-ky-su
3977,marketing-truyen-thong,marketing-truyen-thong-pr
3978,thiet-ke-kien-truc,thiet-ke-my-thuat
3979,marketing-truyen-thong,marketing-bao-chi-truyen-hinh
3980,,
3981,van-tai-logistics,van-tai-logistics-kho-van
3982,nhan-su-hanh-chinh,nhan-su-tuyen-dung-cb
3983,,
3984,dien-dien-tu-vien-thong,dien-dien-tu-vien-thong-vt
3985,kinh-doanh-ban-hang,kinh-doanh-ban-hang-tong-hop
3986,ke-toan-tai-chinh,ke-toan-tai-chinh-kiem-toan
3987,,
3988,cntt,cntt-phan-cung-mang
3989,kinh-doanh-ban-hang,kinh-doanh-ban-hang-tong-hop
3990,kinh-doanh-ban-hang,kinh-doanh-ban-hang-tong-hop
3991,cntt,cntt-phat-trien-phan-mem
3992,nhan-su-hanh-chinh,nhan-su-hanh-chinh-van-phong
3993,nhan-su-hanh-chinh,nhan-su-hanh-chinh-van-phong
3994,bat-dong-san,bat-dong-san-moi-gioi
3995,giao-duc-dao-tao,giao-duc-giang-day
3996,khach-san-nha-hang-du-lich,khach-san-du-lich-le-hanh
3997,kinh-doanh-ban-hang,kinh-doanh-ban-hang-tong-hop
3998,,
3999,ke-toan-tai-chinh,ke-toan-tai-chinh-kiem-toan
4000,cntt,cntt-phat-trien-phan-mem
4001,marketing-truyen-thong,marketing-truyen-thong-pr
4002,kinh-doanh-ban-hang,kinh-doanh-ban-hang-tong-hop
4003,marketing-truyen-thong,marketing-truyen-thong-pr
4004,marketing-truyen-thong,marketing-truyen-thong-pr
4005,thiet-ke-kien-truc,thiet-ke-do-hoa
4006,kinh-doanh-ban-hang,kinh-doanh-ban-hang-tong-hop
4007,,
4008,ke-toan-tai-chinh,ke-toan-tai-chinh-kiem-toan
4009,kinh-doanh-ban-hang,kinh-doanh-ban-hang-tong-hop
4010,giao-duc-dao-tao,giao-duc-giang-day
4011,marketing-truyen-thong,marketing-truyen-thong-pr
4012,,
4013,san-xuat-qa-qc,san-xuat-quan-ly
4014,san-xuat-qa-qc,san-xuat-thuc-pham
4015,nhan-su-hanh-chinh,nhan-su-thu-ky-tro-ly
4016,kinh-doanh-ban-hang,kinh-doanh-ban-hang-tong-hop
4017,ke-toan-tai-chinh,ke-toan-tai-chinh-kiem-toan
4018,marketing-truyen-thong,marketing-truyen-thong-pr
4019,,
4020,khach-san-nha-hang-du-lich,khach-san-du-lich-le-hanh
4021,marketing-truyen-thong,marketing-truyen-thong-pr
4022,nhan-su-hanh-chinh,nhan-su-hanh-chinh-van-phong
4023,marketing-truyen-thong,marketing-truyen-thong-pr
4024,dien-dien-tu-vien-thong,dien-dien-tu-dien-lanh
4025,kinh-doanh-ban-hang,kinh-doanh-ban-hang-tong-hop
4026,cntt,cntt-phat-trien-phan-mem
4027,khach-san-nha-hang-du-lich,khach-san-khach-san
4028,ke-toan-tai-chinh,ke-toan-tai-chinh-kiem-toan
4029,,
4030,,
4031,khach-san-nha-hang-du-lich,khach-san-du-lich-le-hanh
4032,marketing-truyen-thong,marketing-truyen-thong-pr
4033,kinh-doanh-ban-hang,kinh-doanh-ban-hang-tong-hop
4034,kinh-doanh-ban-hang,kinh-doanh-ban-hang-tong-hop
4035,ke-toan-tai-chinh,ke-toan-tai-chinh-bao-hiem
4036,thiet-ke-kien-truc,thiet-ke-do-hoa
4037,kinh-doanh-ban-hang,kinh-doanh-ban-hang-tong-hop
4038,ke-toan-tai-chinh,ke-toan-tai-chinh-kiem-toan
4039,kinh-doanh-ban-hang,kinh-doanh-ban-hang-tong-hop
4040,dien-dien-tu-vien-thong,dien-dien-tu-dien-lanh
4041,,
4042,cntt,cntt-phat-trien-phan-mem
4043,giao-duc-dao-tao,giao-duc-giang-day
4044,cntt,cntt-phat-trien-phan-mem
4045,giao-duc-dao-tao,giao-duc-giang-day
4046,kinh-doanh-ban-hang,kinh-doanh-ban-hang-tong-hop
4047,thiet-ke-kien-truc,thiet-ke-do-hoa
4048,kinh-doanh-ban-hang,kinh-doanh-ban-hang-tong-hop
4049,kinh-doanh-ban-hang,kinh-doanh-ban-hang-tong-hop
4050,giao-duc-dao-tao,giao-duc-giang-day
4051,kinh-doanh-ban-hang,kinh-doanh-ban-hang-tong-hop
4052,marketing-truyen-thong,marketing-bien-phien-dich
4053,ke-toan-tai-chinh,ke-toan-tai-chinh-kiem-toan
4054,khach-san-nha-hang-du-lich,khach-san-du-lich-le-hanh
4055,,
4056,ke-toan-tai-chinh,ke-toan-tai-chinh-bao-hiem
4057,khach-san-nha-hang-du-lich,khach-san-khach-san
4058,nhan-su-hanh-chinh,nhan-su-thu-ky-tro-ly
4059,marketing-truyen-thong,marketing-truyen-thong-pr
4060,nhan-su-hanh-chinh,nhan-su-tuyen-dung-cb
4061,dien-dien-tu-vien-thong,dien-dien-tu-vien-thong-vt
4062,,
4063,,
4064,ke-toan-tai-chinh,ke-toan-tai-chinh-ngan-hang
4065,giao-duc-dao-tao,giao-duc-giang-day
4066,marketing-truyen-thong,marketing-truyen-thong-pr
4067,,
4068,ke-toan-tai-chinh,ke-toan-tai-chinh-bao-hiem
4069,ke-toan-tai-chinh,ke-toan-tai-chinh-kiem-toan
4070,ke-toan-tai-chinh,ke-toan-tai-chinh-kiem-toan
4071,kinh-doanh-ban-hang,kinh-doanh-ban-hang-tong-hop
4072,ke-toan-tai-chinh,ke-toan-tai-chinh-bao-hiem
4073,kinh-doanh-ban-hang,kinh-doanh-ban-hang-tong-hop
4074,cntt,cntt-phat-trien-phan-mem
4075,kinh-doanh-ban-hang,kinh-doanh-ban-hang-tong-hop
4076,,
4077,,
4078,thiet-ke-kien-truc,thiet-ke-kien-truc-kien-truc
4079,cntt,cntt-phat-trien-phan-mem
4080,marketing-truyen-thong,marketing-truyen-thong-pr
4081,ke-toan-tai-chinh,ke-toan-tai-chinh-kiem-toan
4082,nhan-su-hanh-chinh,nhan-su-hanh-chinh-van-phong
4083,dich-vu-khach-hang,dich-vu-khach-hang-cskh
4084,ke-toan-tai-chinh,ke-toan-tai-chinh-chung-khoan
4085,dich-vu-khach-hang,dich-vu-khach-hang-cskh
4086,cntt,cntt-phat-trien-phan-mem
4087,ke-toan-tai-chinh,ke-toan-tai-chinh-kiem-toan
4088,thiet-ke-kien-truc,thiet-ke-do-hoa
4089,ke-toan-tai-chinh,ke-toan-tai-chinh-kiem-toan
4090,cntt,cntt-phat-trien-phan-mem
4091,cntt,cntt-phat-trien-phan-mem
4092,dien-dien-tu-vien-thong,dien-dien-tu-dien-lanh
4093,marketing-truyen-thong,marketing-truyen-thong-pr
4094,,
4095,kinh-doanh-ban-hang,kinh-doanh-ban-hang-tong-hop
4096,kinh-doanh-ban-hang,kinh-doanh-ban-hang-tong-hop
4097,cntt,cntt-phat-trien-phan-mem
4098,kinh-doanh-ban-hang,kinh-doanh-ban-hang-tong-hop
4099,dich-vu-khach-hang,dich-vu-khach-hang-cskh
4100,ke-toan-tai-chinh,ke-toan-tai-chinh-bao-hiem
4101,san-xuat-qa-qc,san-xuat-my-pham
4102,ke-toan-tai-chinh,ke-toan-tai-chinh-bao-hiem
4103,,
4104,nhan-su-hanh-chinh,nhan-su-tuyen-dung-cb
4105,,
4106,kinh-doanh-ban-hang,kinh-doanh-ban-hang-tong-hop
4107,kinh-doanh-ban-hang,kinh-doanh-ban-hang-tong-hop
4108,ke-toan-tai-chinh,ke-toan-tai-chinh-bao-hiem
4109,ke-toan-tai-chinh,ke-toan-tai-chinh-bao-hiem
4110,nhan-su-hanh-chinh,nhan-su-phap-ly-phap-che
4111,khach-san-nha-hang-du-lich,khach-san-du-lich-le-hanh
4112,ke-toan-tai-chinh,ke-toan-tai-chinh-kiem-toan
4113,nhan-su-hanh-chinh,nhan-su-hanh-chinh-van-phong
4114,ke-toan-tai-chinh,ke-toan-tai-chinh-tai-chinh
4115,marketing-truyen-thong,marketing-truyen-thong-pr
4116,cntt,cntt-phat-trien-phan-mem
4117,cntt,cntt-phat-trien-phan-mem
4118,kinh-doanh-ban-hang,kinh-doanh-ban-hang-tong-hop
4119,cntt,cntt-phat-trien-phan-mem
4120,ke-toan-tai-chinh,ke-toan-tai-chinh-kiem-toan
4121,kinh-doanh-ban-hang,kinh-doanh-ban-hang-tong-hop
4122,giao-duc-dao-tao,giao-duc-giang-day
4123,y-te-duoc,y-te-duoc-y-te
4124,cntt,cntt-phat-trien-phan-mem
4125,van-tai-logistics,van-tai-logistics-kho-van
4126,kinh-doanh-ban-hang,kinh-doanh-ban-hang-tong-hop
4127,ke-toan-tai-chinh,ke-toan-tai-chinh-ngan-hang
4128,kinh-doanh-ban-hang,kinh-doanh-ban-hang-tong-hop
4129,kinh-doanh-ban-hang,kinh-doanh-ban-hang-tong-hop
4130,nhan-su-hanh-chinh,nhan-su-tuyen-dung-cb
4131,cntt,cntt-phat-trien-phan-mem
4132,marketing-truyen-thong,marketing-truyen-thong-pr
4133,cntt,cntt-phat-trien-phan-mem
4134,,
4135,nhan-su-hanh-chinh,nhan-su-hanh-chinh-van-phong
4136,y-te-duoc,y-te-duoc-y-te
4137,marketing-truyen-thong,marketing-bao-chi-truyen-hinh
4138,kinh-doanh-ban-hang,kinh-doanh-ban-hang-tong-hop
4139,ke-toan-tai-chinh,ke-toan-tai-chinh-ngan-hang
4140,cntt,cntt-phat-trien-phan-mem
4141,san-xuat-qa-qc,san-xuat-thuc-pham
4142,khach-san-nha-hang-du-lich,khach-san-khach-san
4143,cntt,cntt-phat-trien-phan-mem
4144,xay-dung,xay-dung-ky-su
4145,khach-san-nha-hang-du-lich,khach-san-khach-san
4146,,
4147,ke-toan-tai-chinh,ke-toan-tai-chinh-kiem-toan
4148,san-xuat-qa-qc,san-xuat-qa-qc-qa-qc
4149,,
4150,dien-dien-tu-vien-thong,dien-dien-tu-dien-lanh
4151,cntt,cntt-phat-trien-phan-mem
4152,san-xuat-qa-qc,san-xuat-quan-ly
4153,ke-toan-tai-chinh,ke-toan-tai-chinh-kiem-toan
4154,nhan-su-hanh-chinh,nhan-su-hanh-chinh-van-phong
4155,kinh-doanh-ban-hang,kinh-doanh-ban-hang-tong-hop
4156,co-khi-che-tao,co-khi-tu-dong-hoa
4157,bat-dong-san,bat-dong-san-moi-gioi
4158,ke-toan-tai-chinh,ke-toan-tai-chinh-kiem-toan
4159,dien-dien-tu-vien-thong,dien-dien-tu-dien-lanh
4160,nhan-su-hanh-chinh,nhan-su-phap-ly-phap-che
4161,ke-toan-tai-chinh,ke-toan-tai-chinh-kiem-toan
4162,cntt,cntt-phat-trien-phan-mem
4163,cntt,cntt-phat-trien-phan-mem
4164,,
4165,y-te-duoc,y-te-duoc-y-te
4166,kinh-doanh-ban-hang,kinh-doanh-ban-hang-tong-hop
4167,dich-vu-khach-hang,dich-vu-khach-hang-cskh
4168,y-te-duoc,y-te-duoc-y-te
4169,,
4170,kinh-doanh-ban-hang,kinh-doanh-ban-hang-tong-hop
4171,kinh-doanh-ban-hang,kinh-doanh-ban-hang-tong-hop
4172,giao-duc-dao-tao,giao-duc-giang-day
4173,san-xuat-qa-qc,san-xuat-det-may
4174,y-te-duoc,y-te-duoc-y-te
4175,nhan-su-hanh-chinh,nhan-su-hanh-chinh-van-phong
4176,cntt,cntt-phat-trien-phan-mem
4177,san-xuat-qa-qc,san-xuat-thuc-pham
4178,nhan-su-hanh-chinh,nhan-su-hanh-chinh-van-phong
4179,cntt,cntt-phan-cung-mang
4180,kinh-doanh-ban-hang,kinh-doanh-ban-hang-tong-hop
4181,marketing-truyen-thong,marketing-truyen-thong-pr
4182,cntt,cntt-phat-trien-phan-mem
4183,dich-vu-khach-hang,dich-vu-khach-hang-cskh
4184,cntt,cntt-phan-cung-mang
4185,thiet-ke-kien-truc,thiet-ke-do-hoa
4186,marketing-truyen-thong,marketing-truyen-thong-pr
4187,cntt,cntt-phat-trien-phan-mem
4188,y-te-duoc,y-te-duoc-y-te
4189,khach-san-nha-hang-du-lich,khach-san-spa-lam-dep
4190,kinh-doanh-ban-hang,kinh-doanh-ban-hang-tong-hop
4191,marketing-truyen-thong,marketing-truyen-thong-pr
4192,ke-toan-tai-chinh,ke-toan-tai-chinh-kiem-toan
4193,kinh-doanh-ban-hang,kinh-doanh-ban-hang-tong-hop
4194,kinh-doanh-ban-hang,kinh-doanh-ban-hang-tong-hop
4195,cntt,cntt-phat-trien-phan-mem
4196,,
4197,,
4198,cntt,cntt-phat-trien-phan-mem
4199,y-te-duoc,y-te-duoc-y-te
4200,marketing-truyen-thong,marketing-truyen-thong-pr
4201,y-te-duoc,y-te-duoc-y-te
4202,dien-dien-tu-vien-thong,dien-dien-tu-dien-lanh
4203,thiet-ke-kien-truc,thiet-ke-do-hoa
4204,,
4205,cntt,cntt-phat-trien-phan-mem
4206,kinh-doanh-ban-hang,kinh-doanh-ban-hang-tong-hop
4207,marketing-truyen-thong,marketing-truyen-thong-pr
4208,giao-duc-dao-tao,giao-duc-giang-day
4209,ke-toan-tai-chinh,ke-toan-tai-chinh-kiem-toan
4210,ke-toan-tai-chinh,ke-toan-tai-chinh-tai-chinh
4211,khach-san-nha-hang-du-lich,khach-san-khach-san
4212,kinh-doanh-ban-hang,kinh-doanh-ban-hang-tong-hop
4213,khach-san-nha-hang-du-lich,khach-san-spa-lam-dep
4214,khach-san-nha-hang-du-lich,khach-san-khach-san
4215,giao-duc-dao-tao,giao-duc-giang-day
4216,khach-san-nha-hang-du-lich,khach-san-khach-san
4217,san-xuat-qa-qc,san-xuat-det-may
4218,,
4219,giao-duc-dao-tao,giao-duc-giang-day
4220,kinh-doanh-ban-hang,kinh-doanh-ban-hang-tong-hop
4221,nhan-su-hanh-chinh,nhan-su-tuyen-dung-cb
4222,xay-dung,xay-dung-ky-su
4223,marketing-truyen-thong,marketing-truyen-thong-pr
4224,cntt,cntt-phan-cung-mang
4225,ke-toan-tai-chinh,ke-toan-tai-chinh-kiem-toan
4226,kinh-doanh-ban-hang,kinh-doanh-ban-hang-tong-hop
4227,nhan-su-hanh-chinh,nhan-su-hanh-chinh-van-phong
4228,san-xuat-qa-qc,san-xuat-thuc-pham
4229,marketing-truyen-thong,marketing-bien-phien-dich
4230,,
4231,,
4232,ke-toan-tai-chinh,ke-toan-tai-chinh-kiem-toan
4233,marketing-truyen-thong,marketing-truyen-thong-pr
4234,y-te-duoc,y-te-duoc-y-te
4235,bat-dong-san,bat-dong-san-moi-gioi
4236,giao-duc-dao-tao,giao-duc-giang-day
4237,giao-duc-dao-tao,giao-duc-giang-day
4238,dich-vu-khach-hang,dich-vu-khach-hang-cskh
4239,san-xuat-qa-qc,san-xuat-quan-ly
4240,kinh-doanh-ban-hang,kinh-doanh-ban-hang-tong-hop
4241,van-tai-logistics,van-tai-xuat-nhap-khau
4242,,
4243,marketing-truyen-thong,marketing-truyen-thong-pr
4244,khach-san-nha-hang-du-lich,khach-san-khach-san
4245,,
4246,kinh-doanh-ban-hang,kinh-doanh-ban-hang-tong-hop
4247,giao-duc-dao-tao,giao-duc-giang-day
4248,,
4249,ke-toan-tai-chinh,ke-toan-tai-chinh-bao-hiem
4250,nhan-su-hanh-chinh,nhan-su-hanh-chinh-van-phong
4251,nhan-su-hanh-chinh,nhan-su-thu-ky-tro-ly
4252,marketing-truyen-thong,marketing-truyen-thong-pr
4253,y-te-duoc,y-te-duoc-y-te
4254,,
4255,y-te-duoc,y-te-duoc-y-te
4256,,
4257,giao-duc-dao-tao,giao-duc-giang-day
4258,,
4259,dien-dien-tu-vien-thong,dien-dien-tu-vien-thong-vt
4260,cntt,cntt-phan-cung-mang
4261,giao-duc-dao-tao,giao-duc-giang-day
4262,van-tai-logistics,van-tai-logistics-kho-van
4263,kinh-doanh-ban-hang,kinh-doanh-ban-hang-tong-hop
4264,,
4265,giao-duc-dao-tao,giao-duc-giang-day
4266,,
4267,y-te-duoc,y-te-duoc-y-te
4268,ke-toan-tai-chinh,ke-toan-tai-chinh-kiem-toan
4269,ke-toan-tai-chinh,ke-toan-tai-chinh-ngan-hang
4270,cntt,cntt-phat-trien-phan-mem
4271,ke-toan-tai-chinh,ke-toan-tai-chinh-kiem-toan
4272,cntt,cntt-phat-trien-phan-mem
4273,,
4274,san-xuat-qa-qc,san-xuat-qa-qc-qa-qc
4275,cntt,cntt-phat-trien-phan-mem
4276,marketing-truyen-thong,marketing-truyen-thong-pr
4277,marketing-truyen-thong,marketing-truyen-thong-pr
4278,,
4279,,
4280,cntt,cntt-phan-cung-mang
4281,cntt,cntt-phat-trien-phan-mem
4282,ke-toan-tai-chinh,ke-toan-tai-chinh-bao-hiem
4283,,
4284,nhan-su-hanh-chinh,nhan-su-hanh-chinh-van-phong
4285,san-xuat-qa-qc,san-xuat-thuc-pham
4286,,
4287,cntt,cntt-phat-trien-phan-mem
4288,,
4289,dien-dien-tu-vien-thong,dien-dien-tu-dien-lanh
4290,co-khi-che-tao,co-khi-tu-dong-hoa
4291,van-tai-logistics,van-tai-logistics-kho-van
4292,nhan-su-hanh-chinh,nhan-su-tuyen-dung-cb
4293,,
4294,nhan-su-hanh-chinh,nhan-su-thu-ky-tro-ly
4295,marketing-truyen-thong,marketing-truyen-thong-pr
4296,cntt,cntt-phat-trien-phan-mem
4297,cntt,cntt-phat-trien-phan-mem
4298,khach-san-nha-hang-du-lich,khach-san-spa-lam-dep
4299,kinh-doanh-ban-hang,kinh-doanh-ban-hang-tong-hop
4300,dien-dien-tu-vien-thong,dien-dien-tu-dien-lanh
4301,,
4302,marketing-truyen-thong,marketing-truyen-thong-pr
4303,kinh-doanh-ban-hang,kinh-doanh-ban-hang-ban-le-si
4304,giao-duc-dao-tao,giao-duc-giang-day
4305,y-te-duoc,y-te-duoc-y-te
4306,marketing-truyen-thong,marketing-truyen-thong-pr
4307,,
4308,cntt,cntt-phat-trien-phan-mem
4309,,
4310,marketing-truyen-thong,marketing-truyen-thong-pr
4311,nhan-su-hanh-chinh,nhan-su-hanh-chinh-van-phong
4312,dich-vu-khach-hang,dich-vu-khach-hang-cskh
4313,bat-dong-san,bat-dong-san-moi-gioi
4314,cntt,cntt-phat-trien-phan-mem
4315,san-xuat-qa-qc,san-xuat-qa-qc-qa-qc
4316,dien-dien-tu-vien-thong,dien-dien-tu-dien-lanh
4317,thiet-ke-kien-truc,thiet-ke-noi-that
4318,cntt,cntt-phat-trien-phan-mem
4319,san-xuat-qa-qc,san-xuat-quan-ly
4320,nhan-su-hanh-chinh,nhan-su-hanh-chinh-van-phong
4321,bat-dong-san,bat-dong-san-moi-gioi
4322,ke-toan-tai-chinh,ke-toan-tai-chinh-kiem-toan
4323,giao-duc-dao-tao,giao-duc-giang-day
4324,san-xuat-qa-qc,san-xuat-qa-qc-qa-qc
4325,dich-vu-khach-hang,dich-vu-khach-hang-cskh
4326,,
4327,cntt,cntt-phat-trien-phan-mem
4328,xay-dung,xay-dung-ky-su
4329,kinh-doanh-ban-hang,kinh-doanh-ban-hang-tong-hop
4330,dich-vu-khach-hang,dich-vu-khach-hang-cskh
4331,kinh-doanh-ban-hang,kinh-doanh-ban-hang-tong-hop
4332,nhan-su-hanh-chinh,nhan-su-tuyen-dung-cb
4333,thiet-ke-kien-truc,thiet-ke-do-hoa
4334,dich-vu-khach-hang,dich-vu-khach-hang-cskh
4335,,
4336,kinh-doanh-ban-hang,kinh-doanh-ban-hang-tong-hop
4337,cntt,cntt-phat-trien-phan-mem
4338,cntt,cntt-phan-cung-mang
4339,ke-toan-tai-chinh,ke-toan-tai-chinh-ngan-hang
4340,y-te-duoc,y-te-duoc-y-te
4341,khach-san-nha-hang-du-lich,khach-san-du-lich-le-hanh
4342,ke-toan-tai-chinh,ke-toan-tai-chinh-bao-hiem
4343,ke-toan-tai-chinh,ke-toan-tai-chinh-kiem-toan
4344,ke-toan-tai-chinh,ke-toan-tai-chinh-ngan-hang
4345,nhan-su-hanh-chinh,nhan-su-phap-ly-phap-che
4346,,
4347,,
4348,nhan-su-hanh-chinh,nhan-su-tuyen-dung-cb
4349,nhan-su-hanh-chinh,nhan-su-thu-ky-tro-ly
4350,kinh-doanh-ban-hang,kinh-doanh-ban-hang-tong-hop
4351,,
4352,san-xuat-qa-qc,san-xuat-quan-ly
4353,van-tai-logistics,van-tai-logistics-kho-van
4354,,
4355,dien-dien-tu-vien-thong,dien-dien-tu-dien-lanh
4356,ke-toan-tai-chinh,ke-toan-tai-chinh-ngan-hang
4357,san-xuat-qa-qc,san-xuat-quan-ly
4358,marketing-truyen-thong,marketing-truyen-thong-pr
4359,cntt,cntt-phat-trien-phan-mem
4360,nhan-su-hanh-chinh,nhan-su-hanh-chinh-van-phong
4361,ke-toan-tai-chinh,ke-toan-tai-chinh-kiem-toan
4362,kinh-doanh-ban-hang,kinh-doanh-ban-hang-tong-hop
4363,marketing-truyen-thong,marketing-truyen-thong-pr
4364,xay-dung,xay-dung-ky-su
4365,cntt,cntt-phat-trien-phan-mem
4366,cntt,cntt-phat-trien-phan-mem
4367,cntt,cntt-phat-trien-phan-mem
4368,,
4369,kinh-doanh-ban-hang,kinh-doanh-ban-hang-tong-hop
4370,co-khi-che-tao,co-khi-tu-dong-hoa
4371,,
4372,bat-dong-san,bat-dong-san-moi-gioi
4373,kinh-doanh-ban-hang,kinh-doanh-ban-hang-tong-hop
4374,co-khi-che-tao,co-khi-tu-dong-hoa
4375,giao-duc-dao-tao,giao-duc-giang-day
4376,cntt,cntt-phat-trien-phan-mem
4377,bat-dong-san,bat-dong-san-moi-gioi
4378,kinh-doanh-ban-hang,kinh-doanh-ban-hang-tong-hop
4379,,
4380,dien-dien-tu-vien-thong,dien-dien-tu-dien-lanh
4381,kinh-doanh-ban-hang,kinh-doanh-ban-hang-tong-hop
4382,kinh-doanh-ban-hang,kinh-doanh-ban-hang-tong-hop
4383,san-xuat-qa-qc,san-xuat-nong-nghiep
4384,co-khi-che-tao,co-khi-tu-dong-hoa
4385,co-khi-che-tao,co-khi-tu-dong-hoa
4386,xay-dung,xay-dung-ky-su
4387,y-te-duoc,y-te-duoc-y-te
4388,cntt,cntt-phat-trien-phan-mem
4389,dich-vu-khach-hang,dich-vu-khach-hang-cskh
4390,marketing-truyen-thong,marketing-truyen-thong-pr
4391,khach-san-nha-hang-du-lich,khach-san-khach-san
4392,cntt,cntt-phat-trien-phan-mem
4393,marketing-truyen-thong,marketing-truyen-thong-pr
4394,giao-duc-dao-tao,giao-duc-giang-day
4395,kinh-doanh-ban-hang,kinh-doanh-ban-hang-tong-hop
4396,,
4397,cntt,cntt-phat-trien-phan-mem
4398,ke-toan-tai-chinh,ke-toan-tai-chinh-kiem-toan
4399,nhan-su-hanh-chinh,nhan-su-hanh-chinh-van-phong
4400,kinh-doanh-ban-hang,kinh-doanh-ban-hang-tong-hop
4401,giao-duc-dao-tao,giao-duc-giang-day
4402,ke-toan-tai-chinh,ke-toan-tai-chinh-ngan-hang
4403,nhan-su-hanh-chinh,nhan-su-hanh-chinh-van-phong
4404,cntt,cntt-phat-trien-phan-mem
4405,kinh-doanh-ban-hang,kinh-doanh-ban-hang-tong-hop
4406,marketing-truyen-thong,marketing-truyen-thong-pr
4407,,
4408,cntt,cntt-phat-trien-phan-mem
4409,thiet-ke-kien-truc,thiet-ke-kien-truc-kien-truc
4410,ke-toan-tai-chinh,ke-toan-tai-chinh-kiem-toan
4411,thiet-ke-kien-truc,thiet-ke-do-hoa
4412,kinh-doanh-ban-hang,kinh-doanh-ban-hang-tong-hop
4413,cntt,cntt-phat-trien-phan-mem
4414,giao-duc-dao-tao,giao-duc-giang-day
4415,cntt,cntt-phat-trien-phan-mem
4416,giao-duc-dao-tao,giao-duc-giang-day
4417,marketing-truyen-thong,marketing-truyen-thong-pr
4418,cntt,cntt-phat-trien-phan-mem
4419,kinh-doanh-ban-hang,kinh-doanh-ban-hang-tong-hop
4420,,
4421,cntt,cntt-phat-trien-phan-mem
4422,cntt,cntt-phat-trien-phan-mem
4423,san-xuat-qa-qc,san-xuat-qa-qc-qa-qc
4424,cntt,cntt-phat-trien-phan-mem
4425,san-xuat-qa-qc,san-xuat-qa-qc-qa-qc
4426,cntt,cntt-phan-cung-mang
4427,ke-toan-tai-chinh,ke-toan-tai-chinh-tai-chinh
4428,ke-toan-tai-chinh,ke-toan-tai-chinh-bao-hiem
4429,giao-duc-dao-tao,giao-duc-giang-day
4430,kinh-doanh-ban-hang,kinh-doanh-ban-hang-tong-hop
4431,van-tai-logistics,van-tai-logistics-kho-van
4432,cntt,cntt-phan-cung-mang
4433,nhan-su-hanh-chinh,nhan-su-hanh-chinh-van-phong
4434,cntt,cntt-phan-cung-mang
4435,kinh-doanh-ban-hang,kinh-doanh-ban-hang-tong-hop
4436,cntt,cntt-phat-trien-phan-mem
4437,kinh-doanh-ban-hang,kinh-doanh-ban-hang-tong-hop
4438,nhan-su-hanh-chinh,nhan-su-thu-ky-tro-ly
4439,giao-duc-dao-tao,giao-duc-giang-day
4440,marketing-truyen-thong,marketing-truyen-thong-pr
4441,ke-toan-tai-chinh,ke-toan-tai-chinh-kiem-toan
4442,,
4443,co-khi-che-tao,co-khi-tu-dong-hoa
4444,giao-duc-dao-tao,giao-duc-giang-day
4445,cntt,cntt-phan-cung-mang
4446,ke-toan-tai-chinh,ke-toan-tai-chinh-kiem-toan
4447,marketing-truyen-thong,marketing-truyen-thong-pr
4448,kinh-doanh-ban-hang,kinh-doanh-ban-hang-tong-hop
4449,kinh-doanh-ban-hang,kinh-doanh-ban-hang-tong-hop
4450,nhan-su-hanh-chinh,nhan-su-phap-ly-phap-che
4451,cntt,cntt-phat-trien-phan-mem
4452,kinh-doanh-ban-hang,kinh-doanh-ban-hang-ban-hang
4453,van-tai-logistics,van-tai-logistics-kho-van
4454,kinh-doanh-ban-hang,kinh-doanh-ban-hang-tong-hop
4455,kinh-doanh-ban-hang,kinh-doanh-ban-hang-tong-hop
4456,thiet-ke-kien-truc,thiet-ke-my-thuat
4457,cntt,cntt-phat-trien-phan-mem
4458,ke-toan-tai-chinh,ke-toan-tai-chinh-kiem-toan
4459,ke-toan-tai-chinh,ke-toan-tai-chinh-chung-khoan
4460,nhan-su-hanh-chinh,nhan-su-hanh-chinh-van-phong
4461,cntt,cntt-phat-trien-phan-mem
4462,dien-dien-tu-vien-thong,dien-dien-tu-dien-lanh
4463,kinh-doanh-ban-hang,kinh-doanh-ban-hang-tong-hop
4464,san-xuat-qa-qc,san-xuat-thuc-pham
4465,marketing-truyen-thong,marketing-bao-chi-truyen-hinh
4466,ke-toan-tai-chinh,ke-toan-tai-chinh-bao-hiem
4467,,
4468,van-tai-logistics,van-tai-logistics-kho-van
4469,cntt,cntt-phat-trien-phan-mem
4470,nhan-su-hanh-chinh,nhan-su-hanh-chinh-van-phong
4471,giao-duc-dao-tao,giao-duc-giang-day
4472,kinh-doanh-ban-hang,kinh-doanh-ban-hang-tong-hop
4473,marketing-truyen-thong,marketing-truyen-thong-pr
4474,thiet-ke-kien-truc,thiet-ke-do-hoa
4475,marketing-truyen-thong,marketing-truyen-thong-pr
4476,thiet-ke-kien-truc,thiet-ke-do-hoa
4477,,
4478,dien-dien-tu-vien-thong,dien-dien-tu-vien-thong-vt
4479,nhan-su-hanh-chinh,nhan-su-tuyen-dung-cb
4480,ke-toan-tai-chinh,ke-toan-tai-chinh-bao-hiem
4481,kinh-doanh-ban-hang,kinh-doanh-ban-hang-tong-hop
4482,kinh-doanh-ban-hang,kinh-doanh-ban-hang-tong-hop
4483,giao-duc-dao-tao,giao-duc-giang-day
4484,ke-toan-tai-chinh,ke-toan-tai-chinh-kiem-toan
4485,kinh-doanh-ban-hang,kinh-doanh-ban-hang-tong-hop
4486,marketing-truyen-thong,marketing-bien-phien-dich
4487,kinh-doanh-ban-hang,kinh-doanh-ban-hang-tong-hop
4488,,
4489,khach-san-nha-hang-du-lich,khach-san-khach-san
4490,marketing-truyen-thong,marketing-bien-phien-dich
4491,kinh-doanh-ban-hang,kinh-doanh-ban-hang-tong-hop
4492,marketing-truyen-thong,marketing-truyen-thong-pr
4493,kinh-doanh-ban-hang,kinh-doanh-ban-hang-tong-hop
4494,cntt,cntt-phat-trien-phan-mem
4495,,
4496,nhan-su-hanh-chinh,nhan-su-hanh-chinh-van-phong
4497,kinh-doanh-ban-hang,kinh-doanh-ban-hang-tong-hop
4498,ke-toan-tai-chinh,ke-toan-tai-chinh-kiem-toan
4499,dien-dien-tu-vien-thong,dien-dien-tu-vien-thong-vt
4500,nhan-su-hanh-chinh,nhan-su-hanh-chinh-van-phong
4501,kinh-doanh-ban-hang,kinh-doanh-ban-hang-ban-le-si
4502,xay-dung,xay-dung-ky-su
4503,,
4504,,
4505,kinh-doanh-ban-hang,kinh-doanh-ban-hang-tong-hop
4506,kinh-doanh-ban-hang,kinh-doanh-ban-hang-tong-hop
4507,kinh-doanh-ban-hang,kinh-doanh-ban-hang-tong-hop
4508,kinh-doanh-ban-hang,kinh-doanh-ban-hang-tong-hop
4509,cntt,cntt-phat-trien-phan-mem
4510,cntt,cntt-phat-trien-phan-mem
4511,kinh-doanh-ban-hang,kinh-doanh-ban-hang-tong-hop
4512,cntt,cntt-phat-trien-phan-mem
4513,,
4514,nhan-su-hanh-chinh,nhan-su-tuyen-dung-cb
4515,kinh-doanh-ban-hang,kinh-doanh-ban-hang-ban-hang
4516,nhan-su-hanh-chinh,nhan-su-hanh-chinh-van-phong
4517,marketing-truyen-thong,marketing-truyen-thong-pr
4518,giao-duc-dao-tao,giao-duc-giang-day
4519,cntt,cntt-phat-trien-phan-mem
4520,kinh-doanh-ban-hang,kinh-doanh-ban-hang-ban-le-si
4521,kinh-doanh-ban-hang,kinh-doanh-ban-hang-tong-hop
4522,y-te-duoc,y-te-duoc-y-te
4523,san-xuat-qa-qc,san-xuat-thuc-pham
4524,kinh-doanh-ban-hang,kinh-doanh-ban-hang-tong-hop
4525,,
4526,san-xuat-qa-qc,san-xuat-qa-qc-qa-qc
4527,,
4528,marketing-truyen-thong,marketing-truyen-thong-pr
4529,kinh-doanh-ban-hang,kinh-doanh-ban-hang-tong-hop
4530,kinh-doanh-ban-hang,kinh-doanh-ban-hang-tong-hop
4531,,
4532,thiet-ke-kien-truc,thiet-ke-noi-that
4533,,
4534,cntt,cntt-phat-trien-phan-mem
4535,marketing-truyen-thong,marketing-truyen-thong-pr
4536,bat-dong-san,bat-dong-san-moi-gioi
4537,ke-toan-tai-chinh,ke-toan-tai-chinh-kiem-toan
4538,van-tai-logistics,van-tai-logistics-kho-van
4539,marketing-truyen-thong,marketing-truyen-thong-pr
4540,,
4541,dien-dien-tu-vien-thong,dien-dien-tu-dien-lanh
4542,,
4543,marketing-truyen-thong,marketing-truyen-thong-pr
4544,ke-toan-tai-chinh,ke-toan-tai-chinh-kiem-toan
4545,nhan-su-hanh-chinh,nhan-su-hanh-chinh-van-phong
4546,ke-toan-tai-chinh,ke-toan-tai-chinh-bao-hiem
4547,ke-toan-tai-chinh,ke-toan-tai-chinh-ngan-hang
4548,kinh-doanh-ban-hang,kinh-doanh-ban-hang-tong-hop
4549,cntt,cntt-phat-trien-phan-mem
4550,san-xuat-qa-qc,san-xuat-moi-truong
4551,giao-duc-dao-tao,giao-duc-giang-day
4552,cntt,cntt-phat-trien-phan-mem
4553,ke-toan-tai-chinh,ke-toan-tai-chinh-kiem-toan
4554,kinh-doanh-ban-hang,kinh-doanh-ban-hang-tong-hop
4555,cntt,cntt-phat-trien-phan-mem
4556,thiet-ke-kien-truc,thiet-ke-do-hoa
4557,marketing-truyen-thong,marketing-truyen-thong-pr
4558,,
4559,,
4560,marketing-truyen-thong,marketing-truyen-thong-pr
4561,san-xuat-qa-qc,san-xuat-my-pham
4562,marketing-truyen-thong,marketing-truyen-thong-pr
4563,marketing-truyen-thong,marketing-truyen-thong-pr
4564,ke-toan-tai-chinh,ke-toan-tai-chinh-kiem-toan
4565,san-xuat-qa-qc,san-xuat-qa-qc-qa-qc
4566,kinh-doanh-ban-hang,kinh-doanh-ban-hang-tong-hop
4567,san-xuat-qa-qc,san-xuat-quan-ly
4568,cntt,cntt-phat-trien-phan-mem
4569,cntt,cntt-phat-trien-phan-mem
4570,kinh-doanh-ban-hang,kinh-doanh-ban-hang-tong-hop
4571,dien-dien-tu-vien-thong,dien-dien-tu-dien-lanh
4572,cntt,cntt-phat-trien-phan-mem
4573,nhan-su-hanh-chinh,nhan-su-phap-ly-phap-che
4574,bat-dong-san,bat-dong-san-moi-gioi
4575,ke-toan-tai-chinh,ke-toan-tai-chinh-chung-khoan
4576,san-xuat-qa-qc,san-xuat-qa-qc-qa-qc
4577,kinh-doanh-ban-hang,kinh-doanh-ban-hang-tong-hop
4578,,
4579,ke-toan-tai-chinh,ke-toan-tai-chinh-kiem-toan
4580,khach-san-nha-hang-du-lich,khach-san-spa-lam-dep
4581,,
4582,kinh-doanh-ban-hang,kinh-doanh-ban-hang-tong-hop
4583,co-khi-che-tao,co-khi-o-to
4584,giao-duc-dao-tao,giao-duc-giang-day
4585,kinh-doanh-ban-hang,kinh-doanh-ban-hang-tong-hop
4586,kinh-doanh-ban-hang,kinh-doanh-ban-hang-tong-hop
4587,nhan-su-hanh-chinh,nhan-su-tuyen-dung-cb
4588,kinh-doanh-ban-hang,kinh-doanh-ban-hang-tong-hop
4589,y-te-duoc,y-te-duoc-duoc-pham
4590,kinh-doanh-ban-hang,kinh-doanh-ban-hang-tong-hop
4591,khach-san-nha-hang-du-lich,khach-san-khach-san
4592,kinh-doanh-ban-hang,kinh-doanh-ban-hang-tong-hop
4593,kinh-doanh-ban-hang,kinh-doanh-ban-hang-tong-hop
4594,marketing-truyen-thong,marketing-truyen-thong-pr
4595,marketing-truyen-thong,marketing-truyen-thong-pr
4596,san-xuat-qa-qc,san-xuat-thuc-pham
4597,van-tai-logistics,van-tai-xuat-nhap-khau
4598,,
4599,cntt,cntt-phat-trien-phan-mem
4600,,
4601,marketing-truyen-thong,marketing-truyen-thong-pr
4602,cntt,cntt-phat-trien-phan-mem
4603,van-tai-logistics,van-tai-xuat-nhap-khau
4604,kinh-doanh-ban-hang,kinh-doanh-ban-hang-tong-hop
4605,marketing-truyen-thong,marketing-truyen-thong-pr
4606,dien-dien-tu-vien-thong,dien-dien-tu-dien-lanh
4607,,
4608,giao-duc-dao-tao,giao-duc-giang-day
4609,marketing-truyen-thong,marketing-bien-phien-dich
4610,dien-dien-tu-vien-thong,dien-dien-tu-vien-thong-vt
4611,kinh-doanh-ban-hang,kinh-doanh-ban-hang-tong-hop
4612,marketing-truyen-thong,marketing-truyen-thong-pr
4613,cntt,cntt-phat-trien-phan-mem
4614,ke-toan-tai-chinh,ke-toan-tai-chinh-ngan-hang
4615,dich-vu-khach-hang,dich-vu-khach-hang-cskh
4616,kinh-doanh-ban-hang,kinh-doanh-ban-hang-tong-hop
4617,,
4618,kinh-doanh-ban-hang,kinh-doanh-ban-hang-tong-hop
4619,,
4620,cntt,cntt-phat-trien-phan-mem
4621,xay-dung,xay-dung-ky-su
4622,van-tai-logistics,van-tai-xuat-nhap-khau
4623,thiet-ke-kien-truc,thiet-ke-do-hoa
4624,kinh-doanh-ban-hang,kinh-doanh-ban-hang-tong-hop
4625,kinh-doanh-ban-hang,kinh-doanh-ban-hang-ban-le-si
4626,cntt,cntt-phat-trien-phan-mem
4627,ke-toan-tai-chinh,ke-toan-tai-chinh-kiem-toan
4628,ke-toan-tai-chinh,ke-toan-tai-chinh-bao-hiem
4629,marketing-truyen-thong,marketing-truyen-thong-pr
4630,kinh-doanh-ban-hang,kinh-doanh-ban-hang-tong-hop
4631,kinh-doanh-ban-hang,kinh-doanh-ban-hang-tong-hop
4632,ke-toan-tai-chinh,ke-toan-tai-chinh-kiem-toan
4633,,
4634,,
4635,nhan-su-hanh-chinh,nhan-su-hanh-chinh-van-phong
4636,nhan-su-hanh-chinh,nhan-su-tuyen-dung-cb
4637,ke-toan-tai-chinh,ke-toan-tai-chinh-bao-hiem
4638,thiet-ke-kien-truc,thiet-ke-kien-truc-kien-truc
4639,cntt,cntt-phat-trien-phan-mem
4640,cntt,cntt-phat-trien-phan-mem
4641,marketing-truyen-thong,marketing-truyen-thong-pr
4642,cntt,cntt-phat-trien-phan-mem
4643,kinh-doanh-ban-hang,kinh-doanh-ban-hang-tong-hop
4644,co-khi-che-tao,co-khi-o-to
4645,ke-toan-tai-chinh,ke-toan-tai-chinh-kiem-toan
4646,kinh-doanh-ban-hang,kinh-doanh-ban-hang-ban-le-si
4647,cntt,cntt-phat-trien-phan-mem
4648,,
4649,,
4650,marketing-truyen-thong,marketing-truyen-thong-pr
4651,giao-duc-dao-tao,giao-duc-giang-day
4652,marketing-truyen-thong,marketing-bao-chi-truyen-hinh
4653,dien-dien-tu-vien-thong,dien-dien-tu-dien-lanh
4654,,
4655,kinh-doanh-ban-hang,kinh-doanh-ban-hang-tong-hop
4656,khach-san-nha-hang-du-lich,khach-san-khach-san
4657,san-xuat-qa-qc,san-xuat-quan-ly
4658,kinh-doanh-ban-hang,kinh-doanh-ban-hang-tong-hop
4659,marketing-truyen-thong,marketing-to-chuc-su-kien
4660,marketing-truyen-thong,marketing-truyen-thong-pr
4661,y-te-duoc,y-te-duoc-y-te
4662,nhan-su-hanh-chinh,nhan-su-tuyen-dung-cb
4663,marketing-truyen-thong,marketing-truyen-thong-pr
4664,marketing-truyen-thong,marketing-truyen-thong-pr
4665,y-te-duoc,y-te-duoc-y-te
4666,giao-duc-dao-tao,giao-duc-giang-day
4667,ke-toan-tai-chinh,ke-toan-tai-chinh-ngan-hang
4668,co-khi-che-tao,co-khi-tu-dong-hoa
4669,marketing-truyen-thong,marketing-bien-phien-dich
4670,ke-toan-tai-chinh,ke-toan-tai-chinh-bao-hiem
4671,y-te-duoc,y-te-duoc-y-te
4672,kinh-doanh-ban-hang,kinh-doanh-ban-hang-tong-hop
4673,cntt,cntt-phat-trien-phan-mem
4674,giao-duc-dao-tao,giao-duc-giang-day
4675,kinh-doanh-ban-hang,kinh-doanh-ban-hang-tong-hop
4676,kinh-doanh-ban-hang,kinh-doanh-ban-hang-tong-hop
4677,,
4678,kinh-doanh-ban-hang,kinh-doanh-ban-hang-tong-hop
4679,khach-san-nha-hang-du-lich,khach-san-du-lich-le-hanh
4680,,
4681,khach-san-nha-hang-du-lich,khach-san-khach-san
4682,nhan-su-hanh-chinh,nhan-su-thu-ky-tro-ly
4683,y-te-duoc,y-te-duoc-y-te
4684,khach-san-nha-hang-du-lich,khach-san-khach-san
4685,y-te-duoc,y-te-duoc-y-te
4686,ke-toan-tai-chinh,ke-toan-tai-chinh-kiem-toan
4687,marketing-truyen-thong,marketing-truyen-thong-pr
4688,ke-toan-tai-chinh,ke-toan-tai-chinh-kiem-toan
4689,cntt,cntt-phat-trien-phan-mem
4690,san-xuat-qa-qc,san-xuat-thuc-pham
4691,bat-dong-san,bat-dong-san-moi-gioi
4692,kinh-doanh-ban-hang,kinh-doanh-ban-hang-tong-hop
4693,bat-dong-san,bat-dong-san-moi-gioi
4694,,
4695,khach-san-nha-hang-du-lich,khach-san-du-lich-le-hanh
4696,kinh-doanh-ban-hang,kinh-doanh-ban-hang-tong-hop
4697,san-xuat-qa-qc,san-xuat-quan-ly
4698,kinh-doanh-ban-hang,kinh-doanh-ban-hang-tong-hop
4699,y-te-duoc,y-te-duoc-y-te
4700,khach-san-nha-hang-du-lich,khach-san-khach-san
4701,giao-duc-dao-tao,giao-duc-giang-day
4702,nhan-su-hanh-chinh,nhan-su-tuyen-dung-cb
4703,khach-san-nha-hang-du-lich,khach-san-khach-san
4704,kinh-doanh-ban-hang,kinh-doanh-ban-hang-tong-hop
4705,san-xuat-qa-qc,san-xuat-qa-qc-qa-qc
4706,marketing-truyen-thong,marketing-truyen-thong-pr
4707,kinh-doanh-ban-hang,kinh-doanh-ban-hang-tong-hop
4708,,
4709,cntt,cntt-phat-trien-phan-mem
4710,dich-vu-khach-hang,dich-vu-khach-hang-cskh
4711,ke-toan-tai-chinh,ke-toan-tai-chinh-tai-chinh
4712,kinh-doanh-ban-hang,kinh-doanh-ban-hang-tong-hop
4713,kinh-doanh-ban-hang,kinh-doanh-ban-hang-tong-hop
4714,kinh-doanh-ban-hang,kinh-doanh-ban-hang-tong-hop
4715,cntt,cntt-phat-trien-phan-mem
4716,y-te-duoc,y-te-duoc-y-te
4717,kinh-doanh-ban-hang,kinh-doanh-ban-hang-tong-hop
4718,,
4719,,
4720,,
4721,san-xuat-qa-qc,san-xuat-qa-qc-qa-qc
4722,cntt,cntt-phat-trien-phan-mem
4723,,
4724,cntt,cntt-phat-trien-phan-mem
4725,san-xuat-qa-qc,san-xuat-qa-qc-qa-qc
4726,kinh-doanh-ban-hang,kinh-doanh-ban-hang-tong-hop
4727,nhan-su-hanh-chinh,nhan-su-hanh-chinh-van-phong
4728,kinh-doanh-ban-hang,kinh-doanh-ban-hang-tong-hop
4729,nhan-su-hanh-chinh,nhan-su-tuyen-dung-cb
4730,kinh-doanh-ban-hang,kinh-doanh-ban-hang-tong-hop
4731,giao-duc-dao-tao,giao-duc-giang-day
4732,kinh-doanh-ban-hang,kinh-doanh-ban-hang-tong-hop
4733,,
4734,kinh-doanh-ban-hang,kinh-doanh-ban-hang-tong-hop
4735,thiet-ke-kien-truc,thiet-ke-do-hoa
4736,ke-toan-tai-chinh,ke-toan-tai-chinh-kiem-toan
4737,van-tai-logistics,van-tai-xuat-nhap-khau
4738,kinh-doanh-ban-hang,kinh-doanh-ban-hang-tong-hop
4739,nhan-su-hanh-chinh,nhan-su-thu-ky-tro-ly
4740,ke-toan-tai-chinh,ke-toan-tai-chinh-ngan-hang
4741,cntt,cntt-phat-trien-phan-mem
4742,co-khi-che-tao,co-khi-tu-dong-hoa
4743,kinh-doanh-ban-hang,kinh-doanh-ban-hang-tong-hop
4744,ke-toan-tai-chinh,ke-toan-tai-chinh-bao-hiem
4745,ke-toan-tai-chinh,ke-toan-tai-chinh-tai-chinh
4746,marketing-truyen-thong,marketing-truyen-thong-pr
4747,kinh-doanh-ban-hang,kinh-doanh-ban-hang-tong-hop
4748,ke-toan-tai-chinh,ke-toan-tai-chinh-kiem-toan
4749,dich-vu-khach-hang,dich-vu-khach-hang-cskh
4750,van-tai-logistics,van-tai-logistics-kho-van
4751,ke-toan-tai-chinh,ke-toan-tai-chinh-bao-hiem
4752,ke-toan-tai-chinh,ke-toan-tai-chinh-kiem-toan
4753,cntt,cntt-phat-trien-phan-mem
4754,san-xuat-qa-qc,san-xuat-quan-ly
4755,nhan-su-hanh-chinh,nhan-su-tuyen-dung-cb
4756,xay-dung,xay-dung-ky-su
4757,san-xuat-qa-qc,san-xuat-quan-ly
4758,ke-toan-tai-chinh,ke-toan-tai-chinh-tai-chinh
4759,cntt,cntt-phat-trien-phan-mem
4760,dien-dien-tu-vien-thong,dien-dien-tu-dien-lanh
4761,ke-toan-tai-chinh,ke-toan-tai-chinh-bao-hiem
4762,ke-toan-tai-chinh,ke-toan-tai-chinh-ngan-hang
4763,nhan-su-hanh-chinh,nhan-su-tuyen-dung-cb
4764,van-tai-logistics,van-tai-logistics-kho-van
4765,kinh-doanh-ban-hang,kinh-doanh-ban-hang-tong-hop
4766,marketing-truyen-thong,marketing-truyen-thong-pr
4767,kinh-doanh-ban-hang,kinh-doanh-ban-hang-tong-hop
4768,dien-dien-tu-vien-thong,dien-dien-tu-dien-lanh
4769,co-khi-che-tao,co-khi-o-to
4770,nhan-su-hanh-chinh,nhan-su-hanh-chinh-van-phong
4771,nhan-su-hanh-chinh,nhan-su-tuyen-dung-cb
4772,cntt,cntt-phat-trien-phan-mem
4773,nhan-su-hanh-chinh,nhan-su-tuyen-dung-cb
4774,marketing-truyen-thong,marketing-bao-chi-truyen-hinh
4775,,
4776,cntt,cntt-phan-cung-mang
4777,marketing-truyen-thong,marketing-truyen-thong-pr
4778,giao-duc-dao-tao,giao-duc-giang-day
4779,kinh-doanh-ban-hang,kinh-doanh-ban-hang-tong-hop
4780,,
4781,y-te-duoc,y-te-duoc-y-te
4782,nhan-su-hanh-chinh,nhan-su-hanh-chinh-van-phong
4783,,
4784,giao-duc-dao-tao,giao-duc-giang-day
4785,dien-dien-tu-vien-thong,dien-dien-tu-vien-thong-vt
4786,kinh-doanh-ban-hang,kinh-doanh-ban-hang-tong-hop
4787,san-xuat-qa-qc,san-xuat-thuc-pham
4788,nhan-su-hanh-chinh,nhan-su-thu-ky-tro-ly
4789,giao-duc-dao-tao,giao-duc-giang-day
4790,cntt,cntt-phat-trien-phan-mem
4791,marketing-truyen-thong,marketing-truyen-thong-pr
4792,ke-toan-tai-chinh,ke-toan-tai-chinh-ngan-hang
4793,,
4794,dich-vu-khach-hang,dich-vu-khach-hang-cskh
4795,san-xuat-qa-qc,san-xuat-qa-qc-qa-qc
4796,cntt,cntt-phat-trien-phan-mem
4797,kinh-doanh-ban-hang,kinh-doanh-ban-hang-tong-hop
4798,xay-dung,xay-dung-ky-su
4799,ke-toan-tai-chinh,ke-toan-tai-chinh-ngan-hang
4800,marketing-truyen-thong,marketing-truyen-thong-pr
4801,kinh-doanh-ban-hang,kinh-doanh-ban-hang-tong-hop
4802,,
4803,san-xuat-qa-qc,san-xuat-quan-ly
4804,cntt,cntt-phat-trien-phan-mem
4805,thiet-ke-kien-truc,thiet-ke-do-hoa
4806,dien-dien-tu-vien-thong,dien-dien-tu-dien-lanh
4807,,
4808,y-te-duoc,y-te-duoc-duoc-pham
4809,kinh-doanh-ban-hang,kinh-doanh-ban-hang-tong-hop
4810,san-xuat-qa-qc,san-xuat-nong-nghiep
4811,marketing-truyen-thong,marketing-truyen-thong-pr
4812,giao-duc-dao-tao,giao-duc-giang-day
4813,ke-toan-tai-chinh,ke-toan-tai-chinh-kiem-toan
4814,cntt,cntt-phan-cung-mang
4815,nhan-su-hanh-chinh,nhan-su-hanh-chinh-van-phong
4816,marketing-truyen-thong,marketing-truyen-thong-pr
4817,,
4818,ke-toan-tai-chinh,ke-toan-tai-chinh-bao-hiem
4819,kinh-doanh-ban-hang,kinh-doanh-ban-hang-tong-hop
4820,kinh-doanh-ban-hang,kinh-doanh-ban-hang-ban-le-si
4821,kinh-doanh-ban-hang,kinh-doanh-ban-hang-tong-hop
4822,xay-dung,xay-dung-ky-su
4823,y-te-duoc,y-te-duoc-y-te
4824,cntt,cntt-phat-trien-phan-mem
4825,,
4826,kinh-doanh-ban-hang,kinh-doanh-ban-hang-tong-hop
4827,,
4828,bat-dong-san,bat-dong-san-moi-gioi
4829,marketing-truyen-thong,marketing-truyen-thong-pr
4830,kinh-doanh-ban-hang,kinh-doanh-ban-hang-tong-hop
4831,giao-duc-dao-tao,giao-duc-giang-day
4832,ke-toan-tai-chinh,ke-toan-tai-chinh-kiem-toan
4833,ke-toan-tai-chinh,ke-toan-tai-chinh-kiem-toan
4834,cntt,cntt-phat-trien-phan-mem
4835,giao-duc-dao-tao,giao-duc-giang-day
4836,ke-toan-tai-chinh,ke-toan-tai-chinh-bao-hiem
4837,marketing-truyen-thong,marketing-truyen-thong-pr
4838,kinh-doanh-ban-hang,kinh-doanh-ban-hang-tong-hop
4839,marketing-truyen-thong,marketing-truyen-thong-pr
4840,cntt,cntt-phat-trien-phan-mem
4841,kinh-doanh-ban-hang,kinh-doanh-ban-hang-tong-hop
4842,van-tai-logistics,van-tai-logistics-kho-van
4843,,
4844,van-tai-logistics,van-tai-logistics-kho-van
4845,cntt,cntt-phat-trien-phan-mem
4846,kinh-doanh-ban-hang,kinh-doanh-ban-hang-tong-hop
4847,kinh-doanh-ban-hang,kinh-doanh-ban-hang-tong-hop
4848,kinh-doanh-ban-hang,kinh-doanh-ban-hang-tong-hop
4849,kinh-doanh-ban-hang,kinh-doanh-ban-hang-tong-hop
4850,marketing-truyen-thong,marketing-truyen-thong-pr
4851,cntt,cntt-phan-cung-mang
4852,xay-dung,xay-dung-ky-su
4853,kinh-doanh-ban-hang,kinh-doanh-ban-hang-tong-hop
4854,kinh-doanh-ban-hang,kinh-doanh-ban-hang-tong-hop
4855,dich-vu-khach-hang,dich-vu-khach-hang-cskh
4856,kinh-doanh-ban-hang,kinh-doanh-ban-hang-tong-hop
4857,nhan-su-hanh-chinh,nhan-su-hanh-chinh-van-phong
4858,ke-toan-tai-chinh,ke-toan-tai-chinh-kiem-toan
4859,ke-toan-tai-chinh,ke-toan-tai-chinh-kiem-toan
4860,xay-dung,xay-dung-ky-su
4861,nhan-su-hanh-chinh,nhan-su-tuyen-dung-cb
4862,kinh-doanh-ban-hang,kinh-doanh-ban-hang-tong-hop
4863,marketing-truyen-thong,marketing-truyen-thong-pr
4864,marketing-truyen-thong,marketing-truyen-thong-pr
4865,ke-toan-tai-chinh,ke-toan-tai-chinh-tai-chinh
4866,ke-toan-tai-chinh,ke-toan-tai-chinh-kiem-toan
4867,ke-toan-tai-chinh,ke-toan-tai-chinh-kiem-toan
4868,kinh-doanh-ban-hang,kinh-doanh-ban-hang-tong-hop
4869,cntt,cntt-phat-trien-phan-mem
4870,kinh-doanh-ban-hang,kinh-doanh-ban-hang-tong-hop
4871,ke-toan-tai-chinh,ke-toan-tai-chinh-kiem-toan
4872,bat-dong-san,bat-dong-san-moi-gioi
4873,kinh-doanh-ban-hang,kinh-doanh-ban-hang-tong-hop
4874,marketing-truyen-thong,marketing-truyen-thong-pr
4875,kinh-doanh-ban-hang,kinh-doanh-ban-hang-tong-hop
4876,marketing-truyen-thong,marketing-truyen-thong-pr
4877,kinh-doanh-ban-hang,kinh-doanh-ban-hang-tong-hop
4878,san-xuat-qa-qc,san-xuat-quan-ly
4879,dien-dien-tu-vien-thong,dien-dien-tu-vien-thong-vt
4880,thiet-ke-kien-truc,thiet-ke-do-hoa
4881,ke-toan-tai-chinh,ke-toan-tai-chinh-ngan-hang
4882,cntt,cntt-phat-trien-phan-mem
4883,kinh-doanh-ban-hang,kinh-doanh-ban-hang-tong-hop
4884,,
4885,kinh-doanh-ban-hang,kinh-doanh-ban-hang-tong-hop
4886,cntt,cntt-phat-trien-phan-mem
4887,marketing-truyen-thong,marketing-truyen-thong-pr
4888,khach-san-nha-hang-du-lich,khach-san-khach-san
4889,giao-duc-dao-tao,giao-duc-giang-day
4890,giao-duc-dao-tao,giao-duc-giang-day
4891,kinh-doanh-ban-hang,kinh-doanh-ban-hang-tong-hop
4892,ke-toan-tai-chinh,ke-toan-tai-chinh-kiem-toan
4893,cntt,cntt-phat-trien-phan-mem
4894,cntt,cntt-phat-trien-phan-mem
4895,,
4896,ke-toan-tai-chinh,ke-toan-tai-chinh-kiem-toan
4897,marketing-truyen-thong,marketing-bao-chi-truyen-hinh
4898,ke-toan-tai-chinh,ke-toan-tai-chinh-bao-hiem
4899,nhan-su-hanh-chinh,nhan-su-thu-ky-tro-ly
4900,kinh-doanh-ban-hang,kinh-doanh-ban-hang-tong-hop
4901,san-xuat-qa-qc,san-xuat-quan-ly
4902,giao-duc-dao-tao,giao-duc-giang-day
4903,cntt,cntt-phat-trien-phan-mem
4904,cntt,cntt-phat-trien-phan-mem
4905,bat-dong-san,bat-dong-san-moi-gioi
4906,kinh-doanh-ban-hang,kinh-doanh-ban-hang-tong-hop
4907,marketing-truyen-thong,marketing-truyen-thong-pr
4908,y-te-duoc,y-te-duoc-y-te
4909,marketing-truyen-thong,marketing-truyen-thong-pr
4910,ke-toan-tai-chinh,ke-toan-tai-chinh-bao-hiem
4911,nhan-su-hanh-chinh,nhan-su-tuyen-dung-cb
4912,,
4913,kinh-doanh-ban-hang,kinh-doanh-ban-hang-tong-hop
4914,kinh-doanh-ban-hang,kinh-doanh-ban-hang-tong-hop
4915,cntt,cntt-phat-trien-phan-mem
4916,kinh-doanh-ban-hang,kinh-doanh-ban-hang-tong-hop
4917,nhan-su-hanh-chinh,nhan-su-hanh-chinh-van-phong
4918,marketing-truyen-thong,marketing-truyen-thong-pr
4919,san-xuat-qa-qc,san-xuat-qa-qc-qa-qc
4920,khach-san-nha-hang-du-lich,khach-san-khach-san
4921,dien-dien-tu-vien-thong,dien-dien-tu-dien-lanh
4922,,
4923,marketing-truyen-thong,marketing-truyen-thong-pr
4924,nhan-su-hanh-chinh,nhan-su-hanh-chinh-van-phong
4925,bat-dong-san,bat-dong-san-moi-gioi
4926,giao-duc-dao-tao,giao-duc-giang-day
4927,marketing-truyen-thong,marketing-truyen-thong-pr
4928,marketing-truyen-thong,marketing-truyen-thong-pr
4929,,
4930,ke-toan-tai-chinh,ke-toan-tai-chinh-ngan-hang
4931,kinh-doanh-ban-hang,kinh-doanh-ban-hang-tong-hop
4932,thiet-ke-kien-truc,thiet-ke-do-hoa
4933,cntt,cntt-phat-trien-phan-mem
4934,cntt,cntt-phat-trien-phan-mem
4935,giao-duc-dao-tao,giao-duc-giang-day
4936,kinh-doanh-ban-hang,kinh-doanh-ban-hang-tong-hop
4937,giao-duc-dao-tao,giao-duc-giang-day
4938,co-khi-che-tao,co-khi-tu-dong-hoa
4939,ke-toan-tai-chinh,ke-toan-tai-chinh-bao-hiem
4940,kinh-doanh-ban-hang,kinh-doanh-ban-hang-tong-hop
4941,cntt,cntt-phat-trien-phan-mem
4942,nhan-su-hanh-chinh,nhan-su-tuyen-dung-cb
4943,marketing-truyen-thong,marketing-truyen-thong-pr
4944,ke-toan-tai-chinh,ke-toan-tai-chinh-bao-hiem
4945,san-xuat-qa-qc,san-xuat-thuc-pham
4946,,
4947,,
4948,ke-toan-tai-chinh,ke-toan-tai-chinh-kiem-toan
4949,marketing-truyen-thong,marketing-truyen-thong-pr
4950,marketing-truyen-thong,marketing-truyen-thong-pr
4951,giao-duc-dao-tao,giao-duc-giang-day
4952,kinh-doanh-ban-hang,kinh-doanh-ban-hang-tong-hop
4953,van-tai-logistics,van-tai-logistics-kho-van
4954,ke-toan-tai-chinh,ke-toan-tai-chinh-ngan-hang
4955,nhan-su-hanh-chinh,nhan-su-phap-ly-phap-che
4956,ke-toan-tai-chinh,ke-toan-tai-chinh-bao-hiem
4957,marketing-truyen-thong,marketing-truyen-thong-pr
4958,khach-san-nha-hang-du-lich,khach-san-khach-san
4959,nhan-su-hanh-chinh,nhan-su-thu-ky-tro-ly
4960,co-khi-che-tao,co-khi-o-to
4961,,
4962,marketing-truyen-thong,marketing-truyen-thong-pr
4963,marketing-truyen-thong,marketing-truyen-thong-pr
4964,marketing-truyen-thong,marketing-truyen-thong-pr
4965,thiet-ke-kien-truc,thiet-ke-my-thuat
4966,dien-dien-tu-vien-thong,dien-dien-tu-vien-thong-vt
4967,ke-toan-tai-chinh,ke-toan-tai-chinh-bao-hiem
4968,ke-toan-tai-chinh,ke-toan-tai-chinh-kiem-toan
4969,cntt,cntt-phat-trien-phan-mem
4970,cntt,cntt-phat-trien-phan-mem
4971,xay-dung,xay-dung-ky-su
4972,cntt,cntt-phat-trien-phan-mem
4973,thiet-ke-kien-truc,thiet-ke-kien-truc-kien-truc
4974,khach-san-nha-hang-du-lich,khach-san-khach-san
4975,khach-san-nha-hang-du-lich,khach-san-khach-san
4976,ke-toan-tai-chinh,ke-toan-tai-chinh-ngan-hang
4977,nhan-su-hanh-chinh,nhan-su-phap-ly-phap-che
4978,giao-duc-dao-tao,giao-duc-giang-day
4979,thiet-ke-kien-truc,thiet-ke-do-hoa
4980,,
4981,san-xuat-qa-qc,san-xuat-quan-ly
4982,kinh-doanh-ban-hang,kinh-doanh-ban-hang-tong-hop
4983,cntt,cntt-phan-cung-mang
4984,nhan-su-hanh-chinh,nhan-su-thu-ky-tro-ly
4985,,
4986,san-xuat-qa-qc,san-xuat-thuc-pham
4987,,
4988,xay-dung,xay-dung-ky-su
4989,ke-toan-tai-chinh,ke-toan-tai-chinh-ngan-hang
4990,ke-toan-tai-chinh,ke-toan-tai-chinh-kiem-toan
4991,thiet-ke-kien-truc,thiet-ke-do-hoa
4992,ke-toan-tai-chinh,ke-toan-tai-chinh-kiem-toan
4993,,
4994,nhan-su-hanh-chinh,nhan-su-hanh-chinh-van-phong
4995,kinh-doanh-ban-hang,kinh-doanh-ban-hang-tong-hop
4996,,
4997,nhan-su-hanh-chinh,nhan-su-hanh-chinh-van-phong
4998,nhan-su-hanh-chinh,nhan-su-tuyen-dung-cb
4999,nhan-su-hanh-chinh,nhan-su-hanh-chinh-van-phong
5000,y-te-duoc,y-te-duoc-y-te
5001,ke-toan-tai-chinh,ke-toan-tai-chinh-kiem-toan
5002,dien-dien-tu-vien-thong,dien-dien-tu-vien-thong-vt
5003,nhan-su-hanh-chinh,nhan-su-hanh-chinh-van-phong
5004,khach-san-nha-hang-du-lich,khach-san-khach-san
5005,kinh-doanh-ban-hang,kinh-doanh-ban-hang-tong-hop
5006,marketing-truyen-thong,marketing-truyen-thong-pr
5007,khach-san-nha-hang-du-lich,khach-san-khach-san
5008,marketing-truyen-thong,marketing-truyen-thong-pr
5009,ke-toan-tai-chinh,ke-toan-tai-chinh-bao-hiem
5010,san-xuat-qa-qc,san-xuat-thuc-pham
5011,khach-san-nha-hang-du-lich,khach-san-spa-lam-dep
5012,dien-dien-tu-vien-thong,dien-dien-tu-vien-thong-vt
5013,bat-dong-san,bat-dong-san-moi-gioi
5014,,
5015,ke-toan-tai-chinh,ke-toan-tai-chinh-bao-hiem
5016,marketing-truyen-thong,marketing-truyen-thong-pr
5017,ke-toan-tai-chinh,ke-toan-tai-chinh-bao-hiem
5018,ke-toan-tai-chinh,ke-toan-tai-chinh-bao-hiem
5019,giao-duc-dao-tao,giao-duc-giang-day
5020,,
5021,thiet-ke-kien-truc,thiet-ke-do-hoa
5022,kinh-doanh-ban-hang,kinh-doanh-ban-hang-tong-hop
5023,dien-dien-tu-vien-thong,dien-dien-tu-vien-thong-vt
5024,thiet-ke-kien-truc,thiet-ke-kien-truc-kien-truc
5025,thiet-ke-kien-truc,thiet-ke-my-thuat
5026,cntt,cntt-phat-trien-phan-mem
5027,san-xuat-qa-qc,san-xuat-thuc-pham
5028,ke-toan-tai-chinh,ke-toan-tai-chinh-ngan-hang
5029,xay-dung,xay-dung-ky-su
5030,dich-vu-khach-hang,dich-vu-khach-hang-cskh
5031,dien-dien-tu-vien-thong,dien-dien-tu-vien-thong-vt
5032,,
5033,marketing-truyen-thong,marketing-truyen-thong-pr
5034,ke-toan-tai-chinh,ke-toan-tai-chinh-ngan-hang
5035,ke-toan-tai-chinh,ke-toan-tai-chinh-kiem-toan
5036,marketing-truyen-thong,marketing-truyen-thong-pr
5037,,
5038,khach-san-nha-hang-du-lich,khach-san-du-lich-le-hanh
5039,,
5040,san-xuat-qa-qc,san-xuat-quan-ly
5041,giao-duc-dao-tao,giao-duc-giang-day
5042,ke-toan-tai-chinh,ke-toan-tai-chinh-bao-hiem
5043,ke-toan-tai-chinh,ke-toan-tai-chinh-kiem-toan
5044,thiet-ke-kien-truc,thiet-ke-do-hoa
5045,giao-duc-dao-tao,giao-duc-giang-day
5046,cntt,cntt-phan-cung-mang
5047,kinh-doanh-ban-hang,kinh-doanh-ban-hang-tong-hop
5048,marketing-truyen-thong,marketing-truyen-thong-pr
5049,y-te-duoc,y-te-duoc-duoc-pham
5050,kinh-doanh-ban-hang,kinh-doanh-ban-hang-tong-hop
5051,ke-toan-tai-chinh,ke-toan-tai-chinh-kiem-toan
5052,kinh-doanh-ban-hang,kinh-doanh-ban-hang-tong-hop
5053,,
5054,ke-toan-tai-chinh,ke-toan-tai-chinh-kiem-toan
5055,khach-san-nha-hang-du-lich,khach-san-khach-san
5056,kinh-doanh-ban-hang,kinh-doanh-ban-hang-tong-hop
5057,dich-vu-khach-hang,dich-vu-khach-hang-cskh
5058,,
5059,kinh-doanh-ban-hang,kinh-doanh-ban-hang-tong-hop
5060,dien-dien-tu-vien-thong,dien-dien-tu-vien-thong-vt
5061,nhan-su-hanh-chinh,nhan-su-hanh-chinh-van-phong
5062,thiet-ke-kien-truc,thiet-ke-do-hoa
5063,thiet-ke-kien-truc,thiet-ke-do-hoa
5064,kinh-doanh-ban-hang,kinh-doanh-ban-hang-tong-hop
5065,marketing-truyen-thong,marketing-truyen-thong-pr
5066,kinh-doanh-ban-hang,kinh-doanh-ban-hang-tong-hop
5067,,
5068,cntt,cntt-phan-cung-mang
5069,marketing-truyen-thong,marketing-truyen-thong-pr
5070,marketing-truyen-thong,marketing-truyen-thong-pr
5071,nhan-su-hanh-chinh,nhan-su-thu-ky-tro-ly
5072,kinh-doanh-ban-hang,kinh-doanh-ban-hang-tong-hop
5073,thiet-ke-kien-truc,thiet-ke-kien-truc-kien-truc
5074,cntt,cntt-phat-trien-phan-mem
5075,kinh-doanh-ban-hang,kinh-doanh-ban-hang-tong-hop
5076,san-xuat-qa-qc,san-xuat-quan-ly
5077,marketing-truyen-thong,marketing-bien-phien-dich
5078,nhan-su-hanh-chinh,nhan-su-tuyen-dung-cb
5079,,
5080,cntt,cntt-phat-trien-phan-mem
5081,dich-vu-khach-hang,dich-vu-khach-hang-cskh
5082,kinh-doanh-ban-hang,kinh-doanh-ban-hang-ban-le-si
5083,van-tai-logistics,van-tai-xuat-nhap-khau
5084,cntt,cntt-phat-trien-phan-mem
5085,san-xuat-qa-qc,san-xuat-thuc-pham
5086,kinh-doanh-ban-hang,kinh-doanh-ban-hang-tong-hop
5087,ke-toan-tai-chinh,ke-toan-tai-chinh-ngan-hang
5088,dien-dien-tu-vien-thong,dien-dien-tu-vien-thong-vt
5089,marketing-truyen-thong,marketing-bao-chi-truyen-hinh
5090,,
5091,khach-san-nha-hang-du-lich,khach-san-khach-san
5092,cntt,cntt-phat-trien-phan-mem
5093,san-xuat-qa-qc,san-xuat-det-may
5094,dich-vu-khach-hang,dich-vu-khach-hang-cskh
5095,ke-toan-tai-chinh,ke-toan-tai-chinh-kiem-toan
5096,kinh-doanh-ban-hang,kinh-doanh-ban-hang-tong-hop
5097,y-te-duoc,y-te-duoc-y-te
5098,cntt,cntt-phat-trien-phan-mem
5099,,
5100,giao-duc-dao-tao,giao-duc-giang-day
5101,kinh-doanh-ban-hang,kinh-doanh-ban-hang-tong-hop
5102,,
5103,ke-toan-tai-chinh,ke-toan-tai-chinh-bao-hiem
5104,marketing-truyen-thong,marketing-truyen-thong-pr
5105,khach-san-nha-hang-du-lich,khach-san-spa-lam-dep
5106,khach-san-nha-hang-du-lich,khach-san-khach-san
5107,dien-dien-tu-vien-thong,dien-dien-tu-dien-lanh
5108,kinh-doanh-ban-hang,kinh-doanh-ban-hang-tong-hop
5109,thiet-ke-kien-truc,thiet-ke-kien-truc-kien-truc
5110,,
5111,co-khi-che-tao,co-khi-o-to
5112,nhan-su-hanh-chinh,nhan-su-hanh-chinh-van-phong
5113,kinh-doanh-ban-hang,kinh-doanh-ban-hang-tong-hop
5114,cntt,cntt-phat-trien-phan-mem
5115,,
5116,,
5117,kinh-doanh-ban-hang,kinh-doanh-ban-hang-tong-hop
5118,marketing-truyen-thong,marketing-truyen-thong-pr
5119,ke-toan-tai-chinh,ke-toan-tai-chinh-kiem-toan
5120,cntt,cntt-phat-trien-phan-mem
5121,nhan-su-hanh-chinh,nhan-su-hanh-chinh-van-phong
5122,cntt,cntt-phat-trien-phan-mem
5123,,
5124,khach-san-nha-hang-du-lich,khach-san-khach-san
5125,,
5126,khach-san-nha-hang-du-lich,khach-san-khach-san
5127,xay-dung,xay-dung-ky-su
5128,khach-san-nha-hang-du-lich,khach-san-khach-san
5129,cntt,cntt-phat-trien-phan-mem
5130,cntt,cntt-phat-trien-phan-mem
5131,nhan-su-hanh-chinh,nhan-su-hanh-chinh-van-phong
5132,marketing-truyen-thong,marketing-truyen-thong-pr
5133,marketing-truyen-thong,marketing-truyen-thong-pr
5134,marketing-truyen-thong,marketing-bien-phien-dich
5135,kinh-doanh-ban-hang,kinh-doanh-ban-hang-tong-hop
5136,cntt,cntt-phat-trien-phan-mem
5137,kinh-doanh-ban-hang,kinh-doanh-ban-hang-tong-hop
5138,marketing-truyen-thong,marketing-truyen-thong-pr
5139,,
5140,khach-san-nha-hang-du-lich,khach-san-khach-san
5141,,
5142,cntt,cntt-phat-trien-phan-mem
5143,cntt,cntt-phat-trien-phan-mem
5144,giao-duc-dao-tao,giao-duc-giang-day
5145,,
5146,san-xuat-qa-qc,san-xuat-nong-nghiep
5147,marketing-truyen-thong,marketing-bien-phien-dich
5148,nhan-su-hanh-chinh,nhan-su-tuyen-dung-cb
5149,marketing-truyen-thong,marketing-bien-phien-dich
5150,cntt,cntt-phat-trien-phan-mem
5151,marketing-truyen-thong,marketing-truyen-thong-pr
5152,giao-duc-dao-tao,giao-duc-giang-day
5153,khach-san-nha-hang-du-lich,khach-san-khach-san
5154,kinh-doanh-ban-hang,kinh-doanh-ban-hang-tong-hop
5155,san-xuat-qa-qc,san-xuat-qa-qc-qa-qc
5156,xay-dung,xay-dung-ky-su
5157,kinh-doanh-ban-hang,kinh-doanh-ban-hang-tong-hop
5158,nhan-su-hanh-chinh,nhan-su-hanh-chinh-van-phong
5159,ke-toan-tai-chinh,ke-toan-tai-chinh-bao-hiem
5160,ke-toan-tai-chinh,ke-toan-tai-chinh-ngan-hang
5161,ke-toan-tai-chinh,ke-toan-tai-chinh-kiem-toan
5162,kinh-doanh-ban-hang,kinh-doanh-ban-hang-tong-hop
5163,san-xuat-qa-qc,san-xuat-thuc-pham
5164,cntt,cntt-phat-trien-phan-mem
5165,khach-san-nha-hang-du-lich,khach-san-spa-lam-dep
5166,co-khi-che-tao,co-khi-tu-dong-hoa
5167,ke-toan-tai-chinh,ke-toan-tai-chinh-ngan-hang
5168,bat-dong-san,bat-dong-san-moi-gioi
5169,nhan-su-hanh-chinh,nhan-su-tuyen-dung-cb
5170,co-khi-che-tao,co-khi-o-to
5171,giao-duc-dao-tao,giao-duc-giang-day
5172,y-te-duoc,y-te-duoc-y-te
5173,thiet-ke-kien-truc,thiet-ke-do-hoa
5174,kinh-doanh-ban-hang,kinh-doanh-ban-hang-tong-hop
5175,cntt,cntt-phat-trien-phan-mem
5176,,
5177,khach-san-nha-hang-du-lich,khach-san-khach-san
5178,cntt,cntt-phat-trien-phan-mem
5179,marketing-truyen-thong,marketing-bien-phien-dich
5180,nhan-su-hanh-chinh,nhan-su-thu-ky-tro-ly
5181,,
5182,cntt,cntt-phat-trien-phan-mem
5183,ke-toan-tai-chinh,ke-toan-tai-chinh-kiem-toan
5184,cntt,cntt-phat-trien-phan-mem
5185,ke-toan-tai-chinh,ke-toan-tai-chinh-kiem-toan
5186,ke-toan-tai-chinh,ke-toan-tai-chinh-kiem-toan
5187,thiet-ke-kien-truc,thiet-ke-do-hoa
5188,ke-toan-tai-chinh,ke-toan-tai-chinh-ngan-hang
5189,khach-san-nha-hang-du-lich,khach-san-khach-san
5190,,
5191,giao-duc-dao-tao,giao-duc-giang-day
5192,,
5193,san-xuat-qa-qc,san-xuat-qa-qc-qa-qc
5194,,
5195,thiet-ke-kien-truc,thiet-ke-noi-that
5196,ke-toan-tai-chinh,ke-toan-tai-chinh-ngan-hang
5197,ke-toan-tai-chinh,ke-toan-tai-chinh-ngan-hang
5198,cntt,cntt-phat-trien-phan-mem
5199,kinh-doanh-ban-hang,kinh-doanh-ban-hang-tong-hop
5200,kinh-doanh-ban-hang,kinh-doanh-ban-hang-tong-hop
5201,cntt,cntt-phat-trien-phan-mem
5202,cntt,cntt-phan-cung-mang
5203,bat-dong-san,bat-dong-san-moi-gioi
5204,,
5205,cntt,cntt-phat-trien-phan-mem
5206,ke-toan-tai-chinh,ke-toan-tai-chinh-bao-hiem
5207,marketing-truyen-thong,marketing-truyen-thong-pr
5208,,
5209,khach-san-nha-hang-du-lich,khach-san-spa-lam-dep
5210,kinh-doanh-ban-hang,kinh-doanh-ban-hang-tong-hop
5211,giao-duc-dao-tao,giao-duc-giang-day
5212,ke-toan-tai-chinh,ke-toan-tai-chinh-kiem-toan
5213,kinh-doanh-ban-hang,kinh-doanh-ban-hang-tong-hop
5214,nhan-su-hanh-chinh,nhan-su-tuyen-dung-cb
5215,nhan-su-hanh-chinh,nhan-su-thu-ky-tro-ly
5216,ke-toan-tai-chinh,ke-toan-tai-chinh-bao-hiem
5217,marketing-truyen-thong,marketing-truyen-thong-pr
5218,giao-duc-dao-tao,giao-duc-giang-day
5219,kinh-doanh-ban-hang,kinh-doanh-ban-hang-tong-hop
5220,san-xuat-qa-qc,san-xuat-thuc-pham
5221,co-khi-che-tao,co-khi-tu-dong-hoa
5222,marketing-truyen-thong,marketing-truyen-thong-pr
5223,marketing-truyen-thong,marketing-truyen-thong-pr
5224,marketing-truyen-thong,marketing-truyen-thong-pr
5225,san-xuat-qa-qc,san-xuat-qa-qc-qa-qc
5226,co-khi-che-tao,co-khi-tu-dong-hoa
5227,van-tai-logistics,van-tai-logistics-kho-van
5228,san-xuat-qa-qc,san-xuat-quan-ly
5229,giao-duc-dao-tao,giao-duc-giang-day
5230,thiet-ke-kien-truc,thiet-ke-do-hoa
5231,kinh-doanh-ban-hang,kinh-doanh-ban-hang-tong-hop
5232,kinh-doanh-ban-hang,kinh-doanh-ban-hang-tong-hop
5233,cntt,cntt-phat-trien-phan-mem
5234,kinh-doanh-ban-hang,kinh-doanh-ban-hang-tong-hop
5235,,
5236,cntt,cntt-phat-trien-phan-mem
5237,marketing-truyen-thong,marketing-truyen-thong-pr
5238,ke-toan-tai-chinh,ke-toan-tai-chinh-bao-hiem
5239,ke-toan-tai-chinh,ke-toan-tai-chinh-kiem-toan
5240,van-tai-logistics,van-tai-logistics-kho-van
5241,,
5242,kinh-doanh-ban-hang,kinh-doanh-ban-hang-tong-hop
5243,,
5244,ke-toan-tai-chinh,ke-toan-tai-chinh-kiem-toan
5245,,
5246,cntt,cntt-phat-trien-phan-mem
5247,dich-vu-khach-hang,dich-vu-khach-hang-cskh
5248,cntt,cntt-phat-trien-phan-mem
5249,marketing-truyen-thong,marketing-truyen-thong-pr
5250,marketing-truyen-thong,marketing-bien-phien-dich
5251,kinh-doanh-ban-hang,kinh-doanh-ban-hang-tong-hop
5252,kinh-doanh-ban-hang,kinh-doanh-ban-hang-tong-hop
5253,ke-toan-tai-chinh,ke-toan-tai-chinh-kiem-toan
5254,,
5255,kinh-doanh-ban-hang,kinh-doanh-ban-hang-tong-hop
5256,van-tai-logistics,van-tai-logistics-kho-van
5257,kinh-doanh-ban-hang,kinh-doanh-ban-hang-tong-hop
5258,giao-duc-dao-tao,giao-duc-giang-day
5259,kinh-doanh-ban-hang,kinh-doanh-ban-hang-ban-hang
5260,dich-vu-khach-hang,dich-vu-khach-hang-cskh
5261,kinh-doanh-ban-hang,kinh-doanh-ban-hang-tong-hop
5262,san-xuat-qa-qc,san-xuat-qa-qc-qa-qc
5263,van-tai-logistics,van-tai-xuat-nhap-khau
5264,nhan-su-hanh-chinh,nhan-su-hanh-chinh-van-phong
5265,cntt,cntt-phat-trien-phan-mem
5266,ke-toan-tai-chinh,ke-toan-tai-chinh-bao-hiem
5267,y-te-duoc,y-te-duoc-y-te
5268,ke-toan-tai-chinh,ke-toan-tai-chinh-bao-hiem
5269,y-te-duoc,y-te-duoc-y-te
5270,ke-toan-tai-chinh,ke-toan-tai-chinh-ngan-hang
5271,san-xuat-qa-qc,san-xuat-thuc-pham
5272,dich-vu-khach-hang,dich-vu-khach-hang-cskh
5273,ke-toan-tai-chinh,ke-toan-tai-chinh-bao-hiem
5274,ke-toan-tai-chinh,ke-toan-tai-chinh-kiem-toan
5275,kinh-doanh-ban-hang,kinh-doanh-ban-hang-tong-hop
5276,giao-duc-dao-tao,giao-duc-giang-day
5277,giao-duc-dao-tao,giao-duc-giang-day
5278,nhan-su-hanh-chinh,nhan-su-tuyen-dung-cb
5279,marketing-truyen-thong,marketing-truyen-thong-pr
5280,kinh-doanh-ban-hang,kinh-doanh-ban-hang-tong-hop
5281,,
5282,cntt,cntt-phat-trien-phan-mem
5283,thiet-ke-kien-truc,thiet-ke-do-hoa
5284,dien-dien-tu-vien-thong,dien-dien-tu-dien-lanh
5285,ke-toan-tai-chinh,ke-toan-tai-chinh-kiem-toan
5286,cntt,cntt-phat-trien-phan-mem
5287,giao-duc-dao-tao,giao-duc-giang-day
5288,nhan-su-hanh-chinh,nhan-su-hanh-chinh-van-phong
5289,cntt,cntt-phat-trien-phan-mem
5290,khach-san-nha-hang-du-lich,khach-san-khach-san
5291,kinh-doanh-ban-hang,kinh-doanh-ban-hang-tong-hop
5292,ke-toan-tai-chinh,ke-toan-tai-chinh-kiem-toan
5293,nhan-su-hanh-chinh,nhan-su-tuyen-dung-cb
5294,xay-dung,xay-dung-ky-su
5295,marketing-truyen-thong,marketing-truyen-thong-pr
5296,dich-vu-khach-hang,dich-vu-khach-hang-cskh
5297,cntt,cntt-phat-trien-phan-mem
5298,san-xuat-qa-qc,san-xuat-quan-ly
5299,,
5300,kinh-doanh-ban-hang,kinh-doanh-ban-hang-tong-hop
5301,ke-toan-tai-chinh,ke-toan-tai-chinh-ngan-hang
5302,nhan-su-hanh-chinh,nhan-su-tuyen-dung-cb
5303,,
5304,cntt,cntt-phat-trien-phan-mem
5305,marketing-truyen-thong,marketing-truyen-thong-pr
5306,kinh-doanh-ban-hang,kinh-doanh-ban-hang-tong-hop
5307,co-khi-che-tao,co-khi-tu-dong-hoa
5308,cntt,cntt-phan-cung-mang
5309,xay-dung,xay-dung-ky-su
5310,,
5311,kinh-doanh-ban-hang,kinh-doanh-ban-hang-tong-hop
5312,,
5313,cntt,cntt-phat-trien-phan-mem
5314,cntt,cntt-phan-cung-mang
5315,ke-toan-tai-chinh,ke-toan-tai-chinh-tai-chinh
5316,y-te-duoc,y-te-duoc-y-te
5317,kinh-doanh-ban-hang,kinh-doanh-ban-hang-tong-hop
5318,nhan-su-hanh-chinh,nhan-su-tuyen-dung-cb
5319,dien-dien-tu-vien-thong,dien-dien-tu-vien-thong-vt
5320,kinh-doanh-ban-hang,kinh-doanh-ban-hang-tong-hop
5321,san-xuat-qa-qc,san-xuat-moi-truong
5322,marketing-truyen-thong,marketing-truyen-thong-pr
5323,marketing-truyen-thong,marketing-truyen-thong-pr
5324,san-xuat-qa-qc,san-xuat-thuc-pham
5325,nhan-su-hanh-chinh,nhan-su-hanh-chinh-van-phong
5326,kinh-doanh-ban-hang,kinh-doanh-ban-hang-tong-hop
5327,kinh-doanh-ban-hang,kinh-doanh-ban-hang-tong-hop
5328,bat-dong-san,bat-dong-san-moi-gioi
5329,xay-dung,xay-dung-ky-su
5330,,
5331,marketing-truyen-thong,marketing-truyen-thong-pr
5332,van-tai-logistics,van-tai-xuat-nhap-khau
5333,ke-toan-tai-chinh,ke-toan-tai-chinh-kiem-toan
5334,ke-toan-tai-chinh,ke-toan-tai-chinh-bao-hiem
5335,nhan-su-hanh-chinh,nhan-su-phap-ly-phap-che
5336,nhan-su-hanh-chinh,nhan-su-hanh-chinh-van-phong
5337,nhan-su-hanh-chinh,nhan-su-tuyen-dung-cb
5338,,
5339,dien-dien-tu-vien-thong,dien-dien-tu-dien-lanh
5340,kinh-doanh-ban-hang,kinh-doanh-ban-hang-tong-hop
5341,cntt,cntt-phat-trien-phan-mem
5342,marketing-truyen-thong,marketing-truyen-thong-pr
5343,marketing-truyen-thong,marketing-truyen-thong-pr
5344,thiet-ke-kien-truc,thiet-ke-my-thuat
5345,cntt,cntt-phat-trien-phan-mem
5346,cntt,cntt-phat-trien-phan-mem
5347,san-xuat-qa-qc,san-xuat-my-pham
5348,co-khi-che-tao,co-khi-tu-dong-hoa
5349,ke-toan-tai-chinh,ke-toan-tai-chinh-kiem-toan
5350,ke-toan-tai-chinh,ke-toan-tai-chinh-kiem-toan
5351,khach-san-nha-hang-du-lich,khach-san-du-lich-le-hanh
5352,nhan-su-hanh-chinh,nhan-su-hanh-chinh-van-phong
5353,y-te-duoc,y-te-duoc-y-te
5354,marketing-truyen-thong,marketing-truyen-thong-pr
5355,ke-toan-tai-chinh,ke-toan-tai-chinh-kiem-toan
5356,cntt,cntt-phat-trien-phan-mem
5357,kinh-doanh-ban-hang,kinh-doanh-ban-hang-tong-hop
5358,ke-toan-tai-chinh,ke-toan-tai-chinh-ngan-hang
5359,khach-san-nha-hang-du-lich,khach-san-khach-san
5360,van-tai-logistics,van-tai-xuat-nhap-khau
5361,ke-toan-tai-chinh,ke-toan-tai-chinh-ngan-hang
5362,kinh-doanh-ban-hang,kinh-doanh-ban-hang-tong-hop
5363,ke-toan-tai-chinh,ke-toan-tai-chinh-ngan-hang
5364,dich-vu-khach-hang,dich-vu-khach-hang-cskh
5365,dien-dien-tu-vien-thong,dien-dien-tu-dien-lanh
5366,,
5367,y-te-duoc,y-te-duoc-y-te
5368,van-tai-logistics,van-tai-logistics-kho-van
5369,dien-dien-tu-vien-thong,dien-dien-tu-dien-lanh
5370,cntt,cntt-phat-trien-phan-mem
5371,san-xuat-qa-qc,san-xuat-qa-qc-qa-qc
5372,,
5373,giao-duc-dao-tao,giao-duc-giang-day
5374,giao-duc-dao-tao,giao-duc-giang-day
5375,xay-dung,xay-dung-ky-su
5376,ke-toan-tai-chinh,ke-toan-tai-chinh-bao-hiem
5377,ke-toan-tai-chinh,ke-toan-tai-chinh-tai-chinh
5378,cntt,cntt-phan-cung-mang
5379,bat-dong-san,bat-dong-san-moi-gioi
5380,thiet-ke-kien-truc,thiet-ke-do-hoa
5381,ke-toan-tai-chinh,ke-toan-tai-chinh-kiem-toan
5382,nhan-su-hanh-chinh,nhan-su-tuyen-dung-cb
5383,y-te-duoc,y-te-duoc-y-te
5384,ke-toan-tai-chinh,ke-toan-tai-chinh-kiem-toan
5385,kinh-doanh-ban-hang,kinh-doanh-ban-hang-tong-hop
5386,marketing-truyen-thong,marketing-truyen-thong-pr
5387,nhan-su-hanh-chinh,nhan-su-hanh-chinh-van-phong
5388,cntt,cntt-phat-trien-phan-mem
5389,giao-duc-dao-tao,giao-duc-giang-day
5390,kinh-doanh-ban-hang,kinh-doanh-ban-hang-tong-hop
5391,ke-toan-tai-chinh,ke-toan-tai-chinh-bao-hiem
5392,marketing-truyen-thong,marketing-truyen-thong-pr
5393,dien-dien-tu-vien-thong,dien-dien-tu-vien-thong-vt
5394,nhan-su-hanh-chinh,nhan-su-thu-ky-tro-ly
5395,ke-toan-tai-chinh,ke-toan-tai-chinh-ngan-hang
5396,san-xuat-qa-qc,san-xuat-quan-ly
5397,thiet-ke-kien-truc,thiet-ke-my-thuat
5398,marketing-truyen-thong,marketing-truyen-thong-pr
5399,dich-vu-khach-hang,dich-vu-khach-hang-cskh
5400,marketing-truyen-thong,marketing-bien-phien-dich
5401,marketing-truyen-thong,marketing-truyen-thong-pr
5402,y-te-duoc,y-te-duoc-y-te
5403,ke-toan-tai-chinh,ke-toan-tai-chinh-bao-hiem
5404,thiet-ke-kien-truc,thiet-ke-kien-truc-kien-truc
5405,khach-san-nha-hang-du-lich,khach-san-khach-san
5406,ke-toan-tai-chinh,ke-toan-tai-chinh-kiem-toan
5407,cntt,cntt-phat-trien-phan-mem
5408,cntt,cntt-phat-trien-phan-mem
5409,nhan-su-hanh-chinh,nhan-su-tuyen-dung-cb
5410,khach-san-nha-hang-du-lich,khach-san-khach-san
5411,,
5412,khach-san-nha-hang-du-lich,khach-san-du-lich-le-hanh
5413,ke-toan-tai-chinh,ke-toan-tai-chinh-bao-hiem
5414,bat-dong-san,bat-dong-san-moi-gioi
5415,kinh-doanh-ban-hang,kinh-doanh-ban-hang-tong-hop
5416,nhan-su-hanh-chinh,nhan-su-tuyen-dung-cb
5417,dien-dien-tu-vien-thong,dien-dien-tu-dien-lanh
5418,cntt,cntt-phat-trien-phan-mem
5419,,
5420,y-te-duoc,y-te-duoc-y-te
5421,marketing-truyen-thong,marketing-truyen-thong-pr
5422,khach-san-nha-hang-du-lich,khach-san-khach-san
5423,cntt,cntt-phat-trien-phan-mem
5424,cntt,cntt-phat-trien-phan-mem
5425,kinh-doanh-ban-hang,kinh-doanh-ban-hang-tong-hop
5426,nhan-su-hanh-chinh,nhan-su-hanh-chinh-van-phong
5427,dich-vu-khach-hang,dich-vu-khach-hang-cskh
5428,dien-dien-tu-vien-thong,dien-dien-tu-dien-lanh
5429,cntt,cntt-phat-trien-phan-mem
5430,nhan-su-hanh-chinh,nhan-su-hanh-chinh-van-phong
5431,ke-toan-tai-chinh,ke-toan-tai-chinh-kiem-toan
5432,giao-duc-dao-tao,giao-duc-giang-day
5433,marketing-truyen-thong,marketing-truyen-thong-pr
5434,ke-toan-tai-chinh,ke-toan-tai-chinh-ngan-hang
5435,nhan-su-hanh-chinh,nhan-su-hanh-chinh-van-phong
5436,dich-vu-khach-hang,dich-vu-khach-hang-cskh
5437,marketing-truyen-thong,marketing-truyen-thong-pr
5438,van-tai-logistics,van-tai-xuat-nhap-khau
5439,kinh-doanh-ban-hang,kinh-doanh-ban-hang-tong-hop
5440,giao-duc-dao-tao,giao-duc-giang-day
5441,cntt,cntt-phat-trien-phan-mem
5442,kinh-doanh-ban-hang,kinh-doanh-ban-hang-tong-hop
5443,ke-toan-tai-chinh,ke-toan-tai-chinh-ngan-hang
5444,marketing-truyen-thong,marketing-truyen-thong-pr
5445,xay-dung,xay-dung-ky-su
5446,co-khi-che-tao,co-khi-tu-dong-hoa
5447,cntt,cntt-phat-trien-phan-mem
5448,,
5449,kinh-doanh-ban-hang,kinh-doanh-ban-hang-tong-hop
5450,kinh-doanh-ban-hang,kinh-doanh-ban-hang-tong-hop
5451,cntt,cntt-phat-trien-phan-mem
5452,,
5453,khach-san-nha-hang-du-lich,khach-san-khach-san
5454,nhan-su-hanh-chinh,nhan-su-tuyen-dung-cb
5455,marketing-truyen-thong,marketing-truyen-thong-pr
5456,san-xuat-qa-qc,san-xuat-qa-qc-qa-qc
5457,cntt,cntt-phat-trien-phan-mem
5458,cntt,cntt-phat-trien-phan-mem
5459,kinh-doanh-ban-hang,kinh-doanh-ban-hang-tong-hop
5460,marketing-truyen-thong,marketing-truyen-thong-pr
5461,dich-vu-khach-hang,dich-vu-khach-hang-cskh
5462,bat-dong-san,bat-dong-san-moi-gioi
5463,san-xuat-qa-qc,san-xuat-quan-ly
5464,,
5465,ke-toan-tai-chinh,ke-toan-tai-chinh-ngan-hang
5466,marketing-truyen-thong,marketing-bao-chi-truyen-hinh
5467,,
5468,ke-toan-tai-chinh,ke-toan-tai-chinh-kiem-toan
5469,kinh-doanh-ban-hang,kinh-doanh-ban-hang-tong-hop
5470,y-te-duoc,y-te-duoc-y-te
5471,y-te-duoc,y-te-duoc-y-te
5472,kinh-doanh-ban-hang,kinh-doanh-ban-hang-tong-hop
5473,,
5474,co-khi-che-tao,co-khi-tu-dong-hoa
5475,cntt,cntt-phat-trien-phan-mem
5476,,
5477,ke-toan-tai-chinh,ke-toan-tai-chinh-bao-hiem
5478,nhan-su-hanh-chinh,nhan-su-thu-ky-tro-ly
5479,thiet-ke-kien-truc,thiet-ke-do-hoa
5480,,
5481,dich-vu-khach-hang,dich-vu-khach-hang-cskh
5482,dien-dien-tu-vien-thong,dien-dien-tu-vien-thong-vt
5483,nhan-su-hanh-chinh,nhan-su-hanh-chinh-van-phong
5484,nhan-su-hanh-chinh,nhan-su-phap-ly-phap-che
5485,cntt,cntt-phan-cung-mang
5486,ke-toan-tai-chinh,ke-toan-tai-chinh-kiem-toan
5487,nhan-su-hanh-chinh,nhan-su-tuyen-dung-cb
5488,,
5489,khach-san-nha-hang-du-lich,khach-san-du-lich-le-hanh
5490,nhan-su-hanh-chinh,nhan-su-hanh-chinh-van-phong
5491,kinh-doanh-ban-hang,kinh-doanh-ban-hang-tong-hop
5492,kinh-doanh-ban-hang,kinh-doanh-ban-hang-tong-hop
5493,nhan-su-hanh-chinh,nhan-su-hanh-chinh-van-phong
5494,kinh-doanh-ban-hang,kinh-doanh-ban-hang-tong-hop
5495,y-te-duoc,y-te-duoc-duoc-pham
5496,marketing-truyen-thong,marketing-truyen-thong-pr
5497,khach-san-nha-hang-du-lich,khach-san-khach-san
5498,cntt,cntt-phat-trien-phan-mem
5499,marketing-truyen-thong,marketing-truyen-thong-pr
5500,cntt,cntt-phat-trien-phan-mem
5501,kinh-doanh-ban-hang,kinh-doanh-ban-hang-tong-hop
5502,,
5503,kinh-doanh-ban-hang,kinh-doanh-ban-hang-tong-hop
5504,cntt,cntt-phat-trien-phan-mem
5505,marketing-truyen-thong,marketing-truyen-thong-pr
5506,kinh-doanh-ban-hang,kinh-doanh-ban-hang-tong-hop
5507,,
5508,kinh-doanh-ban-hang,kinh-doanh-ban-hang-tong-hop
5509,cntt,cntt-phat-trien-phan-mem
5510,kinh-doanh-ban-hang,kinh-doanh-ban-hang-tong-hop
5511,nhan-su-hanh-chinh,nhan-su-tuyen-dung-cb
5512,kinh-doanh-ban-hang,kinh-doanh-ban-hang-tong-hop
5513,y-te-duoc,y-te-duoc-y-te
5514,nhan-su-hanh-chinh,nhan-su-tuyen-dung-cb
5515,nhan-su-hanh-chinh,nhan-su-tuyen-dung-cb
5516,bat-dong-san,bat-dong-san-moi-gioi
5517,ke-toan-tai-chinh,ke-toan-tai-chinh-kiem-toan
5518,cntt,cntt-phat-trien-phan-mem
5519,ke-toan-tai-chinh,ke-toan-tai-chinh-kiem-toan
5520,kinh-doanh-ban-hang,kinh-doanh-ban-hang-tong-hop
5521,ke-toan-tai-chinh,ke-toan-tai-chinh-kiem-toan
5522,ke-toan-tai-chinh,ke-toan-tai-chinh-ngan-hang
5523,van-tai-logistics,van-tai-xuat-nhap-khau
5524,kinh-doanh-ban-hang,kinh-doanh-ban-hang-tong-hop
5525,nhan-su-hanh-chinh,nhan-su-tuyen-dung-cb
5526,cntt,cntt-phat-trien-phan-mem
5527,kinh-doanh-ban-hang,kinh-doanh-ban-hang-tong-hop
5528,co-khi-che-tao,co-khi-tu-dong-hoa
5529,,
5530,thiet-ke-kien-truc,thiet-ke-noi-that
5531,cntt,cntt-phan-cung-mang
5532,san-xuat-qa-qc,san-xuat-thuc-pham
5533,khach-san-nha-hang-du-lich,khach-san-du-lich-le-hanh
5534,cntt,cntt-phat-trien-phan-mem
5535,marketing-truyen-thong,marketing-truyen-thong-pr
5536,ke-toan-tai-chinh,ke-toan-tai-chinh-bao-hiem
5537,cntt,cntt-phat-trien-phan-mem
5538,kinh-doanh-ban-hang,kinh-doanh-ban-hang-tong-hop
5539,kinh-doanh-ban-hang,kinh-doanh-ban-hang-ban-le-si
5540,kinh-doanh-ban-hang,kinh-doanh-ban-hang-tong-hop
5541,dien-dien-tu-vien-thong,dien-dien-tu-dien-lanh
5542,kinh-doanh-ban-hang,kinh-doanh-ban-hang-tong-hop
5543,kinh-doanh-ban-hang,kinh-doanh-ban-hang-tong-hop
5544,kinh-doanh-ban-hang,kinh-doanh-ban-hang-tong-hop
5545,dich-vu-khach-hang,dich-vu-khach-hang-cskh
5546,cntt,cntt-phat-trien-phan-mem
5547,marketing-truyen-thong,marketing-truyen-thong-pr
5548,marketing-truyen-thong,marketing-truyen-thong-pr
5549,,
5550,kinh-doanh-ban-hang,kinh-doanh-ban-hang-tong-hop
5551,san-xuat-qa-qc,san-xuat-quan-ly
5552,cntt,cntt-phat-trien-phan-mem
5553,bat-dong-san,bat-dong-san-moi-gioi
5554,marketing-truyen-thong,marketing-bao-chi-truyen-hinh
5555,ke-toan-tai-chinh,ke-toan-tai-chinh-kiem-toan
5556,marketing-truyen-thong,marketing-truyen-thong-pr
5557,giao-duc-dao-tao,giao-duc-giang-day
5558,,
5559,cntt,cntt-phat-trien-phan-mem
5560,san-xuat-qa-qc,san-xuat-quan-ly
5561,kinh-doanh-ban-hang,kinh-doanh-ban-hang-tong-hop
5562,thiet-ke-kien-truc,thiet-ke-do-hoa
5563,van-tai-logistics,van-tai-xuat-nhap-khau
5564,kinh-doanh-ban-hang,kinh-doanh-ban-hang-tong-hop
5565,san-xuat-qa-qc,san-xuat-quan-ly
5566,marketing-truyen-thong,marketing-truyen-thong-pr
5567,dien-dien-tu-vien-thong,dien-dien-tu-dien-lanh
5568,cntt,cntt-phat-trien-phan-mem
5569,cntt,cntt-phat-trien-phan-mem
5570,dien-dien-tu-vien-thong,dien-dien-tu-dien-lanh
5571,marketing-truyen-thong,marketing-truyen-thong-pr
5572,kinh-doanh-ban-hang,kinh-doanh-ban-hang-tong-hop
5573,marketing-truyen-thong,marketing-truyen-thong-pr
5574,marketing-truyen-thong,marketing-bien-phien-dich
5575,kinh-doanh-ban-hang,kinh-doanh-ban-hang-tong-hop
5576,marketing-truyen-thong,marketing-truyen-thong-pr
5577,cntt,cntt-phat-trien-phan-mem
5578,marketing-truyen-thong,marketing-to-chuc-su-kien
5579,van-tai-logistics,van-tai-xuat-nhap-khau
5580,cntt,cntt-phat-trien-phan-mem
5581,kinh-doanh-ban-hang,kinh-doanh-ban-hang-tong-hop
5582,marketing-truyen-thong,marketing-truyen-thong-pr
5583,ke-toan-tai-chinh,ke-toan-tai-chinh-tai-chinh
5584,kinh-doanh-ban-hang,kinh-doanh-ban-hang-tong-hop
5585,kinh-doanh-ban-hang,kinh-doanh-ban-hang-tong-hop
5586,cntt,cntt-phat-trien-phan-mem
5587,,
5588,ke-toan-tai-chinh,ke-toan-tai-chinh-kiem-toan
5589,,
5590,ke-toan-tai-chinh,ke-toan-tai-chinh-kiem-toan
5591,,
5592,nhan-su-hanh-chinh,nhan-su-tuyen-dung-cb
5593,san-xuat-qa-qc,san-xuat-thuc-pham
5594,dich-vu-khach-hang,dich-vu-khach-hang-cskh
5595,kinh-doanh-ban-hang,kinh-doanh-ban-hang-tong-hop
5596,marketing-truyen-thong,marketing-truyen-thong-pr
5597,cntt,cntt-phat-trien-phan-mem
5598,dien-dien-tu-vien-thong,dien-dien-tu-vien-thong-vt
5599,nhan-su-hanh-chinh,nhan-su-tuyen-dung-cb
5600,kinh-doanh-ban-hang,kinh-doanh-ban-hang-tong-hop
5601,khach-san-nha-hang-du-lich,khach-san-du-lich-le-hanh
5602,ke-toan-tai-chinh,ke-toan-tai-chinh-kiem-toan
5603,,
5604,kinh-doanh-ban-hang,kinh-doanh-ban-hang-tong-hop
5605,y-te-duoc,y-te-duoc-y-te
5606,kinh-doanh-ban-hang,kinh-doanh-ban-hang-tong-hop
5607,marketing-truyen-thong,marketing-truyen-thong-pr
5608,,
5609,ke-toan-tai-chinh,ke-toan-tai-chinh-kiem-toan
5610,kinh-doanh-ban-hang,kinh-doanh-ban-hang-tong-hop
5611,san-xuat-qa-qc,san-xuat-my-pham
5612,ke-toan-tai-chinh,ke-toan-tai-chinh-kiem-toan
5613,ke-toan-tai-chinh,ke-toan-tai-chinh-kiem-toan
5614,marketing-truyen-thong,marketing-truyen-thong-pr
5615,,
5616,kinh-doanh-ban-hang,kinh-doanh-ban-hang-tong-hop
5617,cntt,cntt-phat-trien-phan-mem
5618,dich-vu-khach-hang,dich-vu-khach-hang-cskh
5619,marketing-truyen-thong,marketing-truyen-thong-pr
5620,nhan-su-hanh-chinh,nhan-su-thu-ky-tro-ly
5621,van-tai-logistics,van-tai-logistics-kho-van
5622,bat-dong-san,bat-dong-san-moi-gioi
5623,ke-toan-tai-chinh,ke-toan-tai-chinh-kiem-toan
5624,,
5625,ke-toan-tai-chinh,ke-toan-tai-chinh-kiem-toan
5626,kinh-doanh-ban-hang,kinh-doanh-ban-hang-tong-hop
5627,cntt,cntt-phan-cung-mang
5628,thiet-ke-kien-truc,thiet-ke-do-hoa
5629,dich-vu-khach-hang,dich-vu-khach-hang-cskh
5630,marketing-truyen-thong,marketing-bien-phien-dich
5631,ke-toan-tai-chinh,ke-toan-tai-chinh-tai-chinh
5632,,
5633,kinh-doanh-ban-hang,kinh-doanh-ban-hang-tong-hop
5634,san-xuat-qa-qc,san-xuat-quan-ly
5635,san-xuat-qa-qc,san-xuat-quan-ly
5636,cntt,cntt-phat-trien-phan-mem
5637,san-xuat-qa-qc,san-xuat-qa-qc-qa-qc
5638,kinh-doanh-ban-hang,kinh-doanh-ban-hang-tong-hop
5639,marketing-truyen-thong,marketing-truyen-thong-pr
5640,marketing-truyen-thong,marketing-truyen-thong-pr
5641,khach-san-nha-hang-du-lich,khach-san-khach-san
5642,kinh-doanh-ban-hang,kinh-doanh-ban-hang-tong-hop
5643,kinh-doanh-ban-hang,kinh-doanh-ban-hang-tong-hop
5644,san-xuat-qa-qc,san-xuat-quan-ly
5645,san-xuat-qa-qc,san-xuat-moi-truong
5646,ke-toan-tai-chinh,ke-toan-tai-chinh-kiem-toan
5647,giao-duc-dao-tao,giao-duc-giang-day
5648,nhan-su-hanh-chinh,nhan-su-phap-ly-phap-che
5649,nhan-su-hanh-chinh,nhan-su-hanh-chinh-van-phong
5650,,
5651,marketing-truyen-thong,marketing-truyen-thong-pr
5652,ke-toan-tai-chinh,ke-toan-tai-chinh-kiem-toan
5653,nhan-su-hanh-chinh,nhan-su-tuyen-dung-cb
5654,khach-san-nha-hang-du-lich,khach-san-du-lich-le-hanh
5655,marketing-truyen-thong,marketing-truyen-thong-pr
5656,cntt,cntt-phat-trien-phan-mem
5657,van-tai-logistics,van-tai-logistics-kho-van
5658,ke-toan-tai-chinh,ke-toan-tai-chinh-ngan-hang
5659,kinh-doanh-ban-hang,kinh-doanh-ban-hang-tong-hop
5660,kinh-doanh-ban-hang,kinh-doanh-ban-hang-tong-hop
5661,san-xuat-qa-qc,san-xuat-qa-qc-qa-qc
5662,marketing-truyen-thong,marketing-truyen-thong-pr
5663,marketing-truyen-thong,marketing-truyen-thong-pr
5664,kinh-doanh-ban-hang,kinh-doanh-ban-hang-tong-hop
5665,van-tai-logistics,van-tai-xuat-nhap-khau
5666,nhan-su-hanh-chinh,nhan-su-hanh-chinh-van-phong
5667,kinh-doanh-ban-hang,kinh-doanh-ban-hang-tong-hop
5668,kinh-doanh-ban-hang,kinh-doanh-ban-hang-tong-hop
5669,,
5670,cntt,cntt-phat-trien-phan-mem
5671,kinh-doanh-ban-hang,kinh-doanh-ban-hang-tong-hop
5672,kinh-doanh-ban-hang,kinh-doanh-ban-hang-tong-hop
5673,dich-vu-khach-hang,dich-vu-khach-hang-cskh
5674,giao-duc-dao-tao,giao-duc-giang-day
5675,kinh-doanh-ban-hang,kinh-doanh-ban-hang-tong-hop
5676,giao-duc-dao-tao,giao-duc-giang-day
5677,,
5678,cntt,cntt-phat-trien-phan-mem
5679,cntt,cntt-phat-trien-phan-mem
5680,dich-vu-khach-hang,dich-vu-khach-hang-cskh
5681,ke-toan-tai-chinh,ke-toan-tai-chinh-ngan-hang
5682,ke-toan-tai-chinh,ke-toan-tai-chinh-kiem-toan
5683,ke-toan-tai-chinh,ke-toan-tai-chinh-tai-chinh
5684,marketing-truyen-thong,marketing-bao-chi-truyen-hinh
5685,kinh-doanh-ban-hang,kinh-doanh-ban-hang-tong-hop
5686,thiet-ke-kien-truc,thiet-ke-do-hoa
5687,cntt,cntt-phat-trien-phan-mem
5688,kinh-doanh-ban-hang,kinh-doanh-ban-hang-tong-hop
5689,ke-toan-tai-chinh,ke-toan-tai-chinh-kiem-toan
5690,thiet-ke-kien-truc,thiet-ke-kien-truc-kien-truc
5691,khach-san-nha-hang-du-lich,khach-san-spa-lam-dep
5692,ke-toan-tai-chinh,ke-toan-tai-chinh-bao-hiem
5693,cntt,cntt-phat-trien-phan-mem
5694,marketing-truyen-thong,marketing-truyen-thong-pr
5695,cntt,cntt-phat-trien-phan-mem
5696,nhan-su-hanh-chinh,nhan-su-tuyen-dung-cb
5697,cntt,cntt-phat-trien-phan-mem
5698,marketing-truyen-thong,marketing-truyen-thong-pr
5699,marketing-truyen-thong,marketing-truyen-thong-pr
5700,nhan-su-hanh-chinh,nhan-su-tuyen-dung-cb
5701,marketing-truyen-thong,marketing-truyen-thong-pr
5702,san-xuat-qa-qc,san-xuat-quan-ly
5703,khach-san-nha-hang-du-lich,khach-san-du-lich-le-hanh
5704,kinh-doanh-ban-hang,kinh-doanh-ban-hang-tong-hop
5705,marketing-truyen-thong,marketing-bao-chi-truyen-hinh
5706,cntt,cntt-phat-trien-phan-mem
5707,ke-toan-tai-chinh,ke-toan-tai-chinh-kiem-toan
5708,kinh-doanh-ban-hang,kinh-doanh-ban-hang-tong-hop
5709,cntt,cntt-phat-trien-phan-mem
5710,khach-san-nha-hang-du-lich,khach-san-khach-san
5711,,
5712,marketing-truyen-thong,marketing-truyen-thong-pr
5713,marketing-truyen-thong,marketing-truyen-thong-pr
5714,,
5715,,
5716,kinh-doanh-ban-hang,kinh-doanh-ban-hang-tong-hop
5717,san-xuat-qa-qc,san-xuat-quan-ly
5718,ke-toan-tai-chinh,ke-toan-tai-chinh-ngan-hang
5719,dich-vu-khach-hang,dich-vu-khach-hang-cskh
5720,y-te-duoc,y-te-duoc-y-te
5721,marketing-truyen-thong,marketing-truyen-thong-pr
5722,,
5723,dien-dien-tu-vien-thong,dien-dien-tu-dien-lanh
5724,kinh-doanh-ban-hang,kinh-doanh-ban-hang-tong-hop
5725,kinh-doanh-ban-hang,kinh-doanh-ban-hang-tong-hop
5726,cntt,cntt-phat-trien-phan-mem
5727,kinh-doanh-ban-hang,kinh-doanh-ban-hang-tong-hop
5728,kinh-doanh-ban-hang,kinh-doanh-ban-hang-tong-hop
5729,xay-dung,xay-dung-ky-su
5730,,
5731,cntt,cntt-phat-trien-phan-mem
5732,kinh-doanh-ban-hang,kinh-doanh-ban-hang-tong-hop
5733,cntt,cntt-phat-trien-phan-mem
5734,cntt,cntt-phat-trien-phan-mem
5735,thiet-ke-kien-truc,thiet-ke-do-hoa
5736,marketing-truyen-thong,marketing-truyen-thong-pr
5737,bat-dong-san,bat-dong-san-moi-gioi
5738,ke-toan-tai-chinh,ke-toan-tai-chinh-kiem-toan
5739,marketing-truyen-thong,marketing-truyen-thong-pr
5740,san-xuat-qa-qc,san-xuat-nong-nghiep
5741,kinh-doanh-ban-hang,kinh-doanh-ban-hang-tong-hop
5742,khach-san-nha-hang-du-lich,khach-san-khach-san
5743,ke-toan-tai-chinh,ke-toan-tai-chinh-ngan-hang
5744,marketing-truyen-thong,marketing-truyen-thong-pr
5745,giao-duc-dao-tao,giao-duc-giang-day
5746,cntt,cntt-phat-trien-phan-mem
5747,kinh-doanh-ban-hang,kinh-doanh-ban-hang-tong-hop
5748,cntt,cntt-phat-trien-phan-mem
5749,,
5750,ke-toan-tai-chinh,ke-toan-tai-chinh-ngan-hang
5751,ke-toan-tai-chinh,ke-toan-tai-chinh-tai-chinh
5752,thiet-ke-kien-truc,thiet-ke-do-hoa
5753,ke-toan-tai-chinh,ke-toan-tai-chinh-kiem-toan
5754,nhan-su-hanh-chinh,nhan-su-thu-ky-tro-ly
5755,khach-san-nha-hang-du-lich,khach-san-du-lich-le-hanh
5756,y-te-duoc,y-te-duoc-y-te
5757,kinh-doanh-ban-hang,kinh-doanh-ban-hang-tong-hop
5758,co-khi-che-tao,co-khi-tu-dong-hoa
5759,,
5760,,
5761,kinh-doanh-ban-hang,kinh-doanh-ban-hang-tong-hop
5762,thiet-ke-kien-truc,thiet-ke-noi-that
5763,ke-toan-tai-chinh,ke-toan-tai-chinh-bao-hiem
5764,san-xuat-qa-qc,san-xuat-det-may
5765,dich-vu-khach-hang,dich-vu-khach-hang-cskh
5766,kinh-doanh-ban-hang,kinh-doanh-ban-hang-tong-hop
5767,san-xuat-qa-qc,san-xuat-quan-ly
5768,co-khi-che-tao,co-khi-tu-dong-hoa
5769,ke-toan-tai-chinh,ke-toan-tai-chinh-kiem-toan
5770,dien-dien-tu-vien-thong,dien-dien-tu-vien-thong-vt
5771,giao-duc-dao-tao,giao-duc-giang-day
5772,marketing-truyen-thong,marketing-truyen-thong-pr
5773,van-tai-logistics,van-tai-xuat-nhap-khau
5774,giao-duc-dao-tao,giao-duc-giang-day
5775,nhan-su-hanh-chinh,nhan-su-hanh-chinh-van-phong
5776,cntt,cntt-phat-trien-phan-mem
5777,marketing-truyen-thong,marketing-truyen-thong-pr
5778,kinh-doanh-ban-hang,kinh-doanh-ban-hang-tong-hop
5779,,
5780,nhan-su-hanh-chinh,nhan-su-thu-ky-tro-ly
5781,ke-toan-tai-chinh,ke-toan-tai-chinh-kiem-toan
5782,dich-vu-khach-hang,dich-vu-khach-hang-cskh
5783,san-xuat-qa-qc,san-xuat-quan-ly
5784,thiet-ke-kien-truc,thiet-ke-kien-truc-kien-truc
5785,ke-toan-tai-chinh,ke-toan-tai-chinh-kiem-toan
5786,ke-toan-tai-chinh,ke-toan-tai-chinh-bao-hiem
5787,co-khi-che-tao,co-khi-o-to
5788,co-khi-che-tao,co-khi-tu-dong-hoa
5789,thiet-ke-kien-truc,thiet-ke-do-hoa
5790,kinh-doanh-ban-hang,kinh-doanh-ban-hang-tong-hop
5791,kinh-doanh-ban-hang,kinh-doanh-ban-hang-tong-hop
5792,ke-toan-tai-chinh,ke-toan-tai-chinh-kiem-toan
5793,y-te-duoc,y-te-duoc-y-te
5794,marketing-truyen-thong,marketing-bao-chi-truyen-hinh
5795,,
5796,y-te-duoc,y-te-duoc-y-te
5797,kinh-doanh-ban-hang,kinh-doanh-ban-hang-tong-hop
5798,san-xuat-qa-qc,san-xuat-moi-truong
5799,marketing-truyen-thong,marketing-truyen-thong-pr
5800,kinh-doanh-ban-hang,kinh-doanh-ban-hang-tong-hop
5801,kinh-doanh-ban-hang,kinh-doanh-ban-hang-tong-hop
5802,ke-toan-tai-chinh,ke-toan-tai-chinh-bao-hiem
5803,khach-san-nha-hang-du-lich,khach-san-du-lich-le-hanh
5804,marketing-truyen-thong,marketing-truyen-thong-pr
5805,giao-duc-dao-tao,giao-duc-giang-day
5806,san-xuat-qa-qc,san-xuat-quan-ly
5807,kinh-doanh-ban-hang,kinh-doanh-ban-hang-tong-hop
5808,ke-toan-tai-chinh,ke-toan-tai-chinh-kiem-toan
5809,cntt,cntt-phat-trien-phan-mem
5810,san-xuat-qa-qc,san-xuat-qa-qc-qa-qc
5811,khach-san-nha-hang-du-lich,khach-san-du-lich-le-hanh
5812,cntt,cntt-phat-trien-phan-mem
5813,khach-san-nha-hang-du-lich,khach-san-khach-san
5814,cntt,cntt-phat-trien-phan-mem
5815,ke-toan-tai-chinh,ke-toan-tai-chinh-bao-hiem
5816,san-xuat-qa-qc,san-xuat-det-may
5817,nhan-su-hanh-chinh,nhan-su-hanh-chinh-van-phong
5818,marketing-truyen-thong,marketing-truyen-thong-pr
5819,san-xuat-qa-qc,san-xuat-qa-qc-qa-qc
5820,ke-toan-tai-chinh,ke-toan-tai-chinh-ngan-hang
5821,ke-toan-tai-chinh,ke-toan-tai-chinh-kiem-toan
5822,thiet-ke-kien-truc,thiet-ke-my-thuat
5823,y-te-duoc,y-te-duoc-y-te
5824,giao-duc-dao-tao,giao-duc-giang-day
5825,kinh-doanh-ban-hang,kinh-doanh-ban-hang-tong-hop
5826,marketing-truyen-thong,marketing-to-chuc-su-kien
5827,ke-toan-tai-chinh,ke-toan-tai-chinh-ngan-hang
5828,van-tai-logistics,van-tai-xuat-nhap-khau
5829,kinh-doanh-ban-hang,kinh-doanh-ban-hang-tong-hop
5830,cntt,cntt-phat-trien-phan-mem
5831,kinh-doanh-ban-hang,kinh-doanh-ban-hang-ban-hang
5832,kinh-doanh-ban-hang,kinh-doanh-ban-hang-tong-hop
5833,kinh-doanh-ban-hang,kinh-doanh-ban-hang-tong-hop
5834,bat-dong-san,bat-dong-san-moi-gioi
5835,marketing-truyen-thong,marketing-truyen-thong-pr
5836,marketing-truyen-thong,marketing-truyen-thong-pr
5837,kinh-doanh-ban-hang,kinh-doanh-ban-hang-tong-hop
5838,kinh-doanh-ban-hang,kinh-doanh-ban-hang-tong-hop
5839,y-te-duoc,y-te-duoc-y-te
5840,marketing-truyen-thong,marketing-truyen-thong-pr
5841,marketing-truyen-thong,marketing-truyen-thong-pr
5842,ke-toan-tai-chinh,ke-toan-tai-chinh-kiem-toan
5843,ke-toan-tai-chinh,ke-toan-tai-chinh-kiem-toan
5844,giao-duc-dao-tao,giao-duc-giang-day
5845,giao-duc-dao-tao,giao-duc-giang-day
5846,kinh-doanh-ban-hang,kinh-doanh-ban-hang-tong-hop
5847,,
5848,ke-toan-tai-chinh,ke-toan-tai-chinh-kiem-toan
5849,dich-vu-khach-hang,dich-vu-khach-hang-cskh
5850,,
5851,giao-duc-dao-tao,giao-duc-giang-day
5852,kinh-doanh-ban-hang,kinh-doanh-ban-hang-tong-hop
5853,cntt,cntt-phat-trien-phan-mem
5854,ke-toan-tai-chinh,ke-toan-tai-chinh-ngan-hang
5855,kinh-doanh-ban-hang,kinh-doanh-ban-hang-tong-hop
5856,kinh-doanh-ban-hang,kinh-doanh-ban-hang-tong-hop
5857,ke-toan-tai-chinh,ke-toan-tai-chinh-kiem-toan
5858,cntt,cntt-phat-trien-phan-mem
5859,y-te-duoc,y-te-duoc-y-te
5860,thiet-ke-kien-truc,thiet-ke-do-hoa
5861,giao-duc-dao-tao,giao-duc-giang-day
5862,ke-toan-tai-chinh,ke-toan-tai-chinh-kiem-toan
5863,,
5864,y-te-duoc,y-te-duoc-y-te
5865,cntt,cntt-phat-trien-phan-mem
5866,san-xuat-qa-qc,san-xuat-qa-qc-qa-qc
5867,,
5868,marketing-truyen-thong,marketing-truyen-thong-pr
5869,cntt,cntt-phat-trien-phan-mem
5870,cntt,cntt-phat-trien-phan-mem
5871,,
5872,marketing-truyen-thong,marketing-truyen-thong-pr
5873,marketing-truyen-thong,marketing-truyen-thong-pr
5874,san-xuat-qa-qc,san-xuat-quan-ly
5875,cntt,cntt-phat-trien-phan-mem
5876,nhan-su-hanh-chinh,nhan-su-phap-ly-phap-che
5877,kinh-doanh-ban-hang,kinh-doanh-ban-hang-tong-hop
5878,,
5879,giao-duc-dao-tao,giao-duc-giang-day
5880,cntt,cntt-phat-trien-phan-mem
5881,ke-toan-tai-chinh,ke-toan-tai-chinh-kiem-toan
5882,thiet-ke-kien-truc,thiet-ke-do-hoa
5883,marketing-truyen-thong,marketing-truyen-thong-pr
5884,marketing-truyen-thong,marketing-truyen-thong-pr
5885,,
5886,y-te-duoc,y-te-duoc-y-te
5887,marketing-truyen-thong,marketing-truyen-thong-pr
5888,ke-toan-tai-chinh,ke-toan-tai-chinh-bao-hiem
5889,kinh-doanh-ban-hang,kinh-doanh-ban-hang-tong-hop
5890,ke-toan-tai-chinh,ke-toan-tai-chinh-kiem-toan
5891,kinh-doanh-ban-hang,kinh-doanh-ban-hang-tong-hop
5892,ke-toan-tai-chinh,ke-toan-tai-chinh-kiem-toan
5893,marketing-truyen-thong,marketing-truyen-thong-pr
5894,cntt,cntt-phan-cung-mang
5895,marketing-truyen-thong,marketing-truyen-thong-pr
5896,dich-vu-khach-hang,dich-vu-khach-hang-cskh
5897,bat-dong-san,bat-dong-san-moi-gioi
5898,kinh-doanh-ban-hang,kinh-doanh-ban-hang-tong-hop
5899,cntt,cntt-phat-trien-phan-mem
5900,,
5901,kinh-doanh-ban-hang,kinh-doanh-ban-hang-tong-hop
5902,marketing-truyen-thong,marketing-truyen-thong-pr
5903,kinh-doanh-ban-hang,kinh-doanh-ban-hang-tong-hop
5904,cntt,cntt-phat-trien-phan-mem
5905,khach-san-nha-hang-du-lich,khach-san-du-lich-le-hanh
5906,nhan-su-hanh-chinh,nhan-su-hanh-chinh-van-phong
5907,van-tai-logistics,van-tai-xuat-nhap-khau
5908,cntt,cntt-phat-trien-phan-mem
5909,khach-san-nha-hang-du-lich,khach-san-du-lich-le-hanh
5910,dich-vu-khach-hang,dich-vu-khach-hang-cskh
5911,kinh-doanh-ban-hang,kinh-doanh-ban-hang-tong-hop
5912,cntt,cntt-phan-cung-mang
5913,marketing-truyen-thong,marketing-bien-phien-dich
5914,ke-toan-tai-chinh,ke-toan-tai-chinh-kiem-toan
5915,ke-toan-tai-chinh,ke-toan-tai-chinh-kiem-toan
5916,khach-san-nha-hang-du-lich,khach-san-khach-san
5917,kinh-doanh-ban-hang,kinh-doanh-ban-hang-tong-hop
5918,cntt,cntt-phat-trien-phan-mem
5919,ke-toan-tai-chinh,ke-toan-tai-chinh-ngan-hang
5920,cntt,cntt-phat-trien-phan-mem
5921,marketing-truyen-thong,marketing-truyen-thong-pr
5922,cntt,cntt-phat-trien-phan-mem
5923,y-te-duoc,y-te-duoc-y-te
5924,,
5925,ke-toan-tai-chinh,ke-toan-tai-chinh-bao-hiem
5926,dich-vu-khach-hang,dich-vu-khach-hang-cskh
5927,san-xuat-qa-qc,san-xuat-qa-qc-qa-qc
5928,,
5929,nhan-su-hanh-chinh,nhan-su-phap-ly-phap-che
5930,khach-san-nha-hang-du-lich,khach-san-spa-lam-dep
5931,marketing-truyen-thong,marketing-truyen-thong-pr
5932,kinh-doanh-ban-hang,kinh-doanh-ban-hang-tong-hop
5933,co-khi-che-tao,co-khi-tu-dong-hoa
5934,,
5935,,
5936,marketing-truyen-thong,marketing-truyen-thong-pr
5937,kinh-doanh-ban-hang,kinh-doanh-ban-hang-tong-hop
5938,marketing-truyen-thong,marketing-truyen-thong-pr
5939,san-xuat-qa-qc,san-xuat-thuc-pham
5940,marketing-truyen-thong,marketing-truyen-thong-pr
5941,san-xuat-qa-qc,san-xuat-moi-truong
5942,y-te-duoc,y-te-duoc-y-te
5943,nhan-su-hanh-chinh,nhan-su-hanh-chinh-van-phong
5944,kinh-doanh-ban-hang,kinh-doanh-ban-hang-tong-hop
5945,cntt,cntt-phat-trien-phan-mem
5946,,
5947,thiet-ke-kien-truc,thiet-ke-do-hoa
5948,kinh-doanh-ban-hang,kinh-doanh-ban-hang-tong-hop
5949,co-khi-che-tao,co-khi-tu-dong-hoa
5950,dien-dien-tu-vien-thong,dien-dien-tu-dien-lanh
5951,kinh-doanh-ban-hang,kinh-doanh-ban-hang-tong-hop
5952,,
5953,,
5954,nhan-su-hanh-chinh,nhan-su-hanh-chinh-van-phong
5955,,
5956,bat-dong-san,bat-dong-san-moi-gioi
5957,san-xuat-qa-qc,san-xuat-quan-ly
5958,nhan-su-hanh-chinh,nhan-su-phap-ly-phap-che
5959,kinh-doanh-ban-hang,kinh-doanh-ban-hang-tong-hop
5960,,
5961,ke-toan-tai-chinh,ke-toan-tai-chinh-bao-hiem
5962,kinh-doanh-ban-hang,kinh-doanh-ban-hang-tong-hop
5963,san-xuat-qa-qc,san-xuat-thuc-pham
5964,kinh-doanh-ban-hang,kinh-doanh-ban-hang-tong-hop
5965,marketing-truyen-thong,marketing-truyen-thong-pr
5966,ke-toan-tai-chinh,ke-toan-tai-chinh-kiem-toan
5967,marketing-truyen-thong,marketing-truyen-thong-pr
5968,cntt,cntt-phat-trien-phan-mem
5969,cntt,cntt-phat-trien-phan-mem
5970,dich-vu-khach-hang,dich-vu-khach-hang-cskh
5971,ke-toan-tai-chinh,ke-toan-tai-chinh-ngan-hang
5972,marketing-truyen-thong,marketing-truyen-thong-pr
5973,kinh-doanh-ban-hang,kinh-doanh-ban-hang-tong-hop
5974,co-khi-che-tao,co-khi-tu-dong-hoa
5975,cntt,cntt-phat-trien-phan-mem
5976,cntt,cntt-phat-trien-phan-mem
5977,dich-vu-khach-hang,dich-vu-khach-hang-cskh
5978,kinh-doanh-ban-hang,kinh-doanh-ban-hang-tong-hop
5979,khach-san-nha-hang-du-lich,khach-san-du-lich-le-hanh
5980,y-te-duoc,y-te-duoc-y-te
5981,giao-duc-dao-tao,giao-duc-giang-day
5982,,
5983,kinh-doanh-ban-hang,kinh-doanh-ban-hang-tong-hop
5984,san-xuat-qa-qc,san-xuat-my-pham
5985,cntt,cntt-phat-trien-phan-mem
5986,,
5987,san-xuat-qa-qc,san-xuat-moi-truong
5988,,
5989,kinh-doanh-ban-hang,kinh-doanh-ban-hang-tong-hop
5990,marketing-truyen-thong,marketing-truyen-thong-pr
5991,kinh-doanh-ban-hang,kinh-doanh-ban-hang-tong-hop
5992,nhan-su-hanh-chinh,nhan-su-tuyen-dung-cb
5993,,
5994,marketing-truyen-thong,marketing-bien-phien-dich
5995,,
5996,kinh-doanh-ban-hang,kinh-doanh-ban-hang-tong-hop
5997,xay-dung,xay-dung-ky-su
5998,cntt,cntt-phat-trien-phan-mem
5999,kinh-doanh-ban-hang,kinh-doanh-ban-hang-tong-hop
6000,marketing-truyen-thong,marketing-truyen-thong-pr
6001,dich-vu-khach-hang,dich-vu-khach-hang-cskh
6002,ke-toan-tai-chinh,ke-toan-tai-chinh-bao-hiem
6003,kinh-doanh-ban-hang,kinh-doanh-ban-hang-tong-hop
6004,,
6005,khach-san-nha-hang-du-lich,khach-san-du-lich-le-hanh
6006,dien-dien-tu-vien-thong,dien-dien-tu-dien-lanh
6007,,
6008,kinh-doanh-ban-hang,kinh-doanh-ban-hang-tong-hop
6009,van-tai-logistics,van-tai-logistics-kho-van
6010,ke-toan-tai-chinh,ke-toan-tai-chinh-tai-chinh
6011,ke-toan-tai-chinh,ke-toan-tai-chinh-bao-hiem
6012,cntt,cntt-phat-trien-phan-mem
6013,ke-toan-tai-chinh,ke-toan-tai-chinh-ngan-hang
6014,ke-toan-tai-chinh,ke-toan-tai-chinh-kiem-toan
6015,marketing-truyen-thong,marketing-truyen-thong-pr
6016,y-te-duoc,y-te-duoc-y-te
6017,,
6018,cntt,cntt-phat-trien-phan-mem
6019,cntt,cntt-phat-trien-phan-mem
6020,marketing-truyen-thong,marketing-truyen-thong-pr
6021,marketing-truyen-thong,marketing-bao-chi-truyen-hinh
6022,cntt,cntt-phat-trien-phan-mem
6023,marketing-truyen-thong,marketing-bien-phien-dich
6024,cntt,cntt-phat-trien-phan-mem
6025,nhan-su-hanh-chinh,nhan-su-thu-ky-tro-ly
6026,cntt,cntt-phat-trien-phan-mem
6027,nhan-su-hanh-chinh,nhan-su-tuyen-dung-cb
6028,san-xuat-qa-qc,san-xuat-moi-truong
6029,san-xuat-qa-qc,san-xuat-moi-truong
6030,bat-dong-san,bat-dong-san-moi-gioi
6031,khach-san-nha-hang-du-lich,khach-san-khach-san
6032,ke-toan-tai-chinh,ke-toan-tai-chinh-kiem-toan
6033,dien-dien-tu-vien-thong,dien-dien-tu-dien-lanh
6034,marketing-truyen-thong,marketing-truyen-thong-pr
6035,marketing-truyen-thong,marketing-bien-phien-dich
6036,marketing-truyen-thong,marketing-truyen-thong-pr
6037,,
6038,,
6039,marketing-truyen-thong,marketing-truyen-thong-pr
6040,,
6041,cntt,cntt-phat-trien-phan-mem
6042,,
6043,kinh-doanh-ban-hang,kinh-doanh-ban-hang-tong-hop
6044,kinh-doanh-ban-hang,kinh-doanh-ban-hang-tong-hop
6045,co-khi-che-tao,co-khi-tu-dong-hoa
6046,dich-vu-khach-hang,dich-vu-khach-hang-cskh
6047,giao-duc-dao-tao,giao-duc-giang-day
6048,ke-toan-tai-chinh,ke-toan-tai-chinh-kiem-toan
6049,kinh-doanh-ban-hang,kinh-doanh-ban-hang-tong-hop
6050,,
6051,kinh-doanh-ban-hang,kinh-doanh-ban-hang-tong-hop
6052,,
6053,cntt,cntt-phat-trien-phan-mem
6054,,
6055,cntt,cntt-phat-trien-phan-mem
6056,marketing-truyen-thong,marketing-truyen-thong-pr
6057,dich-vu-khach-hang,dich-vu-khach-hang-cskh
6058,cntt,cntt-phat-trien-phan-mem
6059,kinh-doanh-ban-hang,kinh-doanh-ban-hang-tong-hop
6060,giao-duc-dao-tao,giao-duc-giang-day
6061,ke-toan-tai-chinh,ke-toan-tai-chinh-kiem-toan
6062,ke-toan-tai-chinh,ke-toan-tai-chinh-kiem-toan
6063,kinh-doanh-ban-hang,kinh-doanh-ban-hang-tong-hop
6064,marketing-truyen-thong,marketing-truyen-thong-pr
6065,kinh-doanh-ban-hang,kinh-doanh-ban-hang-tong-hop
6066,ke-toan-tai-chinh,ke-toan-tai-chinh-kiem-toan
6067,ke-toan-tai-chinh,ke-toan-tai-chinh-kiem-toan
6068,san-xuat-qa-qc,san-xuat-thuc-pham
6069,dich-vu-khach-hang,dich-vu-khach-hang-cskh
6070,marketing-truyen-thong,marketing-truyen-thong-pr
6071,nhan-su-hanh-chinh,nhan-su-tuyen-dung-cb
6072,,
6073,ke-toan-tai-chinh,ke-toan-tai-chinh-kiem-toan
6074,ke-toan-tai-chinh,ke-toan-tai-chinh-kiem-toan
6075,marketing-truyen-thong,marketing-truyen-thong-pr
6076,kinh-doanh-ban-hang,kinh-doanh-ban-hang-tong-hop
6077,y-te-duoc,y-te-duoc-y-te
6078,ke-toan-tai-chinh,ke-toan-tai-chinh-tai-chinh
6079,cntt,cntt-phat-trien-phan-mem
6080,giao-duc-dao-tao,giao-duc-giang-day
6081,co-khi-che-tao,co-khi-tu-dong-hoa
6082,kinh-doanh-ban-hang,kinh-doanh-ban-hang-tong-hop
6083,khach-san-nha-hang-du-lich,khach-san-spa-lam-dep
6084,khach-san-nha-hang-du-lich,khach-san-khach-san
6085,,
6086,y-te-duoc,y-te-duoc-y-te
6087,kinh-doanh-ban-hang,kinh-doanh-ban-hang-tong-hop
6088,kinh-doanh-ban-hang,kinh-doanh-ban-hang-tong-hop
6089,nhan-su-hanh-chinh,nhan-su-tuyen-dung-cb
6090,dich-vu-khach-hang,dich-vu-khach-hang-cskh
6091,cntt,cntt-phat-trien-phan-mem
6092,marketing-truyen-thong,marketing-bien-phien-dich
6093,kinh-doanh-ban-hang,kinh-doanh-ban-hang-tong-hop
6094,,
6095,ke-toan-tai-chinh,ke-toan-tai-chinh-kiem-toan
6096,marketing-truyen-thong,marketing-truyen-thong-pr
6097,co-khi-che-tao,co-khi-tu-dong-hoa
6098,kinh-doanh-ban-hang,kinh-doanh-ban-hang-tong-hop
6099,khach-san-nha-hang-du-lich,khach-san-khach-san
6100,,
6101,ke-toan-tai-chinh,ke-toan-tai-chinh-ngan-hang
6102,nhan-su-hanh-chinh,nhan-su-hanh-chinh-van-phong
6103,,
6104,ke-toan-tai-chinh,ke-toan-tai-chinh-ngan-hang
6105,cntt,cntt-phat-trien-phan-mem
6106,,
6107,marketing-truyen-thong,marketing-truyen-thong-pr
6108,cntt,cntt-phat-trien-phan-mem
6109,dien-dien-tu-vien-thong,dien-dien-tu-dien-lanh
6110,y-te-duoc,y-te-duoc-y-te
6111,,
6112,,
6113,ke-toan-tai-chinh,ke-toan-tai-chinh-bao-hiem
6114,co-khi-che-tao,co-khi-tu-dong-hoa
6115,ke-toan-tai-chinh,ke-toan-tai-chinh-kiem-toan
6116,,
6117,cntt,cntt-phat-trien-phan-mem
6118,cntt,cntt-phat-trien-phan-mem
6119,kinh-doanh-ban-hang,kinh-doanh-ban-hang-tong-hop
6120,kinh-doanh-ban-hang,kinh-doanh-ban-hang-tong-hop
6121,kinh-doanh-ban-hang,kinh-doanh-ban-hang-tong-hop
6122,ke-toan-tai-chinh,ke-toan-tai-chinh-kiem-toan
6123,cntt,cntt-phat-trien-phan-mem
6124,giao-duc-dao-tao,giao-duc-giang-day
6125,,
6126,ke-toan-tai-chinh,ke-toan-tai-chinh-kiem-toan
6127,cntt,cntt-phat-trien-phan-mem
6128,marketing-truyen-thong,marketing-truyen-thong-pr
6129,,
6130,cntt,cntt-phan-cung-mang
6131,,
6132,ke-toan-tai-chinh,ke-toan-tai-chinh-ngan-hang
6133,marketing-truyen-thong,marketing-truyen-thong-pr
6134,cntt,cntt-phat-trien-phan-mem
6135,,
6136,co-khi-che-tao,co-khi-tu-dong-hoa
6137,kinh-doanh-ban-hang,kinh-doanh-ban-hang-tong-hop
6138,kinh-doanh-ban-hang,kinh-doanh-ban-hang-tong-hop
6139,ke-toan-tai-chinh,ke-toan-tai-chinh-tai-chinh
6140,kinh-doanh-ban-hang,kinh-doanh-ban-hang-ban-le-si
6141,,
6142,ke-toan-tai-chinh,ke-toan-tai-chinh-kiem-toan
6143,,
6144,kinh-doanh-ban-hang,kinh-doanh-ban-hang-tong-hop
6145,marketing-truyen-thong,marketing-bien-phien-dich
6146,thiet-ke-kien-truc,thiet-ke-do-hoa
6147,kinh-doanh-ban-hang,kinh-doanh-ban-hang-tong-hop
6148,nhan-su-hanh-chinh,nhan-su-hanh-chinh-van-phong
6149,,
6150,cntt,cntt-phat-trien-phan-mem
6151,thiet-ke-kien-truc,thiet-ke-noi-that
6152,nhan-su-hanh-chinh,nhan-su-tuyen-dung-cb
6153,nhan-su-hanh-chinh,nhan-su-phap-ly-phap-che
6154,dich-vu-khach-hang,dich-vu-khach-hang-cskh
6155,nhan-su-hanh-chinh,nhan-su-hanh-chinh-van-phong
6156,dien-dien-tu-vien-thong,dien-dien-tu-dien-lanh
6157,ke-toan-tai-chinh,ke-toan-tai-chinh-kiem-toan
6158,thiet-ke-kien-truc,thiet-ke-my-thuat
6159,,
6160,thiet-ke-kien-truc,thiet-ke-do-hoa
6161,ke-toan-tai-chinh,ke-toan-tai-chinh-ngan-hang
6162,bat-dong-san,bat-dong-san-moi-gioi
6163,nhan-su-hanh-chinh,nhan-su-phap-ly-phap-che
6164,cntt,cntt-phat-trien-phan-mem
6165,marketing-truyen-thong,marketing-truyen-thong-pr
6166,y-te-duoc,y-te-duoc-y-te
6167,ke-toan-tai-chinh,ke-toan-tai-chinh-ngan-hang
6168,giao-duc-dao-tao,giao-duc-giang-day
6169,co-khi-che-tao,co-khi-tu-dong-hoa
6170,kinh-doanh-ban-hang,kinh-doanh-ban-hang-tong-hop
6171,khach-san-nha-hang-du-lich,khach-san-spa-lam-dep
6172,co-khi-che-tao,co-khi-tu-dong-hoa
6173,marketing-truyen-thong,marketing-truyen-thong-pr
6174,ke-toan-tai-chinh,ke-toan-tai-chinh-bao-hiem
6175,marketing-truyen-thong,marketing-truyen-thong-pr
6176,kinh-doanh-ban-hang,kinh-doanh-ban-hang-tong-hop
6177,kinh-doanh-ban-hang,kinh-doanh-ban-hang-tong-hop
6178,marketing-truyen-thong,marketing-to-chuc-su-kien
6179,cntt,cntt-phat-trien-phan-mem
6180,khach-san-nha-hang-du-lich,khach-san-khach-san
6181,ke-toan-tai-chinh,ke-toan-tai-chinh-kiem-toan
6182,kinh-doanh-ban-hang,kinh-doanh-ban-hang-tong-hop
6183,ke-toan-tai-chinh,ke-toan-tai-chinh-kiem-toan
6184,kinh-doanh-ban-hang,kinh-doanh-ban-hang-tong-hop
6185,,
6186,khach-san-nha-hang-du-lich,khach-san-khach-san
6187,kinh-doanh-ban-hang,kinh-doanh-ban-hang-tong-hop
6188,giao-duc-dao-tao,giao-duc-giang-day
6189,dich-vu-khach-hang,dich-vu-khach-hang-cskh
6190,marketing-truyen-thong,marketing-bien-phien-dich
6191,,
6192,cntt,cntt-phat-trien-phan-mem
6193,marketing-truyen-thong,marketing-truyen-thong-pr
6194,nhan-su-hanh-chinh,nhan-su-tuyen-dung-cb
6195,kinh-doanh-ban-hang,kinh-doanh-ban-hang-tong-hop
6196,cntt,cntt-phat-trien-phan-mem
6197,nhan-su-hanh-chinh,nhan-su-hanh-chinh-van-phong
6198,cntt,cntt-phat-trien-phan-mem
6199,kinh-doanh-ban-hang,kinh-doanh-ban-hang-tong-hop
6200,giao-duc-dao-tao,giao-duc-giang-day
6201,marketing-truyen-thong,marketing-truyen-thong-pr
6202,ke-toan-tai-chinh,ke-toan-tai-chinh-kiem-toan
6203,,
6204,giao-duc-dao-tao,giao-duc-giang-day
6205,,
6206,nhan-su-hanh-chinh,nhan-su-phap-ly-phap-che
6207,van-tai-logistics,van-tai-logistics-kho-van
6208,,
6209,kinh-doanh-ban-hang,kinh-doanh-ban-hang-tong-hop
6210,kinh-doanh-ban-hang,kinh-doanh-ban-hang-tong-hop
6211,marketing-truyen-thong,marketing-truyen-thong-pr
6212,san-xuat-qa-qc,san-xuat-my-pham
6213,san-xuat-qa-qc,san-xuat-quan-ly
6214,ke-toan-tai-chinh,ke-toan-tai-chinh-bao-hiem
6215,marketing-truyen-thong,marketing-truyen-thong-pr
6216,kinh-doanh-ban-hang,kinh-doanh-ban-hang-tong-hop
6217,,
6218,ke-toan-tai-chinh,ke-toan-tai-chinh-tai-chinh
6219,marketing-truyen-thong,marketing-truyen-thong-pr
6220,,
6221,cntt,cntt-phat-trien-phan-mem
6222,san-xuat-qa-qc,san-xuat-moi-truong
6223,cntt,cntt-phat-trien-phan-mem
6224,,
6225,bat-dong-san,bat-dong-san-moi-gioi
6226,kinh-doanh-ban-hang,kinh-doanh-ban-hang-tong-hop
6227,khach-san-nha-hang-du-lich,khach-san-khach-san
6228,,
6229,marketing-truyen-thong,marketing-bien-phien-dich
6230,cntt,cntt-phat-trien-phan-mem
6231,san-xuat-qa-qc,san-xuat-thuc-pham
6232,marketing-truyen-thong,marketing-bao-chi-truyen-hinh
6233,cntt,cntt-phat-trien-phan-mem
6234,y-te-duoc,y-te-duoc-y-te
6235,thiet-ke-kien-truc,thiet-ke-do-hoa
6236,van-tai-logistics,van-tai-logistics-kho-van
6237,thiet-ke-kien-truc,thiet-ke-do-hoa
6238,,
6239,kinh-doanh-ban-hang,kinh-doanh-ban-hang-tong-hop
6240,nhan-su-hanh-chinh,nhan-su-phap-ly-phap-che
6241,cntt,cntt-phat-trien-phan-mem
6242,y-te-duoc,y-te-duoc-y-te
6243,,
6244,dien-dien-tu-vien-thong,dien-dien-tu-dien-lanh
6245,cntt,cntt-phat-trien-phan-mem
6246,ke-toan-tai-chinh,ke-toan-tai-chinh-kiem-toan
6247,nhan-su-hanh-chinh,nhan-su-hanh-chinh-van-phong
6248,van-tai-logistics,van-tai-logistics-kho-van
6249,marketing-truyen-thong,marketing-truyen-thong-pr
6250,ke-toan-tai-chinh,ke-toan-tai-chinh-kiem-toan
6251,ke-toan-tai-chinh,ke-toan-tai-chinh-ngan-hang
6252,marketing-truyen-thong,marketing-truyen-thong-pr
6253,ke-toan-tai-chinh,ke-toan-tai-chinh-kiem-toan
6254,nhan-su-hanh-chinh,nhan-su-tuyen-dung-cb
6255,ke-toan-tai-chinh,ke-toan-tai-chinh-ngan-hang
6256,kinh-doanh-ban-hang,kinh-doanh-ban-hang-tong-hop
6257,cntt,cntt-phat-trien-phan-mem
6258,,
6259,marketing-truyen-thong,marketing-truyen-thong-pr
6260,san-xuat-qa-qc,san-xuat-thuc-pham
6261,ke-toan-tai-chinh,ke-toan-tai-chinh-kiem-toan
6262,kinh-doanh-ban-hang,kinh-doanh-ban-hang-tong-hop
6263,marketing-truyen-thong,marketing-truyen-thong-pr
6264,marketing-truyen-thong,marketing-truyen-thong-pr
6265,ke-toan-tai-chinh,ke-toan-tai-chinh-bao-hiem
6266,,
6267,dien-dien-tu-vien-thong,dien-dien-tu-vien-thong-vt
6268,thiet-ke-kien-truc,thiet-ke-noi-that
6269,thiet-ke-kien-truc,thiet-ke-noi-that
6270,kinh-doanh-ban-hang,kinh-doanh-ban-hang-tong-hop
6271,san-xuat-qa-qc,san-xuat-quan-ly
6272,marketing-truyen-thong,marketing-truyen-thong-pr
6273,xay-dung,xay-dung-ky-su
6274,kinh-doanh-ban-hang,kinh-doanh-ban-hang-tong-hop
6275,giao-duc-dao-tao,giao-duc-giang-day
6276,marketing-truyen-thong,marketing-bao-chi-truyen-hinh
6277,giao-duc-dao-tao,giao-duc-giang-day
6278,nhan-su-hanh-chinh,nhan-su-thu-ky-tro-ly
6279,y-te-duoc,y-te-duoc-y-te
6280,kinh-doanh-ban-hang,kinh-doanh-ban-hang-tong-hop
6281,giao-duc-dao-tao,giao-duc-giang-day
6282,ke-toan-tai-chinh,ke-toan-tai-chinh-kiem-toan
6283,nhan-su-hanh-chinh,nhan-su-tuyen-dung-cb
6284,thiet-ke-kien-truc,thiet-ke-do-hoa
6285,kinh-doanh-ban-hang,kinh-doanh-ban-hang-tong-hop
6286,ke-toan-tai-chinh,ke-toan-tai-chinh-kiem-toan
6287,cntt,cntt-phat-trien-phan-mem
6288,cntt,cntt-phat-trien-phan-mem
6289,nhan-su-hanh-chinh,nhan-su-hanh-chinh-van-phong
6290,ke-toan-tai-chinh,ke-toan-tai-chinh-tai-chinh
6291,kinh-doanh-ban-hang,kinh-doanh-ban-hang-tong-hop
6292,kinh-doanh-ban-hang,kinh-doanh-ban-hang-tong-hop
6293,bat-dong-san,bat-dong-san-moi-gioi
6294,nhan-su-hanh-chinh,nhan-su-hanh-chinh-van-phong
6295,marketing-truyen-thong,marketing-bao-chi-truyen-hinh
6296,,
6297,,
6298,san-xuat-qa-qc,san-xuat-quan-ly
6299,ke-toan-tai-chinh,ke-toan-tai-chinh-ngan-hang
6300,co-khi-che-tao,co-khi-tu-dong-hoa
6301,cntt,cntt-phat-trien-phan-mem
6302,kinh-doanh-ban-hang,kinh-doanh-ban-hang-tong-hop
6303,kinh-doanh-ban-hang,kinh-doanh-ban-hang-tong-hop
6304,nhan-su-hanh-chinh,nhan-su-tuyen-dung-cb
6305,khach-san-nha-hang-du-lich,khach-san-du-lich-le-hanh
6306,kinh-doanh-ban-hang,kinh-doanh-ban-hang-tong-hop
6307,khach-san-nha-hang-du-lich,khach-san-spa-lam-dep
6308,marketing-truyen-thong,marketing-bien-phien-dich
6309,ke-toan-tai-chinh,ke-toan-tai-chinh-bao-hiem
6310,ke-toan-tai-chinh,ke-toan-tai-chinh-tai-chinh
6311,nhan-su-hanh-chinh,nhan-su-hanh-chinh-van-phong
6312,cntt,cntt-phat-trien-phan-mem
6313,ke-toan-tai-chinh,ke-toan-tai-chinh-ngan-hang
6314,marketing-truyen-thong,marketing-truyen-thong-pr
6315,kinh-doanh-ban-hang,kinh-doanh-ban-hang-tong-hop
6316,,
6317,ke-toan-tai-chinh,ke-toan-tai-chinh-kiem-toan
6318,dien-dien-tu-vien-thong,dien-dien-tu-dien-lanh
6319,,
6320,ke-toan-tai-chinh,ke-toan-tai-chinh-tai-chinh
6321,san-xuat-qa-qc,san-xuat-quan-ly
6322,kinh-doanh-ban-hang,kinh-doanh-ban-hang-tong-hop
6323,cntt,cntt-phat-trien-phan-mem
6324,cntt,cntt-phat-trien-phan-mem
6325,nhan-su-hanh-chinh,nhan-su-hanh-chinh-van-phong
6326,ke-toan-tai-chinh,ke-toan-tai-chinh-ngan-hang
6327,van-tai-logistics,van-tai-logistics-kho-van
6328,cntt,cntt-phat-trien-phan-mem
6329,marketing-truyen-thong,marketing-truyen-thong-pr
6330,,
6331,kinh-doanh-ban-hang,kinh-doanh-ban-hang-tong-hop
6332,bat-dong-san,bat-dong-san-moi-gioi
6333,cntt,cntt-phat-trien-phan-mem
6334,cntt,cntt-phan-cung-mang
6335,thiet-ke-kien-truc,thiet-ke-do-hoa
6336,giao-duc-dao-tao,giao-duc-giang-day
6337,kinh-doanh-ban-hang,kinh-doanh-ban-hang-ban-le-si
6338,marketing-truyen-thong,marketing-bao-chi-truyen-hinh
6339,co-khi-che-tao,co-khi-tu-dong-hoa
6340,co-khi-che-tao,co-khi-o-to
6341,van-tai-logistics,van-tai-xuat-nhap-khau
6342,ke-toan-tai-chinh,ke-toan-tai-chinh-kiem-toan
6343,kinh-doanh-ban-hang,kinh-doanh-ban-hang-tong-hop
6344,,
6345,kinh-doanh-ban-hang,kinh-doanh-ban-hang-tong-hop
6346,giao-duc-dao-tao,giao-duc-giang-day
6347,,
6348,marketing-truyen-thong,marketing-truyen-thong-pr
6349,ke-toan-tai-chinh,ke-toan-tai-chinh-kiem-toan
6350,co-khi-che-tao,co-khi-tu-dong-hoa
6351,marketing-truyen-thong,marketing-truyen-thong-pr
6352,van-tai-logistics,van-tai-logistics-kho-van
6353,marketing-truyen-thong,marketing-truyen-thong-pr
6354,kinh-doanh-ban-hang,kinh-doanh-ban-hang-tong-hop
6355,,
6356,marketing-truyen-thong,marketing-truyen-thong-pr
6357,kinh-doanh-ban-hang,kinh-doanh-ban-hang-tong-hop
6358,ke-toan-tai-chinh,ke-toan-tai-chinh-bao-hiem
6359,,
6360,giao-duc-dao-tao,giao-duc-giang-day
6361,kinh-doanh-ban-hang,kinh-doanh-ban-hang-tong-hop
6362,marketing-truyen-thong,marketing-bao-chi-truyen-hinh
6363,khach-san-nha-hang-du-lich,khach-san-spa-lam-dep
6364,marketing-truyen-thong,marketing-truyen-thong-pr
6365,marketing-truyen-thong,marketing-truyen-thong-pr
6366,cntt,cntt-phat-trien-phan-mem
6367,,
6368,ke-toan-tai-chinh,ke-toan-tai-chinh-kiem-toan
6369,kinh-doanh-ban-hang,kinh-doanh-ban-hang-tong-hop
6370,,
6371,thiet-ke-kien-truc,thiet-ke-do-hoa
6372,kinh-doanh-ban-hang,kinh-doanh-ban-hang-tong-hop
6373,cntt,cntt-phat-trien-phan-mem
6374,dien-dien-tu-vien-thong,dien-dien-tu-vien-thong-vt
6375,khach-san-nha-hang-du-lich,khach-san-du-lich-le-hanh
6376,bat-dong-san,bat-dong-san-moi-gioi
6377,cntt,cntt-phat-trien-phan-mem
6378,xay-dung,xay-dung-ky-su
6379,cntt,cntt-phat-trien-phan-mem
6380,marketing-truyen-thong,marketing-truyen-thong-pr
6381,,
6382,khach-san-nha-hang-du-lich,khach-san-du-lich-le-hanh
6383,kinh-doanh-ban-hang,kinh-doanh-ban-hang-tong-hop
6384,kinh-doanh-ban-hang,kinh-doanh-ban-hang-tong-hop
6385,ke-toan-tai-chinh,ke-toan-tai-chinh-bao-hiem
6386,nhan-su-hanh-chinh,nhan-su-thu-ky-tro-ly
6387,kinh-doanh-ban-hang,kinh-doanh-ban-hang-tong-hop
6388,cntt,cntt-phat-trien-phan-mem
6389,kinh-doanh-ban-hang,kinh-doanh-ban-hang-tong-hop
6390,marketing-truyen-thong,marketing-bao-chi-truyen-hinh
6391,,
6392,ke-toan-tai-chinh,ke-toan-tai-chinh-kiem-toan
6393,y-te-duoc,y-te-duoc-y-te
6394,khach-san-nha-hang-du-lich,khach-san-du-lich-le-hanh
6395,ke-toan-tai-chinh,ke-toan-tai-chinh-ngan-hang
6396,kinh-doanh-ban-hang,kinh-doanh-ban-hang-tong-hop
6397,cntt,cntt-phat-trien-phan-mem
6398,ke-toan-tai-chinh,ke-toan-tai-chinh-kiem-toan
6399,marketing-truyen-thong,marketing-truyen-thong-pr
6400,cntt,cntt-phat-trien-phan-mem
6401,marketing-truyen-thong,marketing-truyen-thong-pr
6402,,
6403,co-khi-che-tao,co-khi-tu-dong-hoa
6404,ke-toan-tai-chinh,ke-toan-tai-chinh-ngan-hang
6405,san-xuat-qa-qc,san-xuat-thuc-pham
6406,khach-san-nha-hang-du-lich,khach-san-du-lich-le-hanh
6407,kinh-doanh-ban-hang,kinh-doanh-ban-hang-tong-hop
6408,cntt,cntt-phan-cung-mang
6409,nhan-su-hanh-chinh,nhan-su-tuyen-dung-cb
6410,ke-toan-tai-chinh,ke-toan-tai-chinh-ngan-hang
6411,kinh-doanh-ban-hang,kinh-doanh-ban-hang-tong-hop
6412,ke-toan-tai-chinh,ke-toan-tai-chinh-kiem-toan
6413,kinh-doanh-ban-hang,kinh-doanh-ban-hang-tong-hop
6414,marketing-truyen-thong,marketing-truyen-thong-pr
6415,,
6416,cntt,cntt-phat-trien-phan-mem
6417,thiet-ke-kien-truc,thiet-ke-do-hoa
6418,ke-toan-tai-chinh,ke-toan-tai-chinh-tai-chinh
6419,kinh-doanh-ban-hang,kinh-doanh-ban-hang-tong-hop
6420,nhan-su-hanh-chinh,nhan-su-thu-ky-tro-ly
6421,cntt,cntt-phat-trien-phan-mem
6422,marketing-truyen-thong,marketing-truyen-thong-pr
6423,kinh-doanh-ban-hang,kinh-doanh-ban-hang-tong-hop
6424,cntt,cntt-phat-trien-phan-mem
6425,khach-san-nha-hang-du-lich,khach-san-khach-san
6426,kinh-doanh-ban-hang,kinh-doanh-ban-hang-tong-hop
6427,thiet-ke-kien-truc,thiet-ke-do-hoa
6428,,
6429,ke-toan-tai-chinh,ke-toan-tai-chinh-bao-hiem
6430,kinh-doanh-ban-hang,kinh-doanh-ban-hang-tong-hop
6431,kinh-doanh-ban-hang,kinh-doanh-ban-hang-tong-hop
6432,kinh-doanh-ban-hang,kinh-doanh-ban-hang-ban-le-si
6433,xay-dung,xay-dung-ky-su
6434,kinh-doanh-ban-hang,kinh-doanh-ban-hang-tong-hop
6435,kinh-doanh-ban-hang,kinh-doanh-ban-hang-tong-hop
6436,marketing-truyen-thong,marketing-truyen-thong-pr
6437,nhan-su-hanh-chinh,nhan-su-hanh-chinh-van-phong
6438,kinh-doanh-ban-hang,kinh-doanh-ban-hang-tong-hop
6439,y-te-duoc,y-te-duoc-duoc-pham
6440,kinh-doanh-ban-hang,kinh-doanh-ban-hang-ban-le-si
6441,marketing-truyen-thong,marketing-truyen-thong-pr
6442,marketing-truyen-thong,marketing-bao-chi-truyen-hinh
6443,thiet-ke-kien-truc,thiet-ke-my-thuat
6444,cntt,cntt-phan-cung-mang
6445,ke-toan-tai-chinh,ke-toan-tai-chinh-bao-hiem
6446,kinh-doanh-ban-hang,kinh-doanh-ban-hang-tong-hop
6447,kinh-doanh-ban-hang,kinh-doanh-ban-hang-tong-hop
6448,dich-vu-khach-hang,dich-vu-khach-hang-cskh
6449,y-te-duoc,y-te-duoc-y-te
6450,nhan-su-hanh-chinh,nhan-su-tuyen-dung-cb
6451,ke-toan-tai-chinh,ke-toan-tai-chinh-bao-hiem
6452,kinh-doanh-ban-hang,kinh-doanh-ban-hang-tong-hop
6453,nhan-su-hanh-chinh,nhan-su-tuyen-dung-cb
6454,dich-vu-khach-hang,dich-vu-khach-hang-cskh
6455,nhan-su-hanh-chinh,nhan-su-tuyen-dung-cb
6456,nhan-su-hanh-chinh,nhan-su-tuyen-dung-cb
6457,khach-san-nha-hang-du-lich,khach-san-khach-san
6458,dien-dien-tu-vien-thong,dien-dien-tu-vien-thong-vt
6459,kinh-doanh-ban-hang,kinh-doanh-ban-hang-tong-hop
6460,nhan-su-hanh-chinh,nhan-su-tuyen-dung-cb
6461,cntt,cntt-phat-trien-phan-mem
6462,kinh-doanh-ban-hang,kinh-doanh-ban-hang-tong-hop
6463,nhan-su-hanh-chinh,nhan-su-tuyen-dung-cb
6464,cntt,cntt-phat-trien-phan-mem
6465,nhan-su-hanh-chinh,nhan-su-tuyen-dung-cb
6466,san-xuat-qa-qc,san-xuat-qa-qc-qa-qc
6467,kinh-doanh-ban-hang,kinh-doanh-ban-hang-tong-hop
6468,co-khi-che-tao,co-khi-tu-dong-hoa
6469,,
6470,,
6471,cntt,cntt-phat-trien-phan-mem
6472,kinh-doanh-ban-hang,kinh-doanh-ban-hang-tong-hop
6473,san-xuat-qa-qc,san-xuat-qa-qc-qa-qc
6474,cntt,cntt-phat-trien-phan-mem
6475,co-khi-che-tao,co-khi-tu-dong-hoa
6476,,
6477,,
6478,dich-vu-khach-hang,dich-vu-khach-hang-cskh
6479,marketing-truyen-thong,marketing-truyen-thong-pr
6480,dich-vu-khach-hang,dich-vu-khach-hang-cskh
6481,kinh-doanh-ban-hang,kinh-doanh-ban-hang-tong-hop
6482,,
6483,,
6484,,
6485,kinh-doanh-ban-hang,kinh-doanh-ban-hang-tong-hop
6486,marketing-truyen-thong,marketing-bien-phien-dich
6487,nhan-su-hanh-chinh,nhan-su-hanh-chinh-van-phong
6488,,
6489,van-tai-logistics,van-tai-xuat-nhap-khau
6490,,
6491,cntt,cntt-phat-trien-phan-mem
6492,marketing-truyen-thong,marketing-truyen-thong-pr
6493,ke-toan-tai-chinh,ke-toan-tai-chinh-kiem-toan
6494,dich-vu-khach-hang,dich-vu-khach-hang-cskh
6495,,
6496,cntt,cntt-phat-trien-phan-mem
6497,cntt,cntt-phat-trien-phan-mem
6498,marketing-truyen-thong,marketing-truyen-thong-pr
6499,dich-vu-khach-hang,dich-vu-khach-hang-cskh
6500,van-tai-logistics,van-tai-xuat-nhap-khau
6501,ke-toan-tai-chinh,ke-toan-tai-chinh-ngan-hang
6502,cntt,cntt-phat-trien-phan-mem
6503,ke-toan-tai-chinh,ke-toan-tai-chinh-kiem-toan
6504,cntt,cntt-phat-trien-phan-mem
6505,marketing-truyen-thong,marketing-truyen-thong-pr
6506,,
6507,dien-dien-tu-vien-thong,dien-dien-tu-dien-lanh
6508,kinh-doanh-ban-hang,kinh-doanh-ban-hang-tong-hop
6509,nhan-su-hanh-chinh,nhan-su-thu-ky-tro-ly
6510,marketing-truyen-thong,marketing-truyen-thong-pr
6511,kinh-doanh-ban-hang,kinh-doanh-ban-hang-tong-hop
6512,cntt,cntt-phat-trien-phan-mem
6513,ke-toan-tai-chinh,ke-toan-tai-chinh-ngan-hang
6514,kinh-doanh-ban-hang,kinh-doanh-ban-hang-ban-hang
6515,kinh-doanh-ban-hang,kinh-doanh-ban-hang-tong-hop
6516,giao-duc-dao-tao,giao-duc-giang-day
6517,dien-dien-tu-vien-thong,dien-dien-tu-dien-lanh
6518,co-khi-che-tao,co-khi-tu-dong-hoa
6519,cntt,cntt-phat-trien-phan-mem
6520,nhan-su-hanh-chinh,nhan-su-hanh-chinh-van-phong
6521,kinh-doanh-ban-hang,kinh-doanh-ban-hang-tong-hop
6522,y-te-duoc,y-te-duoc-y-te
6523,,
6524,ke-toan-tai-chinh,ke-toan-tai-chinh-tai-chinh
6525,kinh-doanh-ban-hang,kinh-doanh-ban-hang-tong-hop
6526,,
6527,san-xuat-qa-qc,san-xuat-det-may
6528,marketing-truyen-thong,marketing-truyen-thong-pr
6529,marketing-truyen-thong,marketing-truyen-thong-pr
6530,giao-duc-dao-tao,giao-duc-giang-day
6531,kinh-doanh-ban-hang,kinh-doanh-ban-hang-tong-hop
6532,kinh-doanh-ban-hang,kinh-doanh-ban-hang-ban-le-si
6533,kinh-doanh-ban-hang,kinh-doanh-ban-hang-tong-hop
6534,nhan-su-hanh-chinh,nhan-su-tuyen-dung-cb
6535,marketing-truyen-thong,marketing-truyen-thong-pr
6536,cntt,cntt-phat-trien-phan-mem
6537,ke-toan-tai-chinh,ke-toan-tai-chinh-bao-hiem
6538,san-xuat-qa-qc,san-xuat-qa-qc-qa-qc
6539,nhan-su-hanh-chinh,nhan-su-tuyen-dung-cb
6540,cntt,cntt-phat-trien-phan-mem
6541,san-xuat-qa-qc,san-xuat-qa-qc-qa-qc
6542,khach-san-nha-hang-du-lich,khach-san-khach-san
6543,nhan-su-hanh-chinh,nhan-su-tuyen-dung-cb
6544,,
6545,san-xuat-qa-qc,san-xuat-quan-ly
6546,cntt,cntt-phat-trien-phan-mem
6547,cntt,cntt-phat-trien-phan-mem
6548,y-te-duoc,y-te-duoc-duoc-pham
6549,kinh-doanh-ban-hang,kinh-doanh-ban-hang-tong-hop
6550,ke-toan-tai-chinh,ke-toan-tai-chinh-kiem-toan
6551,kinh-doanh-ban-hang,kinh-doanh-ban-hang-tong-hop
6552,kinh-doanh-ban-hang,kinh-doanh-ban-hang-tong-hop
6553,ke-toan-tai-chinh,ke-toan-tai-chinh-kiem-toan
6554,van-tai-logistics,van-tai-xuat-nhap-khau
6555,cntt,cntt-phat-trien-phan-mem
6556,kinh-doanh-ban-hang,kinh-doanh-ban-hang-tong-hop
6557,kinh-doanh-ban-hang,kinh-doanh-ban-hang-tong-hop
6558,cntt,cntt-phat-trien-phan-mem
6559,marketing-truyen-thong,marketing-truyen-thong-pr
6560,marketing-truyen-thong,marketing-truyen-thong-pr
6561,khach-san-nha-hang-du-lich,khach-san-khach-san
6562,,
6563,kinh-doanh-ban-hang,kinh-doanh-ban-hang-tong-hop
6564,dien-dien-tu-vien-thong,dien-dien-tu-dien-lanh
6565,cntt,cntt-phat-trien-phan-mem
6566,kinh-doanh-ban-hang,kinh-doanh-ban-hang-tong-hop
6567,kinh-doanh-ban-hang,kinh-doanh-ban-hang-tong-hop
6568,marketing-truyen-thong,marketing-bien-phien-dich
6569,kinh-doanh-ban-hang,kinh-doanh-ban-hang-ban-le-si
6570,thiet-ke-kien-truc,thiet-ke-my-thuat
6571,nhan-su-hanh-chinh,nhan-su-hanh-chinh-van-phong
6572,ke-toan-tai-chinh,ke-toan-tai-chinh-ngan-hang
6573,ke-toan-tai-chinh,ke-toan-tai-chinh-kiem-toan
6574,dien-dien-tu-vien-thong,dien-dien-tu-vien-thong-vt
6575,kinh-doanh-ban-hang,kinh-doanh-ban-hang-tong-hop
6576,marketing-truyen-thong,marketing-truyen-thong-pr
6577,ke-toan-tai-chinh,ke-toan-tai-chinh-bao-hiem
6578,kinh-doanh-ban-hang,kinh-doanh-ban-hang-tong-hop
6579,cntt,cntt-phat-trien-phan-mem
6580,kinh-doanh-ban-hang,kinh-doanh-ban-hang-tong-hop
6581,kinh-doanh-ban-hang,kinh-doanh-ban-hang-tong-hop
6582,san-xuat-qa-qc,san-xuat-thuc-pham
6583,kinh-doanh-ban-hang,kinh-doanh-ban-hang-tong-hop
6584,ke-toan-tai-chinh,ke-toan-tai-chinh-kiem-toan
6585,nhan-su-hanh-chinh,nhan-su-thu-ky-tro-ly
6586,cntt,cntt-phat-trien-phan-mem
6587,marketing-truyen-thong,marketing-bien-phien-dich
6588,thiet-ke-kien-truc,thiet-ke-kien-truc-kien-truc
6589,,
6590,kinh-doanh-ban-hang,kinh-doanh-ban-hang-tong-hop
6591,ke-toan-tai-chinh,ke-toan-tai-chinh-bao-hiem
6592,kinh-doanh-ban-hang,kinh-doanh-ban-hang-tong-hop
6593,,
6594,ke-toan-tai-chinh,ke-toan-tai-chinh-kiem-toan
6595,cntt,cntt-phat-trien-phan-mem
6596,bat-dong-san,bat-dong-san-moi-gioi
6597,marketing-truyen-thong,marketing-truyen-thong-pr
6598,van-tai-logistics,van-tai-logistics-kho-van
6599,kinh-doanh-ban-hang,kinh-doanh-ban-hang-tong-hop
6600,dich-vu-khach-hang,dich-vu-khach-hang-cskh
6601,cntt,cntt-phat-trien-phan-mem
6602,kinh-doanh-ban-hang,kinh-doanh-ban-hang-tong-hop
6603,giao-duc-dao-tao,giao-duc-giang-day
6604,cntt,cntt-phat-trien-phan-mem
6605,,
6606,marketing-truyen-thong,marketing-bao-chi-truyen-hinh
6607,marketing-truyen-thong,marketing-truyen-thong-pr
6608,kinh-doanh-ban-hang,kinh-doanh-ban-hang-tong-hop
6609,khach-san-nha-hang-du-lich,khach-san-khach-san
6610,dien-dien-tu-vien-thong,dien-dien-tu-vien-thong-vt
6611,marketing-truyen-thong,marketing-truyen-thong-pr
6612,co-khi-che-tao,co-khi-o-to
6613,kinh-doanh-ban-hang,kinh-doanh-ban-hang-tong-hop
6614,dien-dien-tu-vien-thong,dien-dien-tu-vien-thong-vt
6615,giao-duc-dao-tao,giao-duc-giang-day
6616,thiet-ke-kien-truc,thiet-ke-do-hoa
6617,cntt,cntt-phat-trien-phan-mem
6618,kinh-doanh-ban-hang,kinh-doanh-ban-hang-tong-hop
6619,kinh-doanh-ban-hang,kinh-doanh-ban-hang-tong-hop
6620,,
6621,,
6622,kinh-doanh-ban-hang,kinh-doanh-ban-hang-tong-hop
6623,,
6624,ke-toan-tai-chinh,ke-toan-tai-chinh-tai-chinh
6625,co-khi-che-tao,co-khi-tu-dong-hoa
6626,,
6627,san-xuat-qa-qc,san-xuat-quan-ly
6628,dich-vu-khach-hang,dich-vu-khach-hang-cskh
6629,marketing-truyen-thong,marketing-truyen-thong-pr
6630,cntt,cntt-phat-trien-phan-mem
6631,nhan-su-hanh-chinh,nhan-su-thu-ky-tro-ly
6632,giao-duc-dao-tao,giao-duc-giang-day
6633,ke-toan-tai-chinh,ke-toan-tai-chinh-tai-chinh
6634,van-tai-logistics,van-tai-logistics-kho-van
6635,giao-duc-dao-tao,giao-duc-giang-day
6636,san-xuat-qa-qc,san-xuat-qa-qc-qa-qc
6637,van-tai-logistics,van-tai-xuat-nhap-khau
6638,san-xuat-qa-qc,san-xuat-qa-qc-qa-qc
6639,van-tai-logistics,van-tai-logistics-kho-van
6640,marketing-truyen-thong,marketing-truyen-thong-pr
6641,marketing-truyen-thong,marketing-truyen-thong-pr
6642,cntt,cntt-phat-trien-phan-mem
6643,khach-san-nha-hang-du-lich,khach-san-khach-san
6644,y-te-duoc,y-te-duoc-duoc-pham
6645,marketing-truyen-thong,marketing-truyen-thong-pr
6646,san-xuat-qa-qc,san-xuat-thuc-pham
6647,bat-dong-san,bat-dong-san-moi-gioi
6648,ke-toan-tai-chinh,ke-toan-tai-chinh-ngan-hang
6649,kinh-doanh-ban-hang,kinh-doanh-ban-hang-tong-hop
6650,marketing-truyen-thong,marketing-bao-chi-truyen-hinh
6651,nhan-su-hanh-chinh,nhan-su-tuyen-dung-cb
6652,,
6653,kinh-doanh-ban-hang,kinh-doanh-ban-hang-tong-hop
6654,marketing-truyen-thong,marketing-truyen-thong-pr
6655,thiet-ke-kien-truc,thiet-ke-noi-that
6656,dien-dien-tu-vien-thong,dien-dien-tu-dien-lanh
6657,kinh-doanh-ban-hang,kinh-doanh-ban-hang-tong-hop
6658,kinh-doanh-ban-hang,kinh-doanh-ban-hang-tong-hop
6659,khach-san-nha-hang-du-lich,khach-san-khach-san
6660,cntt,cntt-phat-trien-phan-mem
6661,marketing-truyen-thong,marketing-truyen-thong-pr
6662,,
6663,ke-toan-tai-chinh,ke-toan-tai-chinh-kiem-toan
6664,ke-toan-tai-chinh,ke-toan-tai-chinh-ngan-hang
6665,kinh-doanh-ban-hang,kinh-doanh-ban-hang-tong-hop
6666,dich-vu-khach-hang,dich-vu-khach-hang-cskh
6667,thiet-ke-kien-truc,thiet-ke-do-hoa
6668,cntt,cntt-phat-trien-phan-mem
6669,kinh-doanh-ban-hang,kinh-doanh-ban-hang-tong-hop
6670,kinh-doanh-ban-hang,kinh-doanh-ban-hang-tong-hop
6671,kinh-doanh-ban-hang,kinh-doanh-ban-hang-tong-hop
6672,cntt,cntt-phat-trien-phan-mem
6673,van-tai-logistics,van-tai-logistics-kho-van
6674,khach-san-nha-hang-du-lich,khach-san-khach-san
6675,dien-dien-tu-vien-thong,dien-dien-tu-vien-thong-vt
6676,marketing-truyen-thong,marketing-truyen-thong-pr
6677,khach-san-nha-hang-du-lich,khach-san-du-lich-le-hanh
6678,marketing-truyen-thong,marketing-bao-chi-truyen-hinh
6679,thiet-ke-kien-truc,thiet-ke-my-thuat
6680,khach-san-nha-hang-du-lich,khach-san-khach-san
6681,y-te-duoc,y-te-duoc-y-te
6682,cntt,cntt-phat-trien-phan-mem
6683,co-khi-che-tao,co-khi-tu-dong-hoa
6684,ke-toan-tai-chinh,ke-toan-tai-chinh-kiem-toan
6685,cntt,cntt-phat-trien-phan-mem
6686,xay-dung,xay-dung-ky-su
6687,cntt,cntt-phat-trien-phan-mem
6688,marketing-truyen-thong,marketing-truyen-thong-pr
6689,kinh-doanh-ban-hang,kinh-doanh-ban-hang-tong-hop
6690,san-xuat-qa-qc,san-xuat-thuc-pham
6691,cntt,cntt-phat-trien-phan-mem
6692,,
6693,cntt,cntt-phat-trien-phan-mem
6694,giao-duc-dao-tao,giao-duc-giang-day
6695,dich-vu-khach-hang,dich-vu-khach-hang-cskh
6696,cntt,cntt-phat-trien-phan-mem
6697,,
6698,marketing-truyen-thong,marketing-truyen-thong-pr
6699,dien-dien-tu-vien-thong,dien-dien-tu-dien-lanh
6700,kinh-doanh-ban-hang,kinh-doanh-ban-hang-tong-hop
6701,ke-toan-tai-chinh,ke-toan-tai-chinh-kiem-toan
6702,marketing-truyen-thong,marketing-bien-phien-dich
6703,y-te-duoc,y-te-duoc-y-te
6704,ke-toan-tai-chinh,ke-toan-tai-chinh-kiem-toan
6705,y-te-duoc,y-te-duoc-y-te
6706,ke-toan-tai-chinh,ke-toan-tai-chinh-kiem-toan
6707,co-khi-che-tao,co-khi-tu-dong-hoa
6708,nhan-su-hanh-chinh,nhan-su-hanh-chinh-van-phong
6709,kinh-doanh-ban-hang,kinh-doanh-ban-hang-tong-hop
6710,marketing-truyen-thong,marketing-bien-phien-dich
6711,nhan-su-hanh-chinh,nhan-su-hanh-chinh-van-phong
6712,co-khi-che-tao,co-khi-tu-dong-hoa
6713,kinh-doanh-ban-hang,kinh-doanh-ban-hang-tong-hop
6714,,
6715,giao-duc-dao-tao,giao-duc-giang-day
6716,giao-duc-dao-tao,giao-duc-giang-day
6717,cntt,cntt-phan-cung-mang
6718,ke-toan-tai-chinh,ke-toan-tai-chinh-bao-hiem
6719,kinh-doanh-ban-hang,kinh-doanh-ban-hang-tong-hop
6720,cntt,cntt-phat-trien-phan-mem
6721,giao-duc-dao-tao,giao-duc-giang-day
6722,bat-dong-san,bat-dong-san-moi-gioi
6723,marketing-truyen-thong,marketing-truyen-thong-pr
6724,,
6725,marketing-truyen-thong,marketing-truyen-thong-pr
6726,san-xuat-qa-qc,san-xuat-thuc-pham
6727,xay-dung,xay-dung-ky-su
6728,xay-dung,xay-dung-ky-su
6729,van-tai-logistics,van-tai-logistics-kho-van
6730,san-xuat-qa-qc,san-xuat-qa-qc-qa-qc
6731,van-tai-logistics,van-tai-logistics-kho-van
6732,,
6733,nhan-su-hanh-chinh,nhan-su-tuyen-dung-cb
6734,ke-toan-tai-chinh,ke-toan-tai-chinh-kiem-toan
6735,van-tai-logistics,van-tai-logistics-kho-van
6736,ke-toan-tai-chinh,ke-toan-tai-chinh-kiem-toan
6737,ke-toan-tai-chinh,ke-toan-tai-chinh-ngan-hang
6738,,
6739,ke-toan-tai-chinh,ke-toan-tai-chinh-kiem-toan
6740,kinh-doanh-ban-hang,kinh-doanh-ban-hang-tong-hop
6741,thiet-ke-kien-truc,thiet-ke-my-thuat
6742,marketing-truyen-thong,marketing-truyen-thong-pr
6743,,
6744,kinh-doanh-ban-hang,kinh-doanh-ban-hang-tong-hop
6745,cntt,cntt-phat-trien-phan-mem
6746,ke-toan-tai-chinh,ke-toan-tai-chinh-ngan-hang
6747,ke-toan-tai-chinh,ke-toan-tai-chinh-ngan-hang
6748,,
6749,kinh-doanh-ban-hang,kinh-doanh-ban-hang-tong-hop
6750,kinh-doanh-ban-hang,kinh-doanh-ban-hang-tong-hop
6751,giao-duc-dao-tao,giao-duc-giang-day
6752,giao-duc-dao-tao,giao-duc-giang-day
6753,cntt,cntt-phat-trien-phan-mem
6754,kinh-doanh-ban-hang,kinh-doanh-ban-hang-tong-hop
6755,cntt,cntt-phat-trien-phan-mem
6756,co-khi-che-tao,co-khi-tu-dong-hoa
6757,kinh-doanh-ban-hang,kinh-doanh-ban-hang-tong-hop
6758,cntt,cntt-phat-trien-phan-mem
6759,ke-toan-tai-chinh,ke-toan-tai-chinh-tai-chinh
6760,van-tai-logistics,van-tai-xuat-nhap-khau
6761,cntt,cntt-phat-trien-phan-mem
6762,nhan-su-hanh-chinh,nhan-su-tuyen-dung-cb
6763,co-khi-che-tao,co-khi-tu-dong-hoa
6764,cntt,cntt-phat-trien-phan-mem
6765,cntt,cntt-phat-trien-phan-mem
6766,giao-duc-dao-tao,giao-duc-giang-day
6767,giao-duc-dao-tao,giao-duc-giang-day
6768,,
6769,cntt,cntt-phat-trien-phan-mem
6770,ke-toan-tai-chinh,ke-toan-tai-chinh-kiem-toan
6771,khach-san-nha-hang-du-lich,khach-san-du-lich-le-hanh
6772,kinh-doanh-ban-hang,kinh-doanh-ban-hang-tong-hop
6773,nhan-su-hanh-chinh,nhan-su-tuyen-dung-cb
6774,kinh-doanh-ban-hang,kinh-doanh-ban-hang-tong-hop
6775,ke-toan-tai-chinh,ke-toan-tai-chinh-kiem-toan
6776,kinh-doanh-ban-hang,kinh-doanh-ban-hang-tong-hop
6777,,
6778,marketing-truyen-thong,marketing-truyen-thong-pr
6779,khach-san-nha-hang-du-lich,khach-san-du-lich-le-hanh
6780,,
6781,ke-toan-tai-chinh,ke-toan-tai-chinh-ngan-hang
6782,kinh-doanh-ban-hang,kinh-doanh-ban-hang-tong-hop
6783,marketing-truyen-thong,marketing-truyen-thong-pr
6784,nhan-su-hanh-chinh,nhan-su-hanh-chinh-van-phong
6785,marketing-truyen-thong,marketing-truyen-thong-pr
6786,giao-duc-dao-tao,giao-duc-giang-day
6787,van-tai-logistics,van-tai-logistics-kho-van
6788,khach-san-nha-hang-du-lich,khach-san-khach-san
6789,kinh-doanh-ban-hang,kinh-doanh-ban-hang-tong-hop
6790,kinh-doanh-ban-hang,kinh-doanh-ban-hang-tong-hop
6791,bat-dong-san,bat-dong-san-moi-gioi
6792,dich-vu-khach-hang,dich-vu-khach-hang-cskh
6793,kinh-doanh-ban-hang,kinh-doanh-ban-hang-tong-hop
6794,nhan-su-hanh-chinh,nhan-su-thu-ky-tro-ly
6795,marketing-truyen-thong,marketing-truyen-thong-pr
6796,dien-dien-tu-vien-thong,dien-dien-tu-dien-lanh
6797,cntt,cntt-phat-trien-phan-mem
6798,y-te-duoc,y-te-duoc-y-te
6799,nhan-su-hanh-chinh,nhan-su-tuyen-dung-cb
6800,ke-toan-tai-chinh,ke-toan-tai-chinh-chung-khoan
6801,cntt,cntt-phat-trien-phan-mem
6802,,
6803,khach-san-nha-hang-du-lich,khach-san-khach-san
6804,,
6805,ke-toan-tai-chinh,ke-toan-tai-chinh-bao-hiem
6806,marketing-truyen-thong,marketing-truyen-thong-pr
6807,kinh-doanh-ban-hang,kinh-doanh-ban-hang-tong-hop
6808,marketing-truyen-thong,marketing-truyen-thong-pr
6809,kinh-doanh-ban-hang,kinh-doanh-ban-hang-tong-hop
6810,bat-dong-san,bat-dong-san-moi-gioi
6811,kinh-doanh-ban-hang,kinh-doanh-ban-hang-tong-hop
6812,xay-dung,xay-dung-ky-su
6813,dien-dien-tu-vien-thong,dien-dien-tu-dien-lanh
6814,san-xuat-qa-qc,san-xuat-thuc-pham
6815,y-te-duoc,y-te-duoc-y-te
6816,cntt,cntt-phat-trien-phan-mem
6817,cntt,cntt-phat-trien-phan-mem
6818,co-khi-che-tao,co-khi-tu-dong-hoa
6819,kinh-doanh-ban-hang,kinh-doanh-ban-hang-tong-hop
6820,,
6821,marketing-truyen-thong,marketing-truyen-thong-pr
6822,nhan-su-hanh-chinh,nhan-su-tuyen-dung-cb
6823,marketing-truyen-thong,marketing-bao-chi-truyen-hinh
6824,van-tai-logistics,van-tai-xuat-nhap-khau
6825,van-tai-logistics,van-tai-xuat-nhap-khau
6826,xay-dung,xay-dung-ky-su
6827,marketing-truyen-thong,marketing-truyen-thong-pr
6828,co-khi-che-tao,co-khi-o-to
6829,khach-san-nha-hang-du-lich,khach-san-khach-san
6830,kinh-doanh-ban-hang,kinh-doanh-ban-hang-tong-hop
6831,khach-san-nha-hang-du-lich,khach-san-du-lich-le-hanh
6832,cntt,cntt-phat-trien-phan-mem
6833,khach-san-nha-hang-du-lich,khach-san-khach-san
6834,xay-dung,xay-dung-ky-su
6835,nhan-su-hanh-chinh,nhan-su-thu-ky-tro-ly
6836,san-xuat-qa-qc,san-xuat-quan-ly
6837,marketing-truyen-thong,marketing-truyen-thong-pr
6838,,
6839,,
6840,cntt,cntt-phat-trien-phan-mem
6841,nhan-su-hanh-chinh,nhan-su-hanh-chinh-van-phong
6842,ke-toan-tai-chinh,ke-toan-tai-chinh-kiem-toan
6843,cntt,cntt-phat-trien-phan-mem
6844,cntt,cntt-phat-trien-phan-mem
6845,kinh-doanh-ban-hang,kinh-doanh-ban-hang-tong-hop
6846,marketing-truyen-thong,marketing-truyen-thong-pr
6847,nhan-su-hanh-chinh,nhan-su-hanh-chinh-van-phong
6848,ke-toan-tai-chinh,ke-toan-tai-chinh-kiem-toan
6849,,
6850,dien-dien-tu-vien-thong,dien-dien-tu-dien-lanh
6851,nhan-su-hanh-chinh,nhan-su-tuyen-dung-cb
6852,,
6853,thiet-ke-kien-truc,thiet-ke-noi-that
6854,dien-dien-tu-vien-thong,dien-dien-tu-dien-lanh
6855,nhan-su-hanh-chinh,nhan-su-thu-ky-tro-ly
6856,giao-duc-dao-tao,giao-duc-giang-day
6857,kinh-doanh-ban-hang,kinh-doanh-ban-hang-tong-hop
6858,van-tai-logistics,van-tai-xuat-nhap-khau
6859,,
6860,marketing-truyen-thong,marketing-truyen-thong-pr
6861,y-te-duoc,y-te-duoc-y-te
6862,marketing-truyen-thong,marketing-bien-phien-dich
6863,,
6864,marketing-truyen-thong,marketing-to-chuc-su-kien
6865,kinh-doanh-ban-hang,kinh-doanh-ban-hang-tong-hop
6866,xay-dung,xay-dung-ky-su
6867,dien-dien-tu-vien-thong,dien-dien-tu-dien-lanh
6868,,
6869,kinh-doanh-ban-hang,kinh-doanh-ban-hang-tong-hop
6870,,
6871,cntt,cntt-phat-trien-phan-mem
6872,co-khi-che-tao,co-khi-tu-dong-hoa
6873,cntt,cntt-phat-trien-phan-mem
6874,khach-san-nha-hang-du-lich,khach-san-khach-san
6875,kinh-doanh-ban-hang,kinh-doanh-ban-hang-tong-hop
6876,,
6877,kinh-doanh-ban-hang,kinh-doanh-ban-hang-tong-hop
6878,marketing-truyen-thong,marketing-truyen-thong-pr
6879,cntt,cntt-phat-trien-phan-mem
6880,san-xuat-qa-qc,san-xuat-quan-ly
6881,kinh-doanh-ban-hang,kinh-doanh-ban-hang-tong-hop
6882,,
6883,,
6884,,
6885,nhan-su-hanh-chinh,nhan-su-hanh-chinh-van-phong
6886,thiet-ke-kien-truc,thiet-ke-do-hoa
6887,,
6888,cntt,cntt-phat-trien-phan-mem
6889,,
6890,nhan-su-hanh-chinh,nhan-su-tuyen-dung-cb
6891,ke-toan-tai-chinh,ke-toan-tai-chinh-kiem-toan
6892,marketing-truyen-thong,marketing-truyen-thong-pr
6893,san-xuat-qa-qc,san-xuat-qa-qc-qa-qc
6894,kinh-doanh-ban-hang,kinh-doanh-ban-hang-tong-hop
6895,cntt,cntt-phat-trien-phan-mem
6896,dich-vu-khach-hang,dich-vu-khach-hang-cskh
6897,kinh-doanh-ban-hang,kinh-doanh-ban-hang-tong-hop
6898,kinh-doanh-ban-hang,kinh-doanh-ban-hang-tong-hop
6899,ke-toan-tai-chinh,ke-toan-tai-chinh-kiem-toan
6900,giao-duc-dao-tao,giao-duc-giang-day
6901,san-xuat-qa-qc,san-xuat-qa-qc-qa-qc
6902,ke-toan-tai-chinh,ke-toan-tai-chinh-kiem-toan
6903,ke-toan-tai-chinh,ke-toan-tai-chinh-kiem-toan
6904,marketing-truyen-thong,marketing-truyen-thong-pr
6905,cntt,cntt-phat-trien-phan-mem
6906,cntt,cntt-phat-trien-phan-mem
6907,van-tai-logistics,van-tai-logistics-kho-van
6908,san-xuat-qa-qc,san-xuat-qa-qc-qa-qc
6909,kinh-doanh-ban-hang,kinh-doanh-ban-hang-tong-hop
6910,,
6911,,
6912,thiet-ke-kien-truc,thiet-ke-do-hoa
6913,,
6914,thiet-ke-kien-truc,thiet-ke-do-hoa
6915,co-khi-che-tao,co-khi-tu-dong-hoa
6916,,
6917,kinh-doanh-ban-hang,kinh-doanh-ban-hang-tong-hop
6918,kinh-doanh-ban-hang,kinh-doanh-ban-hang-tong-hop
6919,ke-toan-tai-chinh,ke-toan-tai-chinh-bao-hiem
6920,ke-toan-tai-chinh,ke-toan-tai-chinh-kiem-toan
6921,marketing-truyen-thong,marketing-truyen-thong-pr
6922,marketing-truyen-thong,marketing-truyen-thong-pr
6923,thiet-ke-kien-truc,thiet-ke-my-thuat
6924,marketing-truyen-thong,marketing-bien-phien-dich
6925,dien-dien-tu-vien-thong,dien-dien-tu-vien-thong-vt
6926,kinh-doanh-ban-hang,kinh-doanh-ban-hang-tong-hop
6927,nhan-su-hanh-chinh,nhan-su-phap-ly-phap-che
6928,dich-vu-khach-hang,dich-vu-khach-hang-cskh
6929,cntt,cntt-phat-trien-phan-mem
6930,cntt,cntt-phat-trien-phan-mem
6931,kinh-doanh-ban-hang,kinh-doanh-ban-hang-tong-hop
6932,bat-dong-san,bat-dong-san-moi-gioi
6933,san-xuat-qa-qc,san-xuat-qa-qc-qa-qc
6934,thiet-ke-kien-truc,thiet-ke-do-hoa
6935,cntt,cntt-phat-trien-phan-mem
6936,marketing-truyen-thong,marketing-truyen-thong-pr
6937,thiet-ke-kien-truc,thiet-ke-do-hoa
6938,khach-san-nha-hang-du-lich,khach-san-khach-san
6939,bat-dong-san,bat-dong-san-moi-gioi
6940,ke-toan-tai-chinh,ke-toan-tai-chinh-kiem-toan
6941,,
6942,kinh-doanh-ban-hang,kinh-doanh-ban-hang-tong-hop
6943,dien-dien-tu-vien-thong,dien-dien-tu-dien-lanh
6944,ke-toan-tai-chinh,ke-toan-tai-chinh-bao-hiem
6945,san-xuat-qa-qc,san-xuat-quan-ly
6946,nhan-su-hanh-chinh,nhan-su-hanh-chinh-van-phong
6947,marketing-truyen-thong,marketing-bien-phien-dich
6948,ke-toan-tai-chinh,ke-toan-tai-chinh-ngan-hang
6949,ke-toan-tai-chinh,ke-toan-tai-chinh-kiem-toan
6950,kinh-doanh-ban-hang,kinh-doanh-ban-hang-tong-hop
6951,san-xuat-qa-qc,san-xuat-qa-qc-qa-qc
6952,nhan-su-hanh-chinh,nhan-su-hanh-chinh-van-phong
6953,thiet-ke-kien-truc,thiet-ke-do-hoa
6954,kinh-doanh-ban-hang,kinh-doanh-ban-hang-tong-hop
6955,marketing-truyen-thong,marketing-bao-chi-truyen-hinh
6956,,
6957,ke-toan-tai-chinh,ke-toan-tai-chinh-tai-chinh
6958,thiet-ke-kien-truc,thiet-ke-my-thuat
6959,xay-dung,xay-dung-ky-su
6960,kinh-doanh-ban-hang,kinh-doanh-ban-hang-tong-hop
6961,,
6962,cntt,cntt-phat-trien-phan-mem
6963,,
6964,co-khi-che-tao,co-khi-tu-dong-hoa
6965,kinh-doanh-ban-hang,kinh-doanh-ban-hang-tong-hop
6966,ke-toan-tai-chinh,ke-toan-tai-chinh-bao-hiem
6967,ke-toan-tai-chinh,ke-toan-tai-chinh-kiem-toan
6968,dich-vu-khach-hang,dich-vu-khach-hang-cskh
6969,cntt,cntt-phat-trien-phan-mem
6970,marketing-truyen-thong,marketing-truyen-thong-pr
6971,san-xuat-qa-qc,san-xuat-qa-qc-qa-qc
6972,thiet-ke-kien-truc,thiet-ke-do-hoa
6973,marketing-truyen-thong,marketing-truyen-thong-pr
6974,ke-toan-tai-chinh,ke-toan-tai-chinh-kiem-toan
6975,kinh-doanh-ban-hang,kinh-doanh-ban-hang-tong-hop
6976,kinh-doanh-ban-hang,kinh-doanh-ban-hang-tong-hop
6977,cntt,cntt-phat-trien-phan-mem
6978,san-xuat-qa-qc,san-xuat-qa-qc-qa-qc
6979,ke-toan-tai-chinh,ke-toan-tai-chinh-bao-hiem
6980,cntt,cntt-phat-trien-phan-mem
6981,thiet-ke-kien-truc,thiet-ke-do-hoa
6982,ke-toan-tai-chinh,ke-toan-tai-chinh-ngan-hang
6983,nhan-su-hanh-chinh,nhan-su-hanh-chinh-van-phong
6984,,
6985,kinh-doanh-ban-hang,kinh-doanh-ban-hang-tong-hop
6986,cntt,cntt-phat-trien-phan-mem
6987,kinh-doanh-ban-hang,kinh-doanh-ban-hang-tong-hop
6988,dien-dien-tu-vien-thong,dien-dien-tu-vien-thong-vt
6989,thiet-ke-kien-truc,thiet-ke-do-hoa
6990,giao-duc-dao-tao,giao-duc-giang-day
6991,kinh-doanh-ban-hang,kinh-doanh-ban-hang-tong-hop
6992,co-khi-che-tao,co-khi-tu-dong-hoa
6993,,
6994,ke-toan-tai-chinh,ke-toan-tai-chinh-kiem-toan
6995,y-te-duoc,y-te-duoc-y-te
6996,kinh-doanh-ban-hang,kinh-doanh-ban-hang-tong-hop
6997,nhan-su-hanh-chinh,nhan-su-tuyen-dung-cb
6998,kinh-doanh-ban-hang,kinh-doanh-ban-hang-tong-hop
6999,kinh-doanh-ban-hang,kinh-doanh-ban-hang-tong-hop
7000,marketing-truyen-thong,marketing-truyen-thong-pr
7001,marketing-truyen-thong,marketing-truyen-thong-pr
7002,san-xuat-qa-qc,san-xuat-my-pham
7003,cntt,cntt-phat-trien-phan-mem
7004,cntt,cntt-phat-trien-phan-mem
7005,,
7006,ke-toan-tai-chinh,ke-toan-tai-chinh-bao-hiem
7007,marketing-truyen-thong,marketing-truyen-thong-pr
7008,cntt,cntt-phan-cung-mang
7009,cntt,cntt-phat-trien-phan-mem
7010,cntt,cntt-phat-trien-phan-mem
7011,cntt,cntt-phan-cung-mang
7012,kinh-doanh-ban-hang,kinh-doanh-ban-hang-tong-hop
7013,y-te-duoc,y-te-duoc-duoc-pham
7014,xay-dung,xay-dung-ky-su
7015,khach-san-nha-hang-du-lich,khach-san-du-lich-le-hanh
7016,,
7017,ke-toan-tai-chinh,ke-toan-tai-chinh-kiem-toan
7018,nhan-su-hanh-chinh,nhan-su-tuyen-dung-cb
7019,,
7020,giao-duc-dao-tao,giao-duc-giang-day
7021,cntt,cntt-phan-cung-mang
7022,dien-dien-tu-vien-thong,dien-dien-tu-vien-thong-vt
7023,,
7024,ke-toan-tai-chinh,ke-toan-tai-chinh-kiem-toan
7025,cntt,cntt-phan-cung-mang
7026,,
7027,co-khi-che-tao,co-khi-tu-dong-hoa
7028,cntt,cntt-phat-trien-phan-mem
7029,marketing-truyen-thong,marketing-truyen-thong-pr
7030,kinh-doanh-ban-hang,kinh-doanh-ban-hang-tong-hop
7031,,
7032,,
7033,,
7034,kinh-doanh-ban-hang,kinh-doanh-ban-hang-tong-hop
7035,giao-duc-dao-tao,giao-duc-giang-day
7036,,
7037,ke-toan-tai-chinh,ke-toan-tai-chinh-kiem-toan
7038,san-xuat-qa-qc,san-xuat-quan-ly
7039,giao-duc-dao-tao,giao-duc-giang-day
7040,kinh-doanh-ban-hang,kinh-doanh-ban-hang-tong-hop
7041,ke-toan-tai-chinh,ke-toan-tai-chinh-kiem-toan
7042,dien-dien-tu-vien-thong,dien-dien-tu-dien-lanh
7043,nhan-su-hanh-chinh,nhan-su-tuyen-dung-cb
7044,,
7045,,
7046,y-te-duoc,y-te-duoc-y-te
7047,kinh-doanh-ban-hang,kinh-doanh-ban-hang-ban-le-si
7048,nhan-su-hanh-chinh,nhan-su-tuyen-dung-cb
7049,ke-toan-tai-chinh,ke-toan-tai-chinh-kiem-toan
7050,cntt,cntt-phat-trien-phan-mem
7051,thiet-ke-kien-truc,thiet-ke-kien-truc-kien-truc
7052,giao-duc-dao-tao,giao-duc-giang-day
7053,khach-san-nha-hang-du-lich,khach-san-khach-san
7054,van-tai-logistics,van-tai-xuat-nhap-khau
7055,marketing-truyen-thong,marketing-truyen-thong-pr
7056,thiet-ke-kien-truc,thiet-ke-do-hoa
7057,co-khi-che-tao,co-khi-tu-dong-hoa
7058,kinh-doanh-ban-hang,kinh-doanh-ban-hang-tong-hop
7059,ke-toan-tai-chinh,ke-toan-tai-chinh-ngan-hang
7060,nhan-su-hanh-chinh,nhan-su-hanh-chinh-van-phong
7061,y-te-duoc,y-te-duoc-duoc-pham
7062,nhan-su-hanh-chinh,nhan-su-tuyen-dung-cb
7063,ke-toan-tai-chinh,ke-toan-tai-chinh-bao-hiem
7064,van-tai-logistics,van-tai-xuat-nhap-khau
7065,ke-toan-tai-chinh,ke-toan-tai-chinh-ngan-hang
7066,ke-toan-tai-chinh,ke-toan-tai-chinh-bao-hiem
7067,ke-toan-tai-chinh,ke-toan-tai-chinh-kiem-toan
7068,dich-vu-khach-hang,dich-vu-khach-hang-cskh
7069,giao-duc-dao-tao,giao-duc-giang-day
7070,kinh-doanh-ban-hang,kinh-doanh-ban-hang-tong-hop
7071,ke-toan-tai-chinh,ke-toan-tai-chinh-ngan-hang
7072,ke-toan-tai-chinh,ke-toan-tai-chinh-bao-hiem
7073,dich-vu-khach-hang,dich-vu-khach-hang-cskh
7074,giao-duc-dao-tao,giao-duc-giang-day
7075,ke-toan-tai-chinh,ke-toan-tai-chinh-kiem-toan
7076,kinh-doanh-ban-hang,kinh-doanh-ban-hang-tong-hop
7077,ke-toan-tai-chinh,ke-toan-tai-chinh-kiem-toan
7078,kinh-doanh-ban-hang,kinh-doanh-ban-hang-tong-hop
7079,giao-duc-dao-tao,giao-duc-giang-day
7080,dich-vu-khach-hang,dich-vu-khach-hang-cskh
7081,ke-toan-tai-chinh,ke-toan-tai-chinh-kiem-toan
7082,kinh-doanh-ban-hang,kinh-doanh-ban-hang-tong-hop
7083,co-khi-che-tao,co-khi-tu-dong-hoa
7084,,
7085,san-xuat-qa-qc,san-xuat-quan-ly
7086,marketing-truyen-thong,marketing-truyen-thong-pr
7087,kinh-doanh-ban-hang,kinh-doanh-ban-hang-tong-hop
7088,san-xuat-qa-qc,san-xuat-qa-qc-qa-qc
7089,ke-toan-tai-chinh,ke-toan-tai-chinh-tai-chinh
7090,cntt,cntt-phat-trien-phan-mem
7091,cntt,cntt-phat-trien-phan-mem
7092,nhan-su-hanh-chinh,nhan-su-tuyen-dung-cb
7093,marketing-truyen-thong,marketing-truyen-thong-pr
7094,san-xuat-qa-qc,san-xuat-thuc-pham
7095,kinh-doanh-ban-hang,kinh-doanh-ban-hang-tong-hop
7096,nhan-su-hanh-chinh,nhan-su-tuyen-dung-cb
7097,cntt,cntt-phat-trien-phan-mem
7098,dich-vu-khach-hang,dich-vu-khach-hang-cskh
7099,xay-dung,xay-dung-ky-su
7100,san-xuat-qa-qc,san-xuat-qa-qc-qa-qc
7101,kinh-doanh-ban-hang,kinh-doanh-ban-hang-tong-hop
7102,marketing-truyen-thong,marketing-truyen-thong-pr
7103,ke-toan-tai-chinh,ke-toan-tai-chinh-kiem-toan
7104,dien-dien-tu-vien-thong,dien-dien-tu-dien-lanh
7105,marketing-truyen-thong,marketing-truyen-thong-pr
7106,ke-toan-tai-chinh,ke-toan-tai-chinh-bao-hiem
7107,cntt,cntt-phat-trien-phan-mem
7108,nhan-su-hanh-chinh,nhan-su-tuyen-dung-cb
7109,khach-san-nha-hang-du-lich,khach-san-spa-lam-dep
7110,kinh-doanh-ban-hang,kinh-doanh-ban-hang-tong-hop
7111,kinh-doanh-ban-hang,kinh-doanh-ban-hang-tong-hop
7112,kinh-doanh-ban-hang,kinh-doanh-ban-hang-tong-hop
7113,marketing-truyen-thong,marketing-truyen-thong-pr
7114,thiet-ke-kien-truc,thiet-ke-do-hoa
7115,ke-toan-tai-chinh,ke-toan-tai-chinh-tai-chinh
7116,kinh-doanh-ban-hang,kinh-doanh-ban-hang-tong-hop
7117,dien-dien-tu-vien-thong,dien-dien-tu-vien-thong-vt
7118,dien-dien-tu-vien-thong,dien-dien-tu-dien-lanh
7119,kinh-doanh-ban-hang,kinh-doanh-ban-hang-tong-hop
7120,marketing-truyen-thong,marketing-truyen-thong-pr
7121,van-tai-logistics,van-tai-logistics-kho-van
7122,ke-toan-tai-chinh,ke-toan-tai-chinh-kiem-toan
7123,kinh-doanh-ban-hang,kinh-doanh-ban-hang-tong-hop
7124,cntt,cntt-phat-trien-phan-mem
7125,kinh-doanh-ban-hang,kinh-doanh-ban-hang-tong-hop
7126,,
7127,kinh-doanh-ban-hang,kinh-doanh-ban-hang-tong-hop
7128,kinh-doanh-ban-hang,kinh-doanh-ban-hang-tong-hop
7129,y-te-duoc,y-te-duoc-y-te
7130,kinh-doanh-ban-hang,kinh-doanh-ban-hang-tong-hop
7131,kinh-doanh-ban-hang,kinh-doanh-ban-hang-tong-hop
7132,kinh-doanh-ban-hang,kinh-doanh-ban-hang-tong-hop
7133,kinh-doanh-ban-hang,kinh-doanh-ban-hang-tong-hop
7134,,
7135,cntt,cntt-phat-trien-phan-mem
7136,marketing-truyen-thong,marketing-truyen-thong-pr
7137,kinh-doanh-ban-hang,kinh-doanh-ban-hang-ban-le-si
7138,nhan-su-hanh-chinh,nhan-su-hanh-chinh-van-phong
7139,,
7140,giao-duc-dao-tao,giao-duc-giang-day
7141,cntt,cntt-phat-trien-phan-mem
7142,kinh-doanh-ban-hang,kinh-doanh-ban-hang-tong-hop
7143,cntt,cntt-phat-trien-phan-mem
7144,nhan-su-hanh-chinh,nhan-su-hanh-chinh-van-phong
7145,marketing-truyen-thong,marketing-truyen-thong-pr
7146,,
7147,kinh-doanh-ban-hang,kinh-doanh-ban-hang-tong-hop
7148,marketing-truyen-thong,marketing-truyen-thong-pr
7149,cntt,cntt-phat-trien-phan-mem
7150,nhan-su-hanh-chinh,nhan-su-hanh-chinh-van-phong
7151,ke-toan-tai-chinh,ke-toan-tai-chinh-kiem-toan
7152,kinh-doanh-ban-hang,kinh-doanh-ban-hang-tong-hop
7153,kinh-doanh-ban-hang,kinh-doanh-ban-hang-tong-hop
7154,ke-toan-tai-chinh,ke-toan-tai-chinh-kiem-toan
7155,dich-vu-khach-hang,dich-vu-khach-hang-cskh
7156,nhan-su-hanh-chinh,nhan-su-thu-ky-tro-ly
7157,ke-toan-tai-chinh,ke-toan-tai-chinh-kiem-toan
7158,,
7159,ke-toan-tai-chinh,ke-toan-tai-chinh-ngan-hang
7160,,
7161,ke-toan-tai-chinh,ke-toan-tai-chinh-bao-hiem
7162,khach-san-nha-hang-du-lich,khach-san-khach-san
7163,ke-toan-tai-chinh,ke-toan-tai-chinh-bao-hiem
7164,kinh-doanh-ban-hang,kinh-doanh-ban-hang-tong-hop
7165,marketing-truyen-thong,marketing-bien-phien-dich
7166,,
7167,xay-dung,xay-dung-ky-su
7168,giao-duc-dao-tao,giao-duc-giang-day
7169,kinh-doanh-ban-hang,kinh-doanh-ban-hang-tong-hop
7170,nhan-su-hanh-chinh,nhan-su-tuyen-dung-cb
7171,kinh-doanh-ban-hang,kinh-doanh-ban-hang-tong-hop
7172,nhan-su-hanh-chinh,nhan-su-tuyen-dung-cb
7173,,
7174,giao-duc-dao-tao,giao-duc-giang-day
7175,kinh-doanh-ban-hang,kinh-doanh-ban-hang-tong-hop
7176,giao-duc-dao-tao,giao-duc-giang-day
7177,nhan-su-hanh-chinh,nhan-su-thu-ky-tro-ly
7178,kinh-doanh-ban-hang,kinh-doanh-ban-hang-tong-hop
7179,giao-duc-dao-tao,giao-duc-giang-day
7180,,
7181,khach-san-nha-hang-du-lich,khach-san-khach-san
7182,cntt,cntt-phat-trien-phan-mem
7183,kinh-doanh-ban-hang,kinh-doanh-ban-hang-tong-hop
7184,nhan-su-hanh-chinh,nhan-su-thu-ky-tro-ly
7185,ke-toan-tai-chinh,ke-toan-tai-chinh-kiem-toan
7186,nhan-su-hanh-chinh,nhan-su-tuyen-dung-cb
7187,kinh-doanh-ban-hang,kinh-doanh-ban-hang-tong-hop
7188,cntt,cntt-phat-trien-phan-mem
7189,cntt,cntt-phat-trien-phan-mem
7190,kinh-doanh-ban-hang,kinh-doanh-ban-hang-tong-hop
7191,marketing-truyen-thong,marketing-truyen-thong-pr
7192,cntt,cntt-phat-trien-phan-mem
7193,nhan-su-hanh-chinh,nhan-su-tuyen-dung-cb
7194,nhan-su-hanh-chinh,nhan-su-hanh-chinh-van-phong
7195,kinh-doanh-ban-hang,kinh-doanh-ban-hang-tong-hop
7196,giao-duc-dao-tao,giao-duc-giang-day
7197,kinh-doanh-ban-hang,kinh-doanh-ban-hang-tong-hop
7198,,
7199,ke-toan-tai-chinh,ke-toan-tai-chinh-kiem-toan
7200,cntt,cntt-phat-trien-phan-mem
7201,kinh-doanh-ban-hang,kinh-doanh-ban-hang-tong-hop
7202,khach-san-nha-hang-du-lich,khach-san-khach-san
7203,giao-duc-dao-tao,giao-duc-giang-day
7204,nhan-su-hanh-chinh,nhan-su-tuyen-dung-cb
7205,kinh-doanh-ban-hang,kinh-doanh-ban-hang-tong-hop
7206,,
7207,ke-toan-tai-chinh,ke-toan-tai-chinh-tai-chinh
7208,dich-vu-khach-hang,dich-vu-khach-hang-cskh
7209,cntt,cntt-phat-trien-phan-mem
7210,marketing-truyen-thong,marketing-truyen-thong-pr
7211,,
7212,kinh-doanh-ban-hang,kinh-doanh-ban-hang-tong-hop
7213,khach-san-nha-hang-du-lich,khach-san-khach-san
7214,,
7215,khach-san-nha-hang-du-lich,khach-san-khach-san
7216,san-xuat-qa-qc,san-xuat-qa-qc-qa-qc
7217,kinh-doanh-ban-hang,kinh-doanh-ban-hang-tong-hop
7218,marketing-truyen-thong,marketing-truyen-thong-pr
7219,van-tai-logistics,van-tai-logistics-kho-van
7220,san-xuat-qa-qc,san-xuat-qa-qc-qa-qc
7221,kinh-doanh-ban-hang,kinh-doanh-ban-hang-tong-hop
7222,van-tai-logistics,van-tai-xuat-nhap-khau
7223,marketing-truyen-thong,marketing-truyen-thong-pr
7224,kinh-doanh-ban-hang,kinh-doanh-ban-hang-tong-hop
7225,marketing-truyen-thong,marketing-truyen-thong-pr
7226,cntt,cntt-phat-trien-phan-mem
7227,,
7228,van-tai-logistics,van-tai-xuat-nhap-khau
7229,co-khi-che-tao,co-khi-o-to
7230,marketing-truyen-thong,marketing-truyen-thong-pr
7231,kinh-doanh-ban-hang,kinh-doanh-ban-hang-tong-hop
7232,,
7233,san-xuat-qa-qc,san-xuat-qa-qc-qa-qc
7234,,
7235,nhan-su-hanh-chinh,nhan-su-hanh-chinh-van-phong
7236,ke-toan-tai-chinh,ke-toan-tai-chinh-kiem-toan
7237,,
7238,khach-san-nha-hang-du-lich,khach-san-spa-lam-dep
7239,ke-toan-tai-chinh,ke-toan-tai-chinh-kiem-toan
7240,kinh-doanh-ban-hang,kinh-doanh-ban-hang-tong-hop
7241,ke-toan-tai-chinh,ke-toan-tai-chinh-kiem-toan
7242,thiet-ke-kien-truc,thiet-ke-kien-truc-kien-truc
7243,,
7244,ke-toan-tai-chinh,ke-toan-tai-chinh-kiem-toan
7245,co-khi-che-tao,co-khi-o-to
7246,ke-toan-tai-chinh,ke-toan-tai-chinh-bao-hiem
7247,ke-toan-tai-chinh,ke-toan-tai-chinh-kiem-toan
7248,xay-dung,xay-dung-ky-su
7249,,
7250,kinh-doanh-ban-hang,kinh-doanh-ban-hang-tong-hop
7251,ke-toan-tai-chinh,ke-toan-tai-chinh-ngan-hang
7252,,
7253,,
7254,marketing-truyen-thong,marketing-truyen-thong-pr
7255,nhan-su-hanh-chinh,nhan-su-tuyen-dung-cb
7256,,
7257,kinh-doanh-ban-hang,kinh-doanh-ban-hang-tong-hop
7258,thiet-ke-kien-truc,thiet-ke-do-hoa
7259,thiet-ke-kien-truc,thiet-ke-do-hoa
7260,kinh-doanh-ban-hang,kinh-doanh-ban-hang-tong-hop
7261,marketing-truyen-thong,marketing-truyen-thong-pr
7262,,
7263,san-xuat-qa-qc,san-xuat-qa-qc-qa-qc
7264,giao-duc-dao-tao,giao-duc-giang-day
7265,thiet-ke-kien-truc,thiet-ke-do-hoa
7266,marketing-truyen-thong,marketing-truyen-thong-pr
7267,san-xuat-qa-qc,san-xuat-det-may
7268,giao-duc-dao-tao,giao-duc-giang-day
7269,nhan-su-hanh-chinh,nhan-su-hanh-chinh-van-phong
7270,dich-vu-khach-hang,dich-vu-khach-hang-cskh
7271,van-tai-logistics,van-tai-xuat-nhap-khau
7272,kinh-doanh-ban-hang,kinh-doanh-ban-hang-tong-hop
7273,thiet-ke-kien-truc,thiet-ke-kien-truc-kien-truc
7274,kinh-doanh-ban-hang,kinh-doanh-ban-hang-tong-hop
7275,khach-san-nha-hang-du-lich,khach-san-du-lich-le-hanh
7276,khach-san-nha-hang-du-lich,khach-san-khach-san
7277,nhan-su-hanh-chinh,nhan-su-thu-ky-tro-ly
7278,,
7279,marketing-truyen-thong,marketing-truyen-thong-pr
7280,kinh-doanh-ban-hang,kinh-doanh-ban-hang-tong-hop
7281,y-te-duoc,y-te-duoc-y-te
7282,,
7283,cntt,cntt-phat-trien-phan-mem
7284,nhan-su-hanh-chinh,nhan-su-thu-ky-tro-ly
7285,nhan-su-hanh-chinh,nhan-su-hanh-chinh-van-phong
7286,san-xuat-qa-qc,san-xuat-quan-ly
7287,cntt,cntt-phat-trien-phan-mem
7288,marketing-truyen-thong,marketing-truyen-thong-pr
7289,kinh-doanh-ban-hang,kinh-doanh-ban-hang-tong-hop
7290,marketing-truyen-thong,marketing-truyen-thong-pr
7291,san-xuat-qa-qc,san-xuat-thuc-pham
7292,kinh-doanh-ban-hang,kinh-doanh-ban-hang-tong-hop
7293,cntt,cntt-phat-trien-phan-mem
7294,kinh-doanh-ban-hang,kinh-doanh-ban-hang-tong-hop
7295,san-xuat-qa-qc,san-xuat-thuc-pham
7296,marketing-truyen-thong,marketing-truyen-thong-pr
7297,cntt,cntt-phat-trien-phan-mem
7298,kinh-doanh-ban-hang,kinh-doanh-ban-hang-tong-hop
7299,marketing-truyen-thong,marketing-truyen-thong-pr
7300,thiet-ke-kien-truc,thiet-ke-do-hoa
7301,marketing-truyen-thong,marketing-truyen-thong-pr
7302,san-xuat-qa-qc,san-xuat-qa-qc-qa-qc
7303,dien-dien-tu-vien-thong,dien-dien-tu-vien-thong-vt
7304,kinh-doanh-ban-hang,kinh-doanh-ban-hang-tong-hop
7305,xay-dung,xay-dung-ky-su
7306,ke-toan-tai-chinh,ke-toan-tai-chinh-chung-khoan
7307,san-xuat-qa-qc,san-xuat-quan-ly
7308,san-xuat-qa-qc,san-xuat-qa-qc-qa-qc
7309,ke-toan-tai-chinh,ke-toan-tai-chinh-ngan-hang
7310,khach-san-nha-hang-du-lich,khach-san-spa-lam-dep
7311,nhan-su-hanh-chinh,nhan-su-hanh-chinh-van-phong
7312,nhan-su-hanh-chinh,nhan-su-tuyen-dung-cb
7313,cntt,cntt-phat-trien-phan-mem
7314,ke-toan-tai-chinh,ke-toan-tai-chinh-kiem-toan
7315,,
7316,thiet-ke-kien-truc,thiet-ke-my-thuat
7317,kinh-doanh-ban-hang,kinh-doanh-ban-hang-tong-hop
7318,kinh-doanh-ban-hang,kinh-doanh-ban-hang-tong-hop
7319,cntt,cntt-phat-trien-phan-mem
7320,cntt,cntt-phat-trien-phan-mem
7321,xay-dung,xay-dung-ky-su
7322,ke-toan-tai-chinh,ke-toan-tai-chinh-tai-chinh
7323,kinh-doanh-ban-hang,kinh-doanh-ban-hang-tong-hop
7324,khach-san-nha-hang-du-lich,khach-san-du-lich-le-hanh
7325,giao-duc-dao-tao,giao-duc-giang-day
7326,thiet-ke-kien-truc,thiet-ke-do-hoa
7327,marketing-truyen-thong,marketing-to-chuc-su-kien
7328,cntt,cntt-phat-trien-phan-mem
7329,ke-toan-tai-chinh,ke-toan-tai-chinh-bao-hiem
7330,khach-san-nha-hang-du-lich,khach-san-khach-san
7331,marketing-truyen-thong,marketing-bien-phien-dich
7332,y-te-duoc,y-te-duoc-duoc-pham
7333,giao-duc-dao-tao,giao-duc-giang-day
7334,giao-duc-dao-tao,giao-duc-giang-day
7335,marketing-truyen-thong,marketing-truyen-thong-pr
7336,ke-toan-tai-chinh,ke-toan-tai-chinh-bao-hiem
7337,ke-toan-tai-chinh,ke-toan-tai-chinh-ngan-hang
7338,co-khi-che-tao,co-khi-o-to
7339,,
7340,ke-toan-tai-chinh,ke-toan-tai-chinh-bao-hiem
7341,kinh-doanh-ban-hang,kinh-doanh-ban-hang-tong-hop
7342,marketing-truyen-thong,marketing-truyen-thong-pr
7343,san-xuat-qa-qc,san-xuat-qa-qc-qa-qc
7344,bat-dong-san,bat-dong-san-moi-gioi
7345,van-tai-logistics,van-tai-logistics-kho-van
7346,cntt,cntt-phat-trien-phan-mem
7347,kinh-doanh-ban-hang,kinh-doanh-ban-hang-tong-hop
7348,nhan-su-hanh-chinh,nhan-su-tuyen-dung-cb
7349,marketing-truyen-thong,marketing-truyen-thong-pr
7350,khach-san-nha-hang-du-lich,khach-san-khach-san
7351,ke-toan-tai-chinh,ke-toan-tai-chinh-bao-hiem
7352,ke-toan-tai-chinh,ke-toan-tai-chinh-bao-hiem
7353,thiet-ke-kien-truc,thiet-ke-do-hoa
7354,co-khi-che-tao,co-khi-tu-dong-hoa
7355,marketing-truyen-thong,marketing-truyen-thong-pr
7356,kinh-doanh-ban-hang,kinh-doanh-ban-hang-tong-hop
7357,,
7358,nhan-su-hanh-chinh,nhan-su-hanh-chinh-van-phong
7359,,
7360,san-xuat-qa-qc,san-xuat-my-pham
7361,marketing-truyen-thong,marketing-truyen-thong-pr
7362,,
7363,kinh-doanh-ban-hang,kinh-doanh-ban-hang-tong-hop
7364,cntt,cntt-phat-trien-phan-mem
7365,cntt,cntt-phat-trien-phan-mem
7366,kinh-doanh-ban-hang,kinh-doanh-ban-hang-ban-hang
7367,kinh-doanh-ban-hang,kinh-doanh-ban-hang-tong-hop
7368,kinh-doanh-ban-hang,kinh-doanh-ban-hang-tong-hop
7369,dich-vu-khach-hang,dich-vu-khach-hang-cskh
7370,kinh-doanh-ban-hang,kinh-doanh-ban-hang-tong-hop
7371,khach-san-nha-hang-du-lich,khach-san-khach-san
7372,xay-dung,xay-dung-ky-su
7373,co-khi-che-tao,co-khi-tu-dong-hoa
7374,co-khi-che-tao,co-khi-tu-dong-hoa
7375,ke-toan-tai-chinh,ke-toan-tai-chinh-tai-chinh
7376,marketing-truyen-thong,marketing-truyen-thong-pr
7377,san-xuat-qa-qc,san-xuat-moi-truong
7378,kinh-doanh-ban-hang,kinh-doanh-ban-hang-tong-hop
7379,kinh-doanh-ban-hang,kinh-doanh-ban-hang-tong-hop
7380,,
7381,ke-toan-tai-chinh,ke-toan-tai-chinh-ngan-hang
7382,cntt,cntt-phat-trien-phan-mem
7383,marketing-truyen-thong,marketing-to-chuc-su-kien
7384,marketing-truyen-thong,marketing-truyen-thong-pr
7385,,
7386,cntt,cntt-phat-trien-phan-mem
7387,kinh-doanh-ban-hang,kinh-doanh-ban-hang-tong-hop
7388,,
7389,kinh-doanh-ban-hang,kinh-doanh-ban-hang-tong-hop
7390,cntt,cntt-phat-trien-phan-mem
7391,,
7392,kinh-doanh-ban-hang,kinh-doanh-ban-hang-tong-hop
7393,kinh-doanh-ban-hang,kinh-doanh-ban-hang-tong-hop
7394,kinh-doanh-ban-hang,kinh-doanh-ban-hang-tong-hop
7395,nhan-su-hanh-chinh,nhan-su-phap-ly-phap-che
7396,cntt,cntt-phat-trien-phan-mem
7397,kinh-doanh-ban-hang,kinh-doanh-ban-hang-tong-hop
7398,san-xuat-qa-qc,san-xuat-qa-qc-qa-qc
7399,cntt,cntt-phat-trien-phan-mem
7400,kinh-doanh-ban-hang,kinh-doanh-ban-hang-tong-hop
7401,khach-san-nha-hang-du-lich,khach-san-spa-lam-dep
7402,cntt,cntt-phat-trien-phan-mem
7403,san-xuat-qa-qc,san-xuat-qa-qc-qa-qc
7404,xay-dung,xay-dung-ky-su
7405,kinh-doanh-ban-hang,kinh-doanh-ban-hang-tong-hop
7406,kinh-doanh-ban-hang,kinh-doanh-ban-hang-tong-hop
7407,kinh-doanh-ban-hang,kinh-doanh-ban-hang-ban-hang
7408,kinh-doanh-ban-hang,kinh-doanh-ban-hang-tong-hop
7409,ke-toan-tai-chinh,ke-toan-tai-chinh-kiem-toan
7410,,
7411,marketing-truyen-thong,marketing-truyen-thong-pr
7412,cntt,cntt-phan-cung-mang
7413,ke-toan-tai-chinh,ke-toan-tai-chinh-ngan-hang
7414,ke-toan-tai-chinh,ke-toan-tai-chinh-bao-hiem
7415,xay-dung,xay-dung-ky-su
7416,nhan-su-hanh-chinh,nhan-su-tuyen-dung-cb
7417,marketing-truyen-thong,marketing-truyen-thong-pr
7418,bat-dong-san,bat-dong-san-moi-gioi
7419,nhan-su-hanh-chinh,nhan-su-hanh-chinh-van-phong
7420,kinh-doanh-ban-hang,kinh-doanh-ban-hang-tong-hop
7421,nhan-su-hanh-chinh,nhan-su-phap-ly-phap-che
7422,ke-toan-tai-chinh,ke-toan-tai-chinh-ngan-hang
7423,co-khi-che-tao,co-khi-tu-dong-hoa
7424,dich-vu-khach-hang,dich-vu-khach-hang-cskh
7425,ke-toan-tai-chinh,ke-toan-tai-chinh-kiem-toan
7426,van-tai-logistics,van-tai-xuat-nhap-khau
7427,ke-toan-tai-chinh,ke-toan-tai-chinh-kiem-toan
7428,kinh-doanh-ban-hang,kinh-doanh-ban-hang-tong-hop
7429,nhan-su-hanh-chinh,nhan-su-hanh-chinh-van-phong
7430,nhan-su-hanh-chinh,nhan-su-tuyen-dung-cb
7431,cntt,cntt-phat-trien-phan-mem
7432,ke-toan-tai-chinh,ke-toan-tai-chinh-kiem-toan
7433,xay-dung,xay-dung-ky-su
7434,kinh-doanh-ban-hang,kinh-doanh-ban-hang-tong-hop
7435,kinh-doanh-ban-hang,kinh-doanh-ban-hang-tong-hop
7436,marketing-truyen-thong,marketing-truyen-thong-pr
7437,thiet-ke-kien-truc,thiet-ke-do-hoa
7438,cntt,cntt-phat-trien-phan-mem
7439,kinh-doanh-ban-hang,kinh-doanh-ban-hang-tong-hop
7440,ke-toan-tai-chinh,ke-toan-tai-chinh-tai-chinh
7441,cntt,cntt-phat-trien-phan-mem
7442,van-tai-logistics,van-tai-xuat-nhap-khau
7443,cntt,cntt-phat-trien-phan-mem
7444,ke-toan-tai-chinh,ke-toan-tai-chinh-kiem-toan
7445,cntt,cntt-phat-trien-phan-mem
7446,y-te-duoc,y-te-duoc-y-te
7447,san-xuat-qa-qc,san-xuat-thuc-pham
7448,,
7449,nhan-su-hanh-chinh,nhan-su-tuyen-dung-cb
7450,,
7451,van-tai-logistics,van-tai-logistics-kho-van
7452,ke-toan-tai-chinh,ke-toan-tai-chinh-kiem-toan
7453,ke-toan-tai-chinh,ke-toan-tai-chinh-kiem-toan
7454,kinh-doanh-ban-hang,kinh-doanh-ban-hang-tong-hop
7455,nhan-su-hanh-chinh,nhan-su-hanh-chinh-van-phong
7456,cntt,cntt-phat-trien-phan-mem
7457,bat-dong-san,bat-dong-san-moi-gioi
7458,marketing-truyen-thong,marketing-truyen-thong-pr
7459,ke-toan-tai-chinh,ke-toan-tai-chinh-kiem-toan
7460,kinh-doanh-ban-hang,kinh-doanh-ban-hang-tong-hop
7461,cntt,cntt-phat-trien-phan-mem
7462,ke-toan-tai-chinh,ke-toan-tai-chinh-tai-chinh
7463,marketing-truyen-thong,marketing-truyen-thong-pr
7464,khach-san-nha-hang-du-lich,khach-san-khach-san
7465,thiet-ke-kien-truc,thiet-ke-my-thuat
7466,nhan-su-hanh-chinh,nhan-su-phap-ly-phap-che
7467,ke-toan-tai-chinh,ke-toan-tai-chinh-kiem-toan
7468,,
7469,ke-toan-tai-chinh,ke-toan-tai-chinh-bao-hiem
7470,giao-duc-dao-tao,giao-duc-giang-day
7471,cntt,cntt-phat-trien-phan-mem
7472,cntt,cntt-phat-trien-phan-mem
7473,thiet-ke-kien-truc,thiet-ke-do-hoa
7474,xay-dung,xay-dung-ky-su
7475,thiet-ke-kien-truc,thiet-ke-do-hoa
7476,kinh-doanh-ban-hang,kinh-doanh-ban-hang-tong-hop
7477,san-xuat-qa-qc,san-xuat-nong-nghiep
7478,van-tai-logistics,van-tai-logistics-kho-van
7479,kinh-doanh-ban-hang,kinh-doanh-ban-hang-tong-hop
7480,ke-toan-tai-chinh,ke-toan-tai-chinh-tai-chinh
7481,san-xuat-qa-qc,san-xuat-det-may
7482,kinh-doanh-ban-hang,kinh-doanh-ban-hang-tong-hop
7483,marketing-truyen-thong,marketing-to-chuc-su-kien
7484,kinh-doanh-ban-hang,kinh-doanh-ban-hang-ban-le-si
7485,,
7486,thiet-ke-kien-truc,thiet-ke-do-hoa
7487,ke-toan-tai-chinh,ke-toan-tai-chinh-bao-hiem
7488,marketing-truyen-thong,marketing-truyen-thong-pr
7489,,
7490,nhan-su-hanh-chinh,nhan-su-thu-ky-tro-ly
7491,kinh-doanh-ban-hang,kinh-doanh-ban-hang-ban-le-si
7492,dien-dien-tu-vien-thong,dien-dien-tu-dien-lanh
7493,thiet-ke-kien-truc,thiet-ke-do-hoa
7494,marketing-truyen-thong,marketing-truyen-thong-pr
7495,,
7496,,
7497,marketing-truyen-thong,marketing-truyen-thong-pr
7498,cntt,cntt-phat-trien-phan-mem
7499,cntt,cntt-phat-trien-phan-mem
7500,nhan-su-hanh-chinh,nhan-su-tuyen-dung-cb
7501,giao-duc-dao-tao,giao-duc-giang-day
7502,kinh-doanh-ban-hang,kinh-doanh-ban-hang-tong-hop
7503,cntt,cntt-phat-trien-phan-mem
7504,kinh-doanh-ban-hang,kinh-doanh-ban-hang-tong-hop
7505,cntt,cntt-phat-trien-phan-mem
7506,cntt,cntt-phat-trien-phan-mem
7507,,
7508,kinh-doanh-ban-hang,kinh-doanh-ban-hang-tong-hop
7509,,
7510,cntt,cntt-phat-trien-phan-mem
7511,kinh-doanh-ban-hang,kinh-doanh-ban-hang-tong-hop
7512,ke-toan-tai-chinh,ke-toan-tai-chinh-bao-hiem
7513,ke-toan-tai-chinh,ke-toan-tai-chinh-kiem-toan
7514,nhan-su-hanh-chinh,nhan-su-tuyen-dung-cb
7515,nhan-su-hanh-chinh,nhan-su-phap-ly-phap-che
7516,khach-san-nha-hang-du-lich,khach-san-khach-san
7517,dich-vu-khach-hang,dich-vu-khach-hang-cskh
7518,ke-toan-tai-chinh,ke-toan-tai-chinh-kiem-toan
7519,marketing-truyen-thong,marketing-bien-phien-dich
7520,kinh-doanh-ban-hang,kinh-doanh-ban-hang-tong-hop
7521,thiet-ke-kien-truc,thiet-ke-noi-that
7522,nhan-su-hanh-chinh,nhan-su-tuyen-dung-cb
7523,san-xuat-qa-qc,san-xuat-thuc-pham
7524,giao-duc-dao-tao,giao-duc-giang-day
7525,marketing-truyen-thong,marketing-truyen-thong-pr
7526,co-khi-che-tao,co-khi-tu-dong-hoa
7527,xay-dung,xay-dung-ky-su
7528,kinh-doanh-ban-hang,kinh-doanh-ban-hang-tong-hop
7529,marketing-truyen-thong,marketing-truyen-thong-pr
7530,co-khi-che-tao,co-khi-tu-dong-hoa
7531,y-te-duoc,y-te-duoc-y-te
7532,dich-vu-khach-hang,dich-vu-khach-hang-cskh
7533,ke-toan-tai-chinh,ke-toan-tai-chinh-kiem-toan
7534,giao-duc-dao-tao,giao-duc-giang-day
7535,kinh-doanh-ban-hang,kinh-doanh-ban-hang-tong-hop
7536,,
7537,khach-san-nha-hang-du-lich,khach-san-spa-lam-dep
7538,cntt,cntt-phat-trien-phan-mem
7539,marketing-truyen-thong,marketing-truyen-thong-pr
7540,san-xuat-qa-qc,san-xuat-thuc-pham
7541,cntt,cntt-phat-trien-phan-mem
7542,,
7543,marketing-truyen-thong,marketing-bien-phien-dich
7544,kinh-doanh-ban-hang,kinh-doanh-ban-hang-tong-hop
7545,cntt,cntt-phat-trien-phan-mem
7546,kinh-doanh-ban-hang,kinh-doanh-ban-hang-tong-hop
7547,ke-toan-tai-chinh,ke-toan-tai-chinh-ngan-hang
7548,van-tai-logistics,van-tai-logistics-kho-van
7549,giao-duc-dao-tao,giao-duc-giang-day
7550,ke-toan-tai-chinh,ke-toan-tai-chinh-bao-hiem
7551,,
7552,marketing-truyen-thong,marketing-truyen-thong-pr
7553,co-khi-che-tao,co-khi-tu-dong-hoa
7554,nhan-su-hanh-chinh,nhan-su-thu-ky-tro-ly
7555,marketing-truyen-thong,marketing-bao-chi-truyen-hinh
7556,,
7557,,
7558,kinh-doanh-ban-hang,kinh-doanh-ban-hang-tong-hop
7559,xay-dung,xay-dung-ky-su
7560,,
7561,kinh-doanh-ban-hang,kinh-doanh-ban-hang-tong-hop
7562,,
7563,co-khi-che-tao,co-khi-tu-dong-hoa
7564,,
7565,marketing-truyen-thong,marketing-truyen-thong-pr
7566,cntt,cntt-phat-trien-phan-mem
7567,co-khi-che-tao,co-khi-tu-dong-hoa
7568,ke-toan-tai-chinh,ke-toan-tai-chinh-kiem-toan
7569,co-khi-che-tao,co-khi-o-to
7570,kinh-doanh-ban-hang,kinh-doanh-ban-hang-tong-hop
7571,dien-dien-tu-vien-thong,dien-dien-tu-dien-lanh
7572,,
7573,cntt,cntt-phan-cung-mang
7574,cntt,cntt-phat-trien-phan-mem
7575,kinh-doanh-ban-hang,kinh-doanh-ban-hang-tong-hop
7576,marketing-truyen-thong,marketing-truyen-thong-pr
7577,cntt,cntt-phat-trien-phan-mem
7578,marketing-truyen-thong,marketing-truyen-thong-pr
7579,kinh-doanh-ban-hang,kinh-doanh-ban-hang-tong-hop
7580,kinh-doanh-ban-hang,kinh-doanh-ban-hang-tong-hop
7581,kinh-doanh-ban-hang,kinh-doanh-ban-hang-tong-hop
7582,kinh-doanh-ban-hang,kinh-doanh-ban-hang-tong-hop
7583,ke-toan-tai-chinh,ke-toan-tai-chinh-bao-hiem
7584,thiet-ke-kien-truc,thiet-ke-do-hoa
7585,giao-duc-dao-tao,giao-duc-giang-day
7586,kinh-doanh-ban-hang,kinh-doanh-ban-hang-tong-hop
7587,marketing-truyen-thong,marketing-truyen-thong-pr
7588,dich-vu-khach-hang,dich-vu-khach-hang-cskh
7589,ke-toan-tai-chinh,ke-toan-tai-chinh-kiem-toan
7590,khach-san-nha-hang-du-lich,khach-san-khach-san
7591,kinh-doanh-ban-hang,kinh-doanh-ban-hang-ban-hang
7592,ke-toan-tai-chinh,ke-toan-tai-chinh-kiem-toan
7593,dien-dien-tu-vien-thong,dien-dien-tu-dien-lanh
7594,kinh-doanh-ban-hang,kinh-doanh-ban-hang-tong-hop
7595,,
7596,kinh-doanh-ban-hang,kinh-doanh-ban-hang-tong-hop
7597,van-tai-logistics,van-tai-xuat-nhap-khau
7598,,
7599,kinh-doanh-ban-hang,kinh-doanh-ban-hang-tong-hop
7600,cntt,cntt-phat-trien-phan-mem
7601,khach-san-nha-hang-du-lich,khach-san-spa-lam-dep
7602,kinh-doanh-ban-hang,kinh-doanh-ban-hang-tong-hop
7603,cntt,cntt-phat-trien-phan-mem
7604,nhan-su-hanh-chinh,nhan-su-hanh-chinh-van-phong
7605,cntt,cntt-phan-cung-mang
7606,san-xuat-qa-qc,san-xuat-qa-qc-qa-qc
7607,kinh-doanh-ban-hang,kinh-doanh-ban-hang-tong-hop
7608,kinh-doanh-ban-hang,kinh-doanh-ban-hang-ban-le-si
7609,,
7610,marketing-truyen-thong,marketing-truyen-thong-pr
7611,marketing-truyen-thong,marketing-bao-chi-truyen-hinh
7612,,
7613,ke-toan-tai-chinh,ke-toan-tai-chinh-kiem-toan
7614,kinh-doanh-ban-hang,kinh-doanh-ban-hang-tong-hop
7615,,
7616,marketing-truyen-thong,marketing-truyen-thong-pr
7617,van-tai-logistics,van-tai-xuat-nhap-khau
7618,san-xuat-qa-qc,san-xuat-quan-ly
7619,kinh-doanh-ban-hang,kinh-doanh-ban-hang-tong-hop
7620,ke-toan-tai-chinh,ke-toan-tai-chinh-kiem-toan
7621,cntt,cntt-phat-trien-phan-mem
7622,dien-dien-tu-vien-thong,dien-dien-tu-dien-lanh
7623,dich-vu-khach-hang,dich-vu-khach-hang-cskh
7624,kinh-doanh-ban-hang,kinh-doanh-ban-hang-tong-hop
7625,cntt,cntt-phat-trien-phan-mem
7626,,
7627,dich-vu-khach-hang,dich-vu-khach-hang-cskh
7628,ke-toan-tai-chinh,ke-toan-tai-chinh-bao-hiem
7629,,
7630,ke-toan-tai-chinh,ke-toan-tai-chinh-ngan-hang
7631,dien-dien-tu-vien-thong,dien-dien-tu-dien-lanh
7632,nhan-su-hanh-chinh,nhan-su-thu-ky-tro-ly
7633,ke-toan-tai-chinh,ke-toan-tai-chinh-kiem-toan
7634,kinh-doanh-ban-hang,kinh-doanh-ban-hang-tong-hop
7635,giao-duc-dao-tao,giao-duc-giang-day
7636,kinh-doanh-ban-hang,kinh-doanh-ban-hang-tong-hop
7637,san-xuat-qa-qc,san-xuat-thuc-pham
7638,kinh-doanh-ban-hang,kinh-doanh-ban-hang-tong-hop
7639,cntt,cntt-phat-trien-phan-mem
7640,marketing-truyen-thong,marketing-bien-phien-dich
7641,nhan-su-hanh-chinh,nhan-su-tuyen-dung-cb
7642,,
7643,,
7644,kinh-doanh-ban-hang,kinh-doanh-ban-hang-tong-hop
7645,san-xuat-qa-qc,san-xuat-qa-qc-qa-qc
7646,,
7647,cntt,cntt-phat-trien-phan-mem
7648,giao-duc-dao-tao,giao-duc-giang-day
7649,,
7650,xay-dung,xay-dung-ky-su
7651,y-te-duoc,y-te-duoc-duoc-pham
7652,marketing-truyen-thong,marketing-truyen-thong-pr
7653,,
7654,thiet-ke-kien-truc,thiet-ke-my-thuat
7655,cntt,cntt-phat-trien-phan-mem
7656,kinh-doanh-ban-hang,kinh-doanh-ban-hang-tong-hop
7657,dich-vu-khach-hang,dich-vu-khach-hang-cskh
7658,van-tai-logistics,van-tai-logistics-kho-van
7659,thiet-ke-kien-truc,thiet-ke-noi-that
7660,ke-toan-tai-chinh,ke-toan-tai-chinh-kiem-toan
7661,kinh-doanh-ban-hang,kinh-doanh-ban-hang-tong-hop
7662,san-xuat-qa-qc,san-xuat-quan-ly
7663,cntt,cntt-phat-trien-phan-mem
7664,kinh-doanh-ban-hang,kinh-doanh-ban-hang-tong-hop
7665,cntt,cntt-phat-trien-phan-mem
7666,giao-duc-dao-tao,giao-duc-giang-day
7667,kinh-doanh-ban-hang,kinh-doanh-ban-hang-tong-hop
7668,cntt,cntt-phat-trien-phan-mem
7669,y-te-duoc,y-te-duoc-y-te
7670,kinh-doanh-ban-hang,kinh-doanh-ban-hang-tong-hop
7671,,
7672,san-xuat-qa-qc,san-xuat-qa-qc-qa-qc
7673,,
7674,ke-toan-tai-chinh,ke-toan-tai-chinh-bao-hiem
7675,kinh-doanh-ban-hang,kinh-doanh-ban-hang-tong-hop
7676,dien-dien-tu-vien-thong,dien-dien-tu-vien-thong-vt
7677,marketing-truyen-thong,marketing-bien-phien-dich
7678,nhan-su-hanh-chinh,nhan-su-thu-ky-tro-ly
7679,cntt,cntt-phat-trien-phan-mem
7680,xay-dung,xay-dung-ky-su
7681,dich-vu-khach-hang,dich-vu-khach-hang-cskh
7682,y-te-duoc,y-te-duoc-y-te
7683,giao-duc-dao-tao,giao-duc-giang-day
7684,marketing-truyen-thong,marketing-truyen-thong-pr
7685,kinh-doanh-ban-hang,kinh-doanh-ban-hang-tong-hop
7686,xay-dung,xay-dung-ky-su
7687,marketing-truyen-thong,marketing-truyen-thong-pr
7688,marketing-truyen-thong,marketing-truyen-thong-pr
7689,khach-san-nha-hang-du-lich,khach-san-khach-san
7690,dich-vu-khach-hang,dich-vu-khach-hang-cskh
7691,kinh-doanh-ban-hang,kinh-doanh-ban-hang-ban-le-si
7692,marketing-truyen-thong,marketing-bien-phien-dich
7693,van-tai-logistics,van-tai-logistics-kho-van
7694,marketing-truyen-thong,marketing-truyen-thong-pr
7695,thiet-ke-kien-truc,thiet-ke-do-hoa
7696,kinh-doanh-ban-hang,kinh-doanh-ban-hang-tong-hop
7697,dich-vu-khach-hang,dich-vu-khach-hang-cskh
7698,kinh-doanh-ban-hang,kinh-doanh-ban-hang-tong-hop
7699,san-xuat-qa-qc,san-xuat-thuc-pham
7700,,
7701,giao-duc-dao-tao,giao-duc-giang-day
7702,marketing-truyen-thong,marketing-truyen-thong-pr
7703,van-tai-logistics,van-tai-logistics-kho-van
7704,kinh-doanh-ban-hang,kinh-doanh-ban-hang-tong-hop
7705,giao-duc-dao-tao,giao-duc-giang-day
7706,nhan-su-hanh-chinh,nhan-su-phap-ly-phap-che
7707,giao-duc-dao-tao,giao-duc-giang-day
7708,thiet-ke-kien-truc,thiet-ke-kien-truc-kien-truc
7709,van-tai-logistics,van-tai-logistics-kho-van
7710,cntt,cntt-phat-trien-phan-mem
7711,cntt,cntt-phat-trien-phan-mem
7712,,
7713,kinh-doanh-ban-hang,kinh-doanh-ban-hang-tong-hop
7714,y-te-duoc,y-te-duoc-duoc-pham
7715,nhan-su-hanh-chinh,nhan-su-tuyen-dung-cb
7716,cntt,cntt-phan-cung-mang
7717,nhan-su-hanh-chinh,nhan-su-tuyen-dung-cb
7718,ke-toan-tai-chinh,ke-toan-tai-chinh-kiem-toan
7719,cntt,cntt-phat-trien-phan-mem
7720,kinh-doanh-ban-hang,kinh-doanh-ban-hang-tong-hop
7721,cntt,cntt-phat-trien-phan-mem
7722,,
7723,cntt,cntt-phat-trien-phan-mem
7724,giao-duc-dao-tao,giao-duc-giang-day
7725,thiet-ke-kien-truc,thiet-ke-do-hoa
7726,cntt,cntt-phat-trien-phan-mem
7727,,
7728,nhan-su-hanh-chinh,nhan-su-hanh-chinh-van-phong
7729,cntt,cntt-phan-cung-mang
7730,,
7731,ke-toan-tai-chinh,ke-toan-tai-chinh-kiem-toan
7732,ke-toan-tai-chinh,ke-toan-tai-chinh-bao-hiem
7733,marketing-truyen-thong,marketing-bao-chi-truyen-hinh
7734,cntt,cntt-phan-cung-mang
7735,kinh-doanh-ban-hang,kinh-doanh-ban-hang-tong-hop
7736,marketing-truyen-thong,marketing-truyen-thong-pr
7737,bat-dong-san,bat-dong-san-moi-gioi
7738,kinh-doanh-ban-hang,kinh-doanh-ban-hang-tong-hop
7739,kinh-doanh-ban-hang,kinh-doanh-ban-hang-tong-hop
7740,,
7741,ke-toan-tai-chinh,ke-toan-tai-chinh-kiem-toan
7742,y-te-duoc,y-te-duoc-y-te
7743,cntt,cntt-phat-trien-phan-mem
7744,cntt,cntt-phan-cung-mang
7745,ke-toan-tai-chinh,ke-toan-tai-chinh-ngan-hang
7746,kinh-doanh-ban-hang,kinh-doanh-ban-hang-tong-hop
7747,marketing-truyen-thong,marketing-truyen-thong-pr
7748,kinh-doanh-ban-hang,kinh-doanh-ban-hang-tong-hop
7749,kinh-doanh-ban-hang,kinh-doanh-ban-hang-tong-hop
7750,kinh-doanh-ban-hang,kinh-doanh-ban-hang-tong-hop
7751,dich-vu-khach-hang,dich-vu-khach-hang-cskh
7752,marketing-truyen-thong,marketing-truyen-thong-pr
7753,,
7754,san-xuat-qa-qc,san-xuat-det-may
7755,kinh-doanh-ban-hang,kinh-doanh-ban-hang-tong-hop
7756,kinh-doanh-ban-hang,kinh-doanh-ban-hang-tong-hop
7757,kinh-doanh-ban-hang,kinh-doanh-ban-hang-tong-hop
7758,nhan-su-hanh-chinh,nhan-su-tuyen-dung-cb
7759,kinh-doanh-ban-hang,kinh-doanh-ban-hang-ban-le-si
7760,marketing-truyen-thong,marketing-truyen-thong-pr
7761,khach-san-nha-hang-du-lich,khach-san-khach-san
7762,kinh-doanh-ban-hang,kinh-doanh-ban-hang-tong-hop
7763,marketing-truyen-thong,marketing-truyen-thong-pr
7764,,
7765,kinh-doanh-ban-hang,kinh-doanh-ban-hang-tong-hop
7766,cntt,cntt-phat-trien-phan-mem
7767,,
7768,thiet-ke-kien-truc,thiet-ke-do-hoa
7769,nhan-su-hanh-chinh,nhan-su-thu-ky-tro-ly
7770,cntt,cntt-phat-trien-phan-mem
7771,kinh-doanh-ban-hang,kinh-doanh-ban-hang-tong-hop
7772,dien-dien-tu-vien-thong,dien-dien-tu-vien-thong-vt
7773,ke-toan-tai-chinh,ke-toan-tai-chinh-tai-chinh
7774,san-xuat-qa-qc,san-xuat-qa-qc-qa-qc
7775,dien-dien-tu-vien-thong,dien-dien-tu-dien-lanh
7776,xay-dung,xay-dung-ky-su
7777,ke-toan-tai-chinh,ke-toan-tai-chinh-tai-chinh
7778,ke-toan-tai-chinh,ke-toan-tai-chinh-ngan-hang
7779,kinh-doanh-ban-hang,kinh-doanh-ban-hang-tong-hop
7780,san-xuat-qa-qc,san-xuat-qa-qc-qa-qc
7781,dich-vu-khach-hang,dich-vu-khach-hang-cskh
7782,kinh-doanh-ban-hang,kinh-doanh-ban-hang-tong-hop
7783,cntt,cntt-phat-trien-phan-mem
7784,kinh-doanh-ban-hang,kinh-doanh-ban-hang-tong-hop
7785,kinh-doanh-ban-hang,kinh-doanh-ban-hang-tong-hop
7786,dich-vu-khach-hang,dich-vu-khach-hang-cskh
7787,san-xuat-qa-qc,san-xuat-qa-qc-qa-qc
7788,y-te-duoc,y-te-duoc-y-te
7789,khach-san-nha-hang-du-lich,khach-san-du-lich-le-hanh
7790,giao-duc-dao-tao,giao-duc-giang-day
7791,ke-toan-tai-chinh,ke-toan-tai-chinh-ngan-hang
7792,,
7793,cntt,cntt-phat-trien-phan-mem
7794,ke-toan-tai-chinh,ke-toan-tai-chinh-kiem-toan
7795,xay-dung,xay-dung-ky-su
7796,co-khi-che-tao,co-khi-o-to
7797,van-tai-logistics,van-tai-logistics-kho-van
7798,cntt,cntt-phat-trien-phan-mem
7799,san-xuat-qa-qc,san-xuat-qa-qc-qa-qc
7800,kinh-doanh-ban-hang,kinh-doanh-ban-hang-tong-hop
7801,ke-toan-tai-chinh,ke-toan-tai-chinh-ngan-hang
7802,ke-toan-tai-chinh,ke-toan-tai-chinh-kiem-toan
7803,thiet-ke-kien-truc,thiet-ke-my-thuat
7804,,
7805,kinh-doanh-ban-hang,kinh-doanh-ban-hang-tong-hop
7806,giao-duc-dao-tao,giao-duc-giang-day
7807,marketing-truyen-thong,marketing-truyen-thong-pr
7808,xay-dung,xay-dung-ky-su
7809,kinh-doanh-ban-hang,kinh-doanh-ban-hang-tong-hop
7810,marketing-truyen-thong,marketing-truyen-thong-pr
7811,marketing-truyen-thong,marketing-truyen-thong-pr
7812,kinh-doanh-ban-hang,kinh-doanh-ban-hang-tong-hop
7813,cntt,cntt-phat-trien-phan-mem
7814,marketing-truyen-thong,marketing-bao-chi-truyen-hinh
7815,thiet-ke-kien-truc,thiet-ke-noi-that
7816,kinh-doanh-ban-hang,kinh-doanh-ban-hang-tong-hop
7817,dich-vu-khach-hang,dich-vu-khach-hang-cskh
7818,san-xuat-qa-qc,san-xuat-nong-nghiep
7819,san-xuat-qa-qc,san-xuat-my-pham
7820,nhan-su-hanh-chinh,nhan-su-tuyen-dung-cb
7821,san-xuat-qa-qc,san-xuat-my-pham
7822,giao-duc-dao-tao,giao-duc-giang-day
7823,cntt,cntt-phan-cung-mang
7824,xay-dung,xay-dung-ky-su
7825,y-te-duoc,y-te-duoc-y-te
7826,giao-duc-dao-tao,giao-duc-giang-day
7827,kinh-doanh-ban-hang,kinh-doanh-ban-hang-tong-hop
7828,,
7829,kinh-doanh-ban-hang,kinh-doanh-ban-hang-tong-hop
7830,cntt,cntt-phat-trien-phan-mem
7831,xay-dung,xay-dung-ky-su
7832,,
7833,,
7834,ke-toan-tai-chinh,ke-toan-tai-chinh-ngan-hang
7835,kinh-doanh-ban-hang,kinh-doanh-ban-hang-tong-hop
7836,cntt,cntt-phat-trien-phan-mem
7837,ke-toan-tai-chinh,ke-toan-tai-chinh-tai-chinh
7838,khach-san-nha-hang-du-lich,khach-san-khach-san
7839,ke-toan-tai-chinh,ke-toan-tai-chinh-bao-hiem
7840,dich-vu-khach-hang,dich-vu-khach-hang-cskh
7841,,
7842,y-te-duoc,y-te-duoc-y-te
7843,kinh-doanh-ban-hang,kinh-doanh-ban-hang-tong-hop
7844,ke-toan-tai-chinh,ke-toan-tai-chinh-bao-hiem
7845,khach-san-nha-hang-du-lich,khach-san-du-lich-le-hanh
7846,dich-vu-khach-hang,dich-vu-khach-hang-cskh
7847,ke-toan-tai-chinh,ke-toan-tai-chinh-bao-hiem
7848,ke-toan-tai-chinh,ke-toan-tai-chinh-kiem-toan
7849,ke-toan-tai-chinh,ke-toan-tai-chinh-ngan-hang
7850,cntt,cntt-phat-trien-phan-mem
7851,kinh-doanh-ban-hang,kinh-doanh-ban-hang-tong-hop
7852,dien-dien-tu-vien-thong,dien-dien-tu-dien-lanh
7853,cntt,cntt-phat-trien-phan-mem
7854,marketing-truyen-thong,marketing-truyen-thong-pr
7855,xay-dung,xay-dung-ky-su
7856,khach-san-nha-hang-du-lich,khach-san-du-lich-le-hanh
7857,kinh-doanh-ban-hang,kinh-doanh-ban-hang-tong-hop
7858,cntt,cntt-phat-trien-phan-mem
7859,khach-san-nha-hang-du-lich,khach-san-du-lich-le-hanh
7860,,
7861,dien-dien-tu-vien-thong,dien-dien-tu-dien-lanh
7862,khach-san-nha-hang-du-lich,khach-san-khach-san
7863,nhan-su-hanh-chinh,nhan-su-hanh-chinh-van-phong
7864,thiet-ke-kien-truc,thiet-ke-noi-that
7865,ke-toan-tai-chinh,ke-toan-tai-chinh-kiem-toan
7866,xay-dung,xay-dung-ky-su
7867,kinh-doanh-ban-hang,kinh-doanh-ban-hang-tong-hop
7868,kinh-doanh-ban-hang,kinh-doanh-ban-hang-tong-hop
7869,ke-toan-tai-chinh,ke-toan-tai-chinh-bao-hiem
7870,,
7871,kinh-doanh-ban-hang,kinh-doanh-ban-hang-tong-hop
7872,kinh-doanh-ban-hang,kinh-doanh-ban-hang-tong-hop
7873,kinh-doanh-ban-hang,kinh-doanh-ban-hang-tong-hop
7874,nhan-su-hanh-chinh,nhan-su-tuyen-dung-cb
7875,,
7876,,
7877,dien-dien-tu-vien-thong,dien-dien-tu-dien-lanh
7878,van-tai-logistics,van-tai-logistics-kho-van
7879,dich-vu-khach-hang,dich-vu-khach-hang-cskh
7880,ke-toan-tai-chinh,ke-toan-tai-chinh-kiem-toan
7881,marketing-truyen-thong,marketing-truyen-thong-pr
7882,,
7883,nhan-su-hanh-chinh,nhan-su-hanh-chinh-van-phong
7884,giao-duc-dao-tao,giao-duc-giang-day
7885,marketing-truyen-thong,marketing-truyen-thong-pr
7886,giao-duc-dao-tao,giao-duc-giang-day
7887,bat-dong-san,bat-dong-san-moi-gioi
7888,kinh-doanh-ban-hang,kinh-doanh-ban-hang-tong-hop
7889,,
7890,thiet-ke-kien-truc,thiet-ke-do-hoa
7891,bat-dong-san,bat-dong-san-moi-gioi
7892,van-tai-logistics,van-tai-logistics-kho-van
7893,co-khi-che-tao,co-khi-tu-dong-hoa
7894,bat-dong-san,bat-dong-san-moi-gioi
7895,marketing-truyen-thong,marketing-truyen-thong-pr
7896,kinh-doanh-ban-hang,kinh-doanh-ban-hang-tong-hop
7897,,
7898,cntt,cntt-phat-trien-phan-mem
7899,ke-toan-tai-chinh,ke-toan-tai-chinh-ngan-hang
7900,khach-san-nha-hang-du-lich,khach-san-du-lich-le-hanh
7901,san-xuat-qa-qc,san-xuat-nong-nghiep
7902,kinh-doanh-ban-hang,kinh-doanh-ban-hang-tong-hop
7903,ke-toan-tai-chinh,ke-toan-tai-chinh-bao-hiem
7904,kinh-doanh-ban-hang,kinh-doanh-ban-hang-tong-hop
7905,xay-dung,xay-dung-ky-su
7906,marketing-truyen-thong,marketing-truyen-thong-pr
7907,kinh-doanh-ban-hang,kinh-doanh-ban-hang-tong-hop
7908,kinh-doanh-ban-hang,kinh-doanh-ban-hang-tong-hop
7909,,
7910,ke-toan-tai-chinh,ke-toan-tai-chinh-bao-hiem
7911,van-tai-logistics,van-tai-logistics-kho-van
7912,van-tai-logistics,van-tai-logistics-kho-van
7913,ke-toan-tai-chinh,ke-toan-tai-chinh-tai-chinh
7914,ke-toan-tai-chinh,ke-toan-tai-chinh-kiem-toan
7915,ke-toan-tai-chinh,ke-toan-tai-chinh-kiem-toan
7916,cntt,cntt-phat-trien-phan-mem
7917,,
7918,nhan-su-hanh-chinh,nhan-su-tuyen-dung-cb
7919,marketing-truyen-thong,marketing-truyen-thong-pr
7920,giao-duc-dao-tao,giao-duc-giang-day
7921,thiet-ke-kien-truc,thiet-ke-do-hoa
7922,xay-dung,xay-dung-ky-su
7923,marketing-truyen-thong,marketing-bao-chi-truyen-hinh
7924,marketing-truyen-thong,marketing-bao-chi-truyen-hinh
7925,san-xuat-qa-qc,san-xuat-thuc-pham
7926,kinh-doanh-ban-hang,kinh-doanh-ban-hang-ban-le-si
7927,cntt,cntt-phan-cung-mang
7928,san-xuat-qa-qc,san-xuat-quan-ly
7929,,
7930,,
7931,ke-toan-tai-chinh,ke-toan-tai-chinh-kiem-toan
7932,kinh-doanh-ban-hang,kinh-doanh-ban-hang-tong-hop
7933,san-xuat-qa-qc,san-xuat-qa-qc-qa-qc
7934,kinh-doanh-ban-hang,kinh-doanh-ban-hang-tong-hop
7935,marketing-truyen-thong,marketing-truyen-thong-pr
7936,co-khi-che-tao,co-khi-tu-dong-hoa
7937,,
7938,,
7939,nhan-su-hanh-chinh,nhan-su-tuyen-dung-cb
7940,,
7941,ke-toan-tai-chinh,ke-toan-tai-chinh-ngan-hang
7942,,
7943,san-xuat-qa-qc,san-xuat-qa-qc-qa-qc
7944,dien-dien-tu-vien-thong,dien-dien-tu-vien-thong-vt
7945,thiet-ke-kien-truc,thiet-ke-noi-that
7946,xay-dung,xay-dung-ky-su
7947,marketing-truyen-thong,marketing-truyen-thong-pr
7948,giao-duc-dao-tao,giao-duc-giang-day
7949,san-xuat-qa-qc,san-xuat-moi-truong
7950,giao-duc-dao-tao,giao-duc-giang-day
7951,giao-duc-dao-tao,giao-duc-giang-day
7952,van-tai-logistics,van-tai-xuat-nhap-khau
7953,y-te-duoc,y-te-duoc-duoc-pham
7954,ke-toan-tai-chinh,ke-toan-tai-chinh-ngan-hang
7955,nhan-su-hanh-chinh,nhan-su-tuyen-dung-cb
7956,san-xuat-qa-qc,san-xuat-qa-qc-qa-qc
7957,ke-toan-tai-chinh,ke-toan-tai-chinh-chung-khoan
7958,ke-toan-tai-chinh,ke-toan-tai-chinh-bao-hiem
7959,marketing-truyen-thong,marketing-truyen-thong-pr
7960,ke-toan-tai-chinh,ke-toan-tai-chinh-bao-hiem
7961,kinh-doanh-ban-hang,kinh-doanh-ban-hang-tong-hop
7962,marketing-truyen-thong,marketing-truyen-thong-pr
7963,kinh-doanh-ban-hang,kinh-doanh-ban-hang-tong-hop
7964,cntt,cntt-phat-trien-phan-mem
7965,kinh-doanh-ban-hang,kinh-doanh-ban-hang-tong-hop
7966,ke-toan-tai-chinh,ke-toan-tai-chinh-tai-chinh
7967,kinh-doanh-ban-hang,kinh-doanh-ban-hang-tong-hop
7968,ke-toan-tai-chinh,ke-toan-tai-chinh-ngan-hang
7969,ke-toan-tai-chinh,ke-toan-tai-chinh-ngan-hang
7970,giao-duc-dao-tao,giao-duc-giang-day
7971,ke-toan-tai-chinh,ke-toan-tai-chinh-kiem-toan
7972,kinh-doanh-ban-hang,kinh-doanh-ban-hang-tong-hop
7973,nhan-su-hanh-chinh,nhan-su-hanh-chinh-van-phong
7974,khach-san-nha-hang-du-lich,khach-san-khach-san
7975,marketing-truyen-thong,marketing-truyen-thong-pr
7976,giao-duc-dao-tao,giao-duc-giang-day
7977,dich-vu-khach-hang,dich-vu-khach-hang-cskh
7978,giao-duc-dao-tao,giao-duc-giang-day
7979,ke-toan-tai-chinh,ke-toan-tai-chinh-bao-hiem
7980,marketing-truyen-thong,marketing-truyen-thong-pr
7981,cntt,cntt-phat-trien-phan-mem
7982,ke-toan-tai-chinh,ke-toan-tai-chinh-bao-hiem
7983,dich-vu-khach-hang,dich-vu-khach-hang-cskh
7984,ke-toan-tai-chinh,ke-toan-tai-chinh-kiem-toan
7985,ke-toan-tai-chinh,ke-toan-tai-chinh-bao-hiem
7986,kinh-doanh-ban-hang,kinh-doanh-ban-hang-tong-hop
7987,marketing-truyen-thong,marketing-truyen-thong-pr
7988,ke-toan-tai-chinh,ke-toan-tai-chinh-ngan-hang
7989,cntt,cntt-phat-trien-phan-mem
7990,nhan-su-hanh-chinh,nhan-su-tuyen-dung-cb
7991,ke-toan-tai-chinh,ke-toan-tai-chinh-ngan-hang
7992,kinh-doanh-ban-hang,kinh-doanh-ban-hang-ban-le-si
7993,thiet-ke-kien-truc,thiet-ke-do-hoa
7994,kinh-doanh-ban-hang,kinh-doanh-ban-hang-tong-hop
7995,kinh-doanh-ban-hang,kinh-doanh-ban-hang-ban-le-si
7996,kinh-doanh-ban-hang,kinh-doanh-ban-hang-tong-hop
7997,thiet-ke-kien-truc,thiet-ke-do-hoa
7998,y-te-duoc,y-te-duoc-duoc-pham
7999,nhan-su-hanh-chinh,nhan-su-tuyen-dung-cb
8000,,
8001,cntt,cntt-phan-cung-mang
8002,dich-vu-khach-hang,dich-vu-khach-hang-cskh
8003,,
8004,,
8005,san-xuat-qa-qc,san-xuat-nong-nghiep
8006,cntt,cntt-phat-trien-phan-mem
8007,xay-dung,xay-dung-ky-su
8008,khach-san-nha-hang-du-lich,khach-san-du-lich-le-hanh
8009,kinh-doanh-ban-hang,kinh-doanh-ban-hang-tong-hop
8010,kinh-doanh-ban-hang,kinh-doanh-ban-hang-tong-hop
8011,thiet-ke-kien-truc,thiet-ke-do-hoa
8012,marketing-truyen-thong,marketing-truyen-thong-pr
8013,van-tai-logistics,van-tai-logistics-kho-van
8014,dich-vu-khach-hang,dich-vu-khach-hang-cskh
8015,giao-duc-dao-tao,giao-duc-giang-day
8016,,
8017,nhan-su-hanh-chinh,nhan-su-hanh-chinh-van-phong
8018,cntt,cntt-phat-trien-phan-mem
8019,van-tai-logistics,van-tai-xuat-nhap-khau
8020,kinh-doanh-ban-hang,kinh-doanh-ban-hang-tong-hop
8021,nhan-su-hanh-chinh,nhan-su-tuyen-dung-cb
8022,,
8023,bat-dong-san,bat-dong-san-moi-gioi
8024,ke-toan-tai-chinh,ke-toan-tai-chinh-kiem-toan
8025,,
8026,kinh-doanh-ban-hang,kinh-doanh-ban-hang-tong-hop
8027,ke-toan-tai-chinh,ke-toan-tai-chinh-kiem-toan
8028,kinh-doanh-ban-hang,kinh-doanh-ban-hang-tong-hop
8029,cntt,cntt-phat-trien-phan-mem
8030,co-khi-che-tao,co-khi-tu-dong-hoa
8031,van-tai-logistics,van-tai-xuat-nhap-khau
8032,xay-dung,xay-dung-ky-su
8033,cntt,cntt-phat-trien-phan-mem
8034,nhan-su-hanh-chinh,nhan-su-thu-ky-tro-ly
8035,kinh-doanh-ban-hang,kinh-doanh-ban-hang-ban-le-si
8036,nhan-su-hanh-chinh,nhan-su-hanh-chinh-van-phong
8037,ke-toan-tai-chinh,ke-toan-tai-chinh-kiem-toan
8038,ke-toan-tai-chinh,ke-toan-tai-chinh-ngan-hang
8039,kinh-doanh-ban-hang,kinh-doanh-ban-hang-tong-hop
8040,kinh-doanh-ban-hang,kinh-doanh-ban-hang-tong-hop
8041,thiet-ke-kien-truc,thiet-ke-do-hoa
8042,kinh-doanh-ban-hang,kinh-doanh-ban-hang-tong-hop
8043,van-tai-logistics,van-tai-xuat-nhap-khau
8044,,
8045,xay-dung,xay-dung-ky-su
8046,san-xuat-qa-qc,san-xuat-det-may
8047,,
8048,,
8049,cntt,cntt-phat-trien-phan-mem
8050,,
8051,cntt,cntt-phan-cung-mang
8052,,
8053,kinh-doanh-ban-hang,kinh-doanh-ban-hang-tong-hop
8054,khach-san-nha-hang-du-lich,khach-san-khach-san
8055,van-tai-logistics,van-tai-xuat-nhap-khau
8056,kinh-doanh-ban-hang,kinh-doanh-ban-hang-tong-hop
8057,,
8058,kinh-doanh-ban-hang,kinh-doanh-ban-hang-tong-hop
8059,marketing-truyen-thong,marketing-bien-phien-dich
8060,ke-toan-tai-chinh,ke-toan-tai-chinh-ngan-hang
8061,co-khi-che-tao,co-khi-tu-dong-hoa
8062,ke-toan-tai-chinh,ke-toan-tai-chinh-bao-hiem
8063,san-xuat-qa-qc,san-xuat-qa-qc-qa-qc
8064,kinh-doanh-ban-hang,kinh-doanh-ban-hang-tong-hop
8065,san-xuat-qa-qc,san-xuat-qa-qc-qa-qc
8066,nhan-su-hanh-chinh,nhan-su-hanh-chinh-van-phong
8067,san-xuat-qa-qc,san-xuat-quan-ly
8068,cntt,cntt-phat-trien-phan-mem
8069,y-te-duoc,y-te-duoc-y-te
8070,ke-toan-tai-chinh,ke-toan-tai-chinh-ngan-hang
8071,ke-toan-tai-chinh,ke-toan-tai-chinh-kiem-toan
8072,ke-toan-tai-chinh,ke-toan-tai-chinh-bao-hiem
8073,van-tai-logistics,van-tai-xuat-nhap-khau
8074,,
8075,kinh-doanh-ban-hang,kinh-doanh-ban-hang-tong-hop
8076,thiet-ke-kien-truc,thiet-ke-do-hoa
8077,kinh-doanh-ban-hang,kinh-doanh-ban-hang-tong-hop
8078,marketing-truyen-thong,marketing-truyen-thong-pr
8079,marketing-truyen-thong,marketing-bien-phien-dich
8080,ke-toan-tai-chinh,ke-toan-tai-chinh-bao-hiem
8081,marketing-truyen-thong,marketing-truyen-thong-pr
8082,cntt,cntt-phat-trien-phan-mem
8083,kinh-doanh-ban-hang,kinh-doanh-ban-hang-tong-hop
8084,marketing-truyen-thong,marketing-bao-chi-truyen-hinh
8085,ke-toan-tai-chinh,ke-toan-tai-chinh-kiem-toan
8086,kinh-doanh-ban-hang,kinh-doanh-ban-hang-tong-hop
8087,cntt,cntt-phat-trien-phan-mem
8088,kinh-doanh-ban-hang,kinh-doanh-ban-hang-tong-hop
8089,marketing-truyen-thong,marketing-truyen-thong-pr
8090,cntt,cntt-phat-trien-phan-mem
8091,kinh-doanh-ban-hang,kinh-doanh-ban-hang-tong-hop
8092,thiet-ke-kien-truc,thiet-ke-do-hoa
8093,ke-toan-tai-chinh,ke-toan-tai-chinh-kiem-toan
8094,dich-vu-khach-hang,dich-vu-khach-hang-cskh
8095,kinh-doanh-ban-hang,kinh-doanh-ban-hang-tong-hop
8096,ke-toan-tai-chinh,ke-toan-tai-chinh-kiem-toan
8097,dich-vu-khach-hang,dich-vu-khach-hang-cskh
8098,ke-toan-tai-chinh,ke-toan-tai-chinh-kiem-toan
8099,cntt,cntt-phat-trien-phan-mem
8100,kinh-doanh-ban-hang,kinh-doanh-ban-hang-tong-hop
8101,nhan-su-hanh-chinh,nhan-su-tuyen-dung-cb
8102,khach-san-nha-hang-du-lich,khach-san-spa-lam-dep
8103,marketing-truyen-thong,marketing-truyen-thong-pr
8104,bat-dong-san,bat-dong-san-moi-gioi
8105,khach-san-nha-hang-du-lich,khach-san-spa-lam-dep
8106,kinh-doanh-ban-hang,kinh-doanh-ban-hang-tong-hop
8107,thiet-ke-kien-truc,thiet-ke-do-hoa
8108,,
8109,ke-toan-tai-chinh,ke-toan-tai-chinh-ngan-hang
8110,thiet-ke-kien-truc,thiet-ke-do-hoa
8111,dien-dien-tu-vien-thong,dien-dien-tu-dien-lanh
8112,ke-toan-tai-chinh,ke-toan-tai-chinh-kiem-toan
8113,co-khi-che-tao,co-khi-tu-dong-hoa
8114,thiet-ke-kien-truc,thiet-ke-noi-that
8115,kinh-doanh-ban-hang,kinh-doanh-ban-hang-tong-hop
8116,thiet-ke-kien-truc,thiet-ke-my-thuat
8117,marketing-truyen-thong,marketing-bao-chi-truyen-hinh
8118,,
8119,y-te-duoc,y-te-duoc-y-te
8120,,
8121,xay-dung,xay-dung-ky-su
8122,kinh-doanh-ban-hang,kinh-doanh-ban-hang-tong-hop
8123,van-tai-logistics,van-tai-logistics-kho-van
8124,kinh-doanh-ban-hang,kinh-doanh-ban-hang-tong-hop
8125,,
8126,ke-toan-tai-chinh,ke-toan-tai-chinh-ngan-hang
8127,marketing-truyen-thong,marketing-truyen-thong-pr
8128,ke-toan-tai-chinh,ke-toan-tai-chinh-kiem-toan
8129,dich-vu-khach-hang,dich-vu-khach-hang-cskh
8130,cntt,cntt-phat-trien-phan-mem
8131,cntt,cntt-phan-cung-mang
8132,dich-vu-khach-hang,dich-vu-khach-hang-cskh
8133,,
8134,cntt,cntt-phat-trien-phan-mem
8135,ke-toan-tai-chinh,ke-toan-tai-chinh-bao-hiem
8136,kinh-doanh-ban-hang,kinh-doanh-ban-hang-tong-hop
8137,kinh-doanh-ban-hang,kinh-doanh-ban-hang-tong-hop
8138,kinh-doanh-ban-hang,kinh-doanh-ban-hang-tong-hop
8139,cntt,cntt-phat-trien-phan-mem
8140,ke-toan-tai-chinh,ke-toan-tai-chinh-chung-khoan
8141,kinh-doanh-ban-hang,kinh-doanh-ban-hang-tong-hop
8142,khach-san-nha-hang-du-lich,khach-san-spa-lam-dep
8143,ke-toan-tai-chinh,ke-toan-tai-chinh-tai-chinh
8144,cntt,cntt-phat-trien-phan-mem
8145,ke-toan-tai-chinh,ke-toan-tai-chinh-ngan-hang
8146,,
8147,dien-dien-tu-vien-thong,dien-dien-tu-dien-lanh
8148,giao-duc-dao-tao,giao-duc-giang-day
8149,nhan-su-hanh-chinh,nhan-su-thu-ky-tro-ly
8150,khach-san-nha-hang-du-lich,khach-san-khach-san
8151,san-xuat-qa-qc,san-xuat-quan-ly
8152,co-khi-che-tao,co-khi-tu-dong-hoa
8153,kinh-doanh-ban-hang,kinh-doanh-ban-hang-tong-hop
8154,ke-toan-tai-chinh,ke-toan-tai-chinh-tai-chinh
8155,dien-dien-tu-vien-thong,dien-dien-tu-dien-lanh
8156,dien-dien-tu-vien-thong,dien-dien-tu-dien-lanh
8157,ke-toan-tai-chinh,ke-toan-tai-chinh-ngan-hang
8158,cntt,cntt-phat-trien-phan-mem
8159,giao-duc-dao-tao,giao-duc-giang-day
8160,,
8161,giao-duc-dao-tao,giao-duc-giang-day
8162,,
8163,kinh-doanh-ban-hang,kinh-doanh-ban-hang-tong-hop
8164,kinh-doanh-ban-hang,kinh-doanh-ban-hang-tong-hop
8165,san-xuat-qa-qc,san-xuat-my-pham
8166,khach-san-nha-hang-du-lich,khach-san-spa-lam-dep
8167,cntt,cntt-phat-trien-phan-mem
8168,thiet-ke-kien-truc,thiet-ke-do-hoa
8169,co-khi-che-tao,co-khi-tu-dong-hoa
8170,marketing-truyen-thong,marketing-bao-chi-truyen-hinh
8171,ke-toan-tai-chinh,ke-toan-tai-chinh-ngan-hang
8172,,
8173,kinh-doanh-ban-hang,kinh-doanh-ban-hang-tong-hop
8174,marketing-truyen-thong,marketing-truyen-thong-pr
8175,,
8176,ke-toan-tai-chinh,ke-toan-tai-chinh-kiem-toan
8177,dich-vu-khach-hang,dich-vu-khach-hang-cskh
8178,san-xuat-qa-qc,san-xuat-my-pham
8179,ke-toan-tai-chinh,ke-toan-tai-chinh-bao-hiem
8180,san-xuat-qa-qc,san-xuat-moi-truong
8181,kinh-doanh-ban-hang,kinh-doanh-ban-hang-tong-hop
8182,marketing-truyen-thong,marketing-bien-phien-dich
8183,,
8184,nhan-su-hanh-chinh,nhan-su-thu-ky-tro-ly
8185,ke-toan-tai-chinh,ke-toan-tai-chinh-ngan-hang
8186,kinh-doanh-ban-hang,kinh-doanh-ban-hang-tong-hop
8187,co-khi-che-tao,co-khi-tu-dong-hoa
8188,kinh-doanh-ban-hang,kinh-doanh-ban-hang-tong-hop
8189,ke-toan-tai-chinh,ke-toan-tai-chinh-kiem-toan
8190,dich-vu-khach-hang,dich-vu-khach-hang-cskh
8191,thiet-ke-kien-truc,thiet-ke-kien-truc-kien-truc
8192,khach-san-nha-hang-du-lich,khach-san-spa-lam-dep
8193,ke-toan-tai-chinh,ke-toan-tai-chinh-kiem-toan
8194,cntt,cntt-phan-cung-mang
8195,cntt,cntt-phat-trien-phan-mem
8196,cntt,cntt-phat-trien-phan-mem
8197,ke-toan-tai-chinh,ke-toan-tai-chinh-bao-hiem
8198,kinh-doanh-ban-hang,kinh-doanh-ban-hang-tong-hop
8199,cntt,cntt-phat-trien-phan-mem
8200,,
8201,cntt,cntt-phat-trien-phan-mem
8202,,
8203,san-xuat-qa-qc,san-xuat-quan-ly
8204,giao-duc-dao-tao,giao-duc-giang-day
8205,nhan-su-hanh-chinh,nhan-su-phap-ly-phap-che
8206,marketing-truyen-thong,marketing-truyen-thong-pr
8207,nhan-su-hanh-chinh,nhan-su-hanh-chinh-van-phong
8208,ke-toan-tai-chinh,ke-toan-tai-chinh-kiem-toan
8209,cntt,cntt-phat-trien-phan-mem
8210,kinh-doanh-ban-hang,kinh-doanh-ban-hang-tong-hop
8211,giao-duc-dao-tao,giao-duc-giang-day
8212,y-te-duoc,y-te-duoc-y-te
8213,kinh-doanh-ban-hang,kinh-doanh-ban-hang-tong-hop
8214,ke-toan-tai-chinh,ke-toan-tai-chinh-ngan-hang
8215,giao-duc-dao-tao,giao-duc-giang-day
8216,,
8217,ke-toan-tai-chinh,ke-toan-tai-chinh-bao-hiem
8218,kinh-doanh-ban-hang,kinh-doanh-ban-hang-tong-hop
8219,,
8220,,
8221,nhan-su-hanh-chinh,nhan-su-phap-ly-phap-che
8222,kinh-doanh-ban-hang,kinh-doanh-ban-hang-tong-hop
8223,kinh-doanh-ban-hang,kinh-doanh-ban-hang-tong-hop
8224,kinh-doanh-ban-hang,kinh-doanh-ban-hang-tong-hop
8225,marketing-truyen-thong,marketing-truyen-thong-pr
8226,xay-dung,xay-dung-ky-su
8227,dich-vu-khach-hang,dich-vu-khach-hang-cskh
8228,cntt,cntt-phat-trien-phan-mem
8229,cntt,cntt-phan-cung-mang
8230,ke-toan-tai-chinh,ke-toan-tai-chinh-kiem-toan
8231,ke-toan-tai-chinh,ke-toan-tai-chinh-ngan-hang
8232,san-xuat-qa-qc,san-xuat-qa-qc-qa-qc
8233,ke-toan-tai-chinh,ke-toan-tai-chinh-bao-hiem
8234,marketing-truyen-thong,marketing-to-chuc-su-kien
8235,cntt,cntt-phat-trien-phan-mem
8236,xay-dung,xay-dung-ky-su
8237,kinh-doanh-ban-hang,kinh-doanh-ban-hang-tong-hop
8238,,
8239,van-tai-logistics,van-tai-logistics-kho-van
8240,xay-dung,xay-dung-ky-su
8241,cntt,cntt-phat-trien-phan-mem
8242,ke-toan-tai-chinh,ke-toan-tai-chinh-ngan-hang
8243,kinh-doanh-ban-hang,kinh-doanh-ban-hang-tong-hop
8244,thiet-ke-kien-truc,thiet-ke-do-hoa
8245,kinh-doanh-ban-hang,kinh-doanh-ban-hang-tong-hop
8246,cntt,cntt-phat-trien-phan-mem
8247,cntt,cntt-phat-trien-phan-mem
8248,,
8249,marketing-truyen-thong,marketing-bao-chi-truyen-hinh
8250,kinh-doanh-ban-hang,kinh-doanh-ban-hang-ban-hang
8251,kinh-doanh-ban-hang,kinh-doanh-ban-hang-tong-hop
8252,kinh-doanh-ban-hang,kinh-doanh-ban-hang-tong-hop
8253,van-tai-logistics,van-tai-xuat-nhap-khau
8254,khach-san-nha-hang-du-lich,khach-san-khach-san
8255,cntt,cntt-phat-trien-phan-mem
8256,marketing-truyen-thong,marketing-truyen-thong-pr
8257,dich-vu-khach-hang,dich-vu-khach-hang-cskh
8258,khach-san-nha-hang-du-lich,khach-san-khach-san
8259,,
8260,nhan-su-hanh-chinh,nhan-su-tuyen-dung-cb
8261,,
8262,cntt,cntt-phat-trien-phan-mem
8263,,
8264,cntt,cntt-phat-trien-phan-mem
8265,khach-san-nha-hang-du-lich,khach-san-du-lich-le-hanh
8266,ke-toan-tai-chinh,ke-toan-tai-chinh-ngan-hang
8267,kinh-doanh-ban-hang,kinh-doanh-ban-hang-tong-hop
8268,giao-duc-dao-tao,giao-duc-giang-day
8269,kinh-doanh-ban-hang,kinh-doanh-ban-hang-tong-hop
8270,ke-toan-tai-chinh,ke-toan-tai-chinh-bao-hiem
8271,ke-toan-tai-chinh,ke-toan-tai-chinh-kiem-toan
8272,giao-duc-dao-tao,giao-duc-giang-day
8273,kinh-doanh-ban-hang,kinh-doanh-ban-hang-tong-hop
8274,cntt,cntt-phat-trien-phan-mem
8275,ke-toan-tai-chinh,ke-toan-tai-chinh-ngan-hang
8276,thiet-ke-kien-truc,thiet-ke-do-hoa
8277,khach-san-nha-hang-du-lich,khach-san-khach-san
8278,marketing-truyen-thong,marketing-bien-phien-dich
8279,nhan-su-hanh-chinh,nhan-su-hanh-chinh-van-phong
8280,marketing-truyen-thong,marketing-bien-phien-dich
8281,giao-duc-dao-tao,giao-duc-giang-day
8282,kinh-doanh-ban-hang,kinh-doanh-ban-hang-tong-hop
8283,ke-toan-tai-chinh,ke-toan-tai-chinh-bao-hiem
8284,ke-toan-tai-chinh,ke-toan-tai-chinh-bao-hiem
8285,kinh-doanh-ban-hang,kinh-doanh-ban-hang-tong-hop
8286,giao-duc-dao-tao,giao-duc-giang-day
8287,kinh-doanh-ban-hang,kinh-doanh-ban-hang-tong-hop
8288,ke-toan-tai-chinh,ke-toan-tai-chinh-ngan-hang
8289,ke-toan-tai-chinh,ke-toan-tai-chinh-kiem-toan
8290,ke-toan-tai-chinh,ke-toan-tai-chinh-bao-hiem
8291,nhan-su-hanh-chinh,nhan-su-tuyen-dung-cb
8292,khach-san-nha-hang-du-lich,khach-san-khach-san
8293,cntt,cntt-phat-trien-phan-mem
8294,san-xuat-qa-qc,san-xuat-qa-qc-qa-qc
8295,,
8296,cntt,cntt-phat-trien-phan-mem
8297,ke-toan-tai-chinh,ke-toan-tai-chinh-ngan-hang
8298,kinh-doanh-ban-hang,kinh-doanh-ban-hang-tong-hop
8299,nhan-su-hanh-chinh,nhan-su-tuyen-dung-cb
8300,y-te-duoc,y-te-duoc-y-te
8301,,
8302,san-xuat-qa-qc,san-xuat-quan-ly
8303,cntt,cntt-phat-trien-phan-mem
8304,kinh-doanh-ban-hang,kinh-doanh-ban-hang-tong-hop
8305,,
8306,dich-vu-khach-hang,dich-vu-khach-hang-cskh
8307,kinh-doanh-ban-hang,kinh-doanh-ban-hang-tong-hop
8308,giao-duc-dao-tao,giao-duc-giang-day
8309,kinh-doanh-ban-hang,kinh-doanh-ban-hang-tong-hop
8310,cntt,cntt-phat-trien-phan-mem
8311,thiet-ke-kien-truc,thiet-ke-do-hoa
8312,thiet-ke-kien-truc,thiet-ke-noi-that
8313,cntt,cntt-phat-trien-phan-mem
8314,kinh-doanh-ban-hang,kinh-doanh-ban-hang-tong-hop
8315,cntt,cntt-phat-trien-phan-mem
8316,dich-vu-khach-hang,dich-vu-khach-hang-cskh
8317,marketing-truyen-thong,marketing-truyen-thong-pr
8318,kinh-doanh-ban-hang,kinh-doanh-ban-hang-tong-hop
8319,ke-toan-tai-chinh,ke-toan-tai-chinh-kiem-toan
8320,nhan-su-hanh-chinh,nhan-su-tuyen-dung-cb
8321,,
8322,cntt,cntt-phat-trien-phan-mem
8323,ke-toan-tai-chinh,ke-toan-tai-chinh-tai-chinh
8324,y-te-duoc,y-te-duoc-y-te
8325,y-te-duoc,y-te-duoc-y-te
8326,ke-toan-tai-chinh,ke-toan-tai-chinh-kiem-toan
8327,nhan-su-hanh-chinh,nhan-su-thu-ky-tro-ly
8328,cntt,cntt-phat-trien-phan-mem
8329,kinh-doanh-ban-hang,kinh-doanh-ban-hang-tong-hop
8330,kinh-doanh-ban-hang,kinh-doanh-ban-hang-tong-hop
8331,dien-dien-tu-vien-thong,dien-dien-tu-dien-lanh
8332,ke-toan-tai-chinh,ke-toan-tai-chinh-kiem-toan
8333,,
8334,cntt,cntt-phat-trien-phan-mem
8335,co-khi-che-tao,co-khi-tu-dong-hoa
8336,van-tai-logistics,van-tai-logistics-kho-van
8337,thiet-ke-kien-truc,thiet-ke-do-hoa
8338,kinh-doanh-ban-hang,kinh-doanh-ban-hang-tong-hop
8339,nhan-su-hanh-chinh,nhan-su-tuyen-dung-cb
8340,marketing-truyen-thong,marketing-truyen-thong-pr
8341,cntt,cntt-phat-trien-phan-mem
8342,cntt,cntt-phat-trien-phan-mem
8343,thiet-ke-kien-truc,thiet-ke-do-hoa
8344,ke-toan-tai-chinh,ke-toan-tai-chinh-ngan-hang
8345,giao-duc-dao-tao,giao-duc-giang-day
8346,marketing-truyen-thong,marketing-truyen-thong-pr
8347,,
8348,marketing-truyen-thong,marketing-truyen-thong-pr
8349,cntt,cntt-phat-trien-phan-mem
8350,thiet-ke-kien-truc,thiet-ke-noi-that
8351,kinh-doanh-ban-hang,kinh-doanh-ban-hang-tong-hop
8352,nhan-su-hanh-chinh,nhan-su-tuyen-dung-cb
8353,thiet-ke-kien-truc,thiet-ke-kien-truc-kien-truc
8354,,
8355,marketing-truyen-thong,marketing-truyen-thong-pr
8356,kinh-doanh-ban-hang,kinh-doanh-ban-hang-ban-le-si
8357,giao-duc-dao-tao,giao-duc-giang-day
8358,cntt,cntt-phat-trien-phan-mem
8359,bat-dong-san,bat-dong-san-moi-gioi
8360,kinh-doanh-ban-hang,kinh-doanh-ban-hang-tong-hop
8361,ke-toan-tai-chinh,ke-toan-tai-chinh-ngan-hang
8362,ke-toan-tai-chinh,ke-toan-tai-chinh-ngan-hang
8363,giao-duc-dao-tao,giao-duc-giang-day
8364,ke-toan-tai-chinh,ke-toan-tai-chinh-kiem-toan
8365,san-xuat-qa-qc,san-xuat-nong-nghiep
8366,kinh-doanh-ban-hang,kinh-doanh-ban-hang-tong-hop
8367,kinh-doanh-ban-hang,kinh-doanh-ban-hang-tong-hop
8368,,
8369,kinh-doanh-ban-hang,kinh-doanh-ban-hang-tong-hop
8370,kinh-doanh-ban-hang,kinh-doanh-ban-hang-tong-hop
8371,,
8372,co-khi-che-tao,co-khi-o-to
8373,marketing-truyen-thong,marketing-truyen-thong-pr
8374,kinh-doanh-ban-hang,kinh-doanh-ban-hang-tong-hop
8375,cntt,cntt-phat-trien-phan-mem
8376,marketing-truyen-thong,marketing-truyen-thong-pr
8377,xay-dung,xay-dung-ky-su
8378,ke-toan-tai-chinh,ke-toan-tai-chinh-kiem-toan
8379,kinh-doanh-ban-hang,kinh-doanh-ban-hang-tong-hop
8380,bat-dong-san,bat-dong-san-moi-gioi
8381,kinh-doanh-ban-hang,kinh-doanh-ban-hang-tong-hop
8382,ke-toan-tai-chinh,ke-toan-tai-chinh-kiem-toan
8383,giao-duc-dao-tao,giao-duc-giang-day
8384,marketing-truyen-thong,marketing-truyen-thong-pr
8385,dien-dien-tu-vien-thong,dien-dien-tu-vien-thong-vt
8386,marketing-truyen-thong,marketing-truyen-thong-pr
8387,ke-toan-tai-chinh,ke-toan-tai-chinh-bao-hiem
8388,marketing-truyen-thong,marketing-truyen-thong-pr
8389,ke-toan-tai-chinh,ke-toan-tai-chinh-ngan-hang
8390,dich-vu-khach-hang,dich-vu-khach-hang-cskh
8391,marketing-truyen-thong,marketing-truyen-thong-pr
8392,dich-vu-khach-hang,dich-vu-khach-hang-cskh
8393,co-khi-che-tao,co-khi-tu-dong-hoa
8394,nhan-su-hanh-chinh,nhan-su-tuyen-dung-cb
8395,,
8396,ke-toan-tai-chinh,ke-toan-tai-chinh-kiem-toan
8397,ke-toan-tai-chinh,ke-toan-tai-chinh-ngan-hang
8398,giao-duc-dao-tao,giao-duc-giang-day
8399,co-khi-che-tao,co-khi-tu-dong-hoa
8400,marketing-truyen-thong,marketing-truyen-thong-pr
8401,cntt,cntt-phat-trien-phan-mem
8402,xay-dung,xay-dung-ky-su
8403,ke-toan-tai-chinh,ke-toan-tai-chinh-ngan-hang
8404,ke-toan-tai-chinh,ke-toan-tai-chinh-kiem-toan
8405,kinh-doanh-ban-hang,kinh-doanh-ban-hang-tong-hop
8406,dich-vu-khach-hang,dich-vu-khach-hang-cskh
8407,marketing-truyen-thong,marketing-bao-chi-truyen-hinh
8408,,
8409,san-xuat-qa-qc,san-xuat-moi-truong
8410,marketing-truyen-thong,marketing-truyen-thong-pr
8411,ke-toan-tai-chinh,ke-toan-tai-chinh-kiem-toan
8412,nhan-su-hanh-chinh,nhan-su-hanh-chinh-van-phong
8413,ke-toan-tai-chinh,ke-toan-tai-chinh-kiem-toan
8414,cntt,cntt-phat-trien-phan-mem
8415,khach-san-nha-hang-du-lich,khach-san-du-lich-le-hanh
8416,,
8417,marketing-truyen-thong,marketing-truyen-thong-pr
8418,ke-toan-tai-chinh,ke-toan-tai-chinh-bao-hiem
8419,marketing-truyen-thong,marketing-truyen-thong-pr
8420,ke-toan-tai-chinh,ke-toan-tai-chinh-kiem-toan
8421,san-xuat-qa-qc,san-xuat-nong-nghiep
8422,kinh-doanh-ban-hang,kinh-doanh-ban-hang-tong-hop
8423,nhan-su-hanh-chinh,nhan-su-tuyen-dung-cb
8424,marketing-truyen-thong,marketing-truyen-thong-pr
8425,san-xuat-qa-qc,san-xuat-thuc-pham
8426,san-xuat-qa-qc,san-xuat-quan-ly
8427,dich-vu-khach-hang,dich-vu-khach-hang-cskh
8428,marketing-truyen-thong,marketing-bao-chi-truyen-hinh
8429,ke-toan-tai-chinh,ke-toan-tai-chinh-kiem-toan
8430,nhan-su-hanh-chinh,nhan-su-hanh-chinh-van-phong
8431,ke-toan-tai-chinh,ke-toan-tai-chinh-ngan-hang
8432,nhan-su-hanh-chinh,nhan-su-phap-ly-phap-che
8433,kinh-doanh-ban-hang,kinh-doanh-ban-hang-tong-hop
8434,kinh-doanh-ban-hang,kinh-doanh-ban-hang-tong-hop
8435,ke-toan-tai-chinh,ke-toan-tai-chinh-ngan-hang
8436,,
8437,bat-dong-san,bat-dong-san-moi-gioi
8438,kinh-doanh-ban-hang,kinh-doanh-ban-hang-tong-hop
8439,dich-vu-khach-hang,dich-vu-khach-hang-cskh
8440,khach-san-nha-hang-du-lich,khach-san-du-lich-le-hanh
8441,cntt,cntt-phat-trien-phan-mem
8442,kinh-doanh-ban-hang,kinh-doanh-ban-hang-tong-hop
8443,cntt,cntt-phat-trien-phan-mem
8444,xay-dung,xay-dung-ky-su
8445,marketing-truyen-thong,marketing-truyen-thong-pr
8446,cntt,cntt-phat-trien-phan-mem
8447,ke-toan-tai-chinh,ke-toan-tai-chinh-kiem-toan
8448,,
8449,san-xuat-qa-qc,san-xuat-quan-ly
8450,cntt,cntt-phat-trien-phan-mem
8451,kinh-doanh-ban-hang,kinh-doanh-ban-hang-tong-hop
8452,nhan-su-hanh-chinh,nhan-su-tuyen-dung-cb
8453,kinh-doanh-ban-hang,kinh-doanh-ban-hang-tong-hop
8454,,
8455,kinh-doanh-ban-hang,kinh-doanh-ban-hang-tong-hop
8456,ke-toan-tai-chinh,ke-toan-tai-chinh-kiem-toan
8457,khach-san-nha-hang-du-lich,khach-san-khach-san
8458,kinh-doanh-ban-hang,kinh-doanh-ban-hang-tong-hop
8459,,
8460,khach-san-nha-hang-du-lich,khach-san-du-lich-le-hanh
8461,giao-duc-dao-tao,giao-duc-giang-day
8462,cntt,cntt-phat-trien-phan-mem
8463,kinh-doanh-ban-hang,kinh-doanh-ban-hang-tong-hop
8464,cntt,cntt-phat-trien-phan-mem
8465,kinh-doanh-ban-hang,kinh-doanh-ban-hang-tong-hop
8466,,
8467,kinh-doanh-ban-hang,kinh-doanh-ban-hang-tong-hop
8468,,
8469,cntt,cntt-phat-trien-phan-mem
8470,ke-toan-tai-chinh,ke-toan-tai-chinh-kiem-toan
8471,,
8472,san-xuat-qa-qc,san-xuat-quan-ly
8473,khach-san-nha-hang-du-lich,khach-san-khach-san
8474,,
8475,kinh-doanh-ban-hang,kinh-doanh-ban-hang-tong-hop
8476,,
8477,thiet-ke-kien-truc,thiet-ke-do-hoa
8478,nhan-su-hanh-chinh,nhan-su-thu-ky-tro-ly
8479,nhan-su-hanh-chinh,nhan-su-thu-ky-tro-ly
8480,marketing-truyen-thong,marketing-truyen-thong-pr
8481,dien-dien-tu-vien-thong,dien-dien-tu-vien-thong-vt
8482,kinh-doanh-ban-hang,kinh-doanh-ban-hang-tong-hop
8483,ke-toan-tai-chinh,ke-toan-tai-chinh-kiem-toan
8484,khach-san-nha-hang-du-lich,khach-san-du-lich-le-hanh
8485,ke-toan-tai-chinh,ke-toan-tai-chinh-tai-chinh
8486,kinh-doanh-ban-hang,kinh-doanh-ban-hang-tong-hop
8487,,
8488,giao-duc-dao-tao,giao-duc-giang-day
8489,xay-dung,xay-dung-ky-su
8490,san-xuat-qa-qc,san-xuat-quan-ly
8491,kinh-doanh-ban-hang,kinh-doanh-ban-hang-tong-hop
8492,nhan-su-hanh-chinh,nhan-su-tuyen-dung-cb
8493,kinh-doanh-ban-hang,kinh-doanh-ban-hang-tong-hop
8494,thiet-ke-kien-truc,thiet-ke-kien-truc-kien-truc
8495,kinh-doanh-ban-hang,kinh-doanh-ban-hang-tong-hop
8496,dich-vu-khach-hang,dich-vu-khach-hang-cskh
8497,nhan-su-hanh-chinh,nhan-su-hanh-chinh-van-phong
8498,khach-san-nha-hang-du-lich,khach-san-du-lich-le-hanh
8499,khach-san-nha-hang-du-lich,khach-san-khach-san
8500,thiet-ke-kien-truc,thiet-ke-kien-truc-kien-truc
8501,thiet-ke-kien-truc,thiet-ke-do-hoa
8502,kinh-doanh-ban-hang,kinh-doanh-ban-hang-tong-hop
8503,kinh-doanh-ban-hang,kinh-doanh-ban-hang-tong-hop
8504,ke-toan-tai-chinh,ke-toan-tai-chinh-bao-hiem
8505,khach-san-nha-hang-du-lich,khach-san-spa-lam-dep
8506,dich-vu-khach-hang,dich-vu-khach-hang-cskh
8507,marketing-truyen-thong,marketing-truyen-thong-pr
8508,ke-toan-tai-chinh,ke-toan-tai-chinh-chung-khoan
8509,nhan-su-hanh-chinh,nhan-su-tuyen-dung-cb
8510,kinh-doanh-ban-hang,kinh-doanh-ban-hang-tong-hop
8511,ke-toan-tai-chinh,ke-toan-tai-chinh-kiem-toan
8512,marketing-truyen-thong,marketing-truyen-thong-pr
8513,nhan-su-hanh-chinh,nhan-su-tuyen-dung-cb
8514,dien-dien-tu-vien-thong,dien-dien-tu-vien-thong-vt
8515,marketing-truyen-thong,marketing-bien-phien-dich
8516,dien-dien-tu-vien-thong,dien-dien-tu-vien-thong-vt
8517,,
8518,kinh-doanh-ban-hang,kinh-doanh-ban-hang-tong-hop
8519,,
8520,kinh-doanh-ban-hang,kinh-doanh-ban-hang-tong-hop
8521,kinh-doanh-ban-hang,kinh-doanh-ban-hang-tong-hop
8522,ke-toan-tai-chinh,ke-toan-tai-chinh-chung-khoan
8523,marketing-truyen-thong,marketing-truyen-thong-pr
8524,marketing-truyen-thong,marketing-truyen-thong-pr
8525,marketing-truyen-thong,marketing-truyen-thong-pr
8526,marketing-truyen-thong,marketing-truyen-thong-pr
8527,nhan-su-hanh-chinh,nhan-su-hanh-chinh-van-phong
8528,,
8529,thiet-ke-kien-truc,thiet-ke-do-hoa
8530,dien-dien-tu-vien-thong,dien-dien-tu-dien-lanh
8531,,
8532,kinh-doanh-ban-hang,kinh-doanh-ban-hang-tong-hop
8533,ke-toan-tai-chinh,ke-toan-tai-chinh-ngan-hang
8534,ke-toan-tai-chinh,ke-toan-tai-chinh-ngan-hang
8535,,
8536,bat-dong-san,bat-dong-san-moi-gioi
8537,cntt,cntt-phat-trien-phan-mem
8538,ke-toan-tai-chinh,ke-toan-tai-chinh-kiem-toan
8539,ke-toan-tai-chinh,ke-toan-tai-chinh-bao-hiem
8540,marketing-truyen-thong,marketing-bao-chi-truyen-hinh
8541,dich-vu-khach-hang,dich-vu-khach-hang-cskh
8542,giao-duc-dao-tao,giao-duc-giang-day
8543,,
8544,co-khi-che-tao,co-khi-o-to
8545,nhan-su-hanh-chinh,nhan-su-phap-ly-phap-che
8546,kinh-doanh-ban-hang,kinh-doanh-ban-hang-tong-hop
8547,giao-duc-dao-tao,giao-duc-giang-day
8548,nhan-su-hanh-chinh,nhan-su-hanh-chinh-van-phong
8549,kinh-doanh-ban-hang,kinh-doanh-ban-hang-tong-hop
8550,nhan-su-hanh-chinh,nhan-su-hanh-chinh-van-phong
8551,thiet-ke-kien-truc,thiet-ke-do-hoa
8552,ke-toan-tai-chinh,ke-toan-tai-chinh-kiem-toan
8553,cntt,cntt-phat-trien-phan-mem
8554,cntt,cntt-phat-trien-phan-mem
8555,dich-vu-khach-hang,dich-vu-khach-hang-cskh
8556,kinh-doanh-ban-hang,kinh-doanh-ban-hang-tong-hop
8557,ke-toan-tai-chinh,ke-toan-tai-chinh-kiem-toan
8558,kinh-doanh-ban-hang,kinh-doanh-ban-hang-tong-hop
8559,,
8560,dich-vu-khach-hang,dich-vu-khach-hang-cskh
8561,cntt,cntt-phat-trien-phan-mem
8562,marketing-truyen-thong,marketing-truyen-thong-pr
8563,giao-duc-dao-tao,giao-duc-giang-day
8564,cntt,cntt-phat-trien-phan-mem
8565,kinh-doanh-ban-hang,kinh-doanh-ban-hang-tong-hop
8566,co-khi-che-tao,co-khi-tu-dong-hoa
8567,ke-toan-tai-chinh,ke-toan-tai-chinh-kiem-toan
8568,giao-duc-dao-tao,giao-duc-giang-day
8569,thiet-ke-kien-truc,thiet-ke-do-hoa
8570,kinh-doanh-ban-hang,kinh-doanh-ban-hang-tong-hop
8571,giao-duc-dao-tao,giao-duc-giang-day
8572,kinh-doanh-ban-hang,kinh-doanh-ban-hang-tong-hop
8573,cntt,cntt-phan-cung-mang
8574,nhan-su-hanh-chinh,nhan-su-hanh-chinh-van-phong
8575,kinh-doanh-ban-hang,kinh-doanh-ban-hang-tong-hop
8576,marketing-truyen-thong,marketing-truyen-thong-pr
8577,cntt,cntt-phat-trien-phan-mem
8578,khach-san-nha-hang-du-lich,khach-san-khach-san
8579,cntt,cntt-phat-trien-phan-mem
8580,ke-toan-tai-chinh,ke-toan-tai-chinh-tai-chinh
8581,dien-dien-tu-vien-thong,dien-dien-tu-dien-lanh
8582,thiet-ke-kien-truc,thiet-ke-do-hoa
8583,y-te-duoc,y-te-duoc-y-te
8584,thiet-ke-kien-truc,thiet-ke-noi-that
8585,san-xuat-qa-qc,san-xuat-qa-qc-qa-qc
8586,ke-toan-tai-chinh,ke-toan-tai-chinh-kiem-toan
8587,nhan-su-hanh-chinh,nhan-su-hanh-chinh-van-phong
8588,co-khi-che-tao,co-khi-tu-dong-hoa
8589,dich-vu-khach-hang,dich-vu-khach-hang-cskh
8590,dich-vu-khach-hang,dich-vu-khach-hang-cskh
8591,nhan-su-hanh-chinh,nhan-su-thu-ky-tro-ly
8592,cntt,cntt-phat-trien-phan-mem
8593,kinh-doanh-ban-hang,kinh-doanh-ban-hang-tong-hop
8594,ke-toan-tai-chinh,ke-toan-tai-chinh-bao-hiem
8595,nhan-su-hanh-chinh,nhan-su-hanh-chinh-van-phong
8596,san-xuat-qa-qc,san-xuat-nong-nghiep
8597,ke-toan-tai-chinh,ke-toan-tai-chinh-kiem-toan
8598,ke-toan-tai-chinh,ke-toan-tai-chinh-ngan-hang
8599,,
8600,khach-san-nha-hang-du-lich,khach-san-khach-san
8601,marketing-truyen-thong,marketing-truyen-thong-pr
8602,giao-duc-dao-tao,giao-duc-giang-day
8603,kinh-doanh-ban-hang,kinh-doanh-ban-hang-tong-hop
8604,kinh-doanh-ban-hang,kinh-doanh-ban-hang-tong-hop
8605,nhan-su-hanh-chinh,nhan-su-hanh-chinh-van-phong
8606,san-xuat-qa-qc,san-xuat-det-may
8607,kinh-doanh-ban-hang,kinh-doanh-ban-hang-tong-hop
8608,bat-dong-san,bat-dong-san-moi-gioi
8609,marketing-truyen-thong,marketing-truyen-thong-pr
8610,cntt,cntt-phat-trien-phan-mem
8611,,
8612,marketing-truyen-thong,marketing-truyen-thong-pr
8613,khach-san-nha-hang-du-lich,khach-san-khach-san
8614,kinh-doanh-ban-hang,kinh-doanh-ban-hang-tong-hop
8615,,
8616,bat-dong-san,bat-dong-san-moi-gioi
8617,kinh-doanh-ban-hang,kinh-doanh-ban-hang-tong-hop
8618,ke-toan-tai-chinh,ke-toan-tai-chinh-kiem-toan
8619,,
8620,marketing-truyen-thong,marketing-truyen-thong-pr
8621,marketing-truyen-thong,marketing-to-chuc-su-kien
8622,kinh-doanh-ban-hang,kinh-doanh-ban-hang-tong-hop
8623,kinh-doanh-ban-hang,kinh-doanh-ban-hang-tong-hop
8624,ke-toan-tai-chinh,ke-toan-tai-chinh-kiem-toan
8625,cntt,cntt-phat-trien-phan-mem
8626,khach-san-nha-hang-du-lich,khach-san-khach-san
8627,giao-duc-dao-tao,giao-duc-giang-day
8628,kinh-doanh-ban-hang,kinh-doanh-ban-hang-tong-hop
8629,,
8630,marketing-truyen-thong,marketing-truyen-thong-pr
8631,marketing-truyen-thong,marketing-truyen-thong-pr
8632,thiet-ke-kien-truc,thiet-ke-do-hoa
8633,kinh-doanh-ban-hang,kinh-doanh-ban-hang-tong-hop
8634,kinh-doanh-ban-hang,kinh-doanh-ban-hang-tong-hop
8635,marketing-truyen-thong,marketing-truyen-thong-pr
8636,kinh-doanh-ban-hang,kinh-doanh-ban-hang-tong-hop
8637,,
8638,cntt,cntt-phat-trien-phan-mem
8639,xay-dung,xay-dung-ky-su
8640,ke-toan-tai-chinh,ke-toan-tai-chinh-kiem-toan
8641,khach-san-nha-hang-du-lich,khach-san-du-lich-le-hanh
8642,cntt,cntt-phat-trien-phan-mem
8643,giao-duc-dao-tao,giao-duc-giang-day
8644,kinh-doanh-ban-hang,kinh-doanh-ban-hang-tong-hop
8645,kinh-doanh-ban-hang,kinh-doanh-ban-hang-tong-hop
8646,kinh-doanh-ban-hang,kinh-doanh-ban-hang-tong-hop
8647,ke-toan-tai-chinh,ke-toan-tai-chinh-ngan-hang
8648,marketing-truyen-thong,marketing-truyen-thong-pr
8649,ke-toan-tai-chinh,ke-toan-tai-chinh-ngan-hang
8650,khach-san-nha-hang-du-lich,khach-san-du-lich-le-hanh
8651,marketing-truyen-thong,marketing-bien-phien-dich
8652,ke-toan-tai-chinh,ke-toan-tai-chinh-chung-khoan
8653,kinh-doanh-ban-hang,kinh-doanh-ban-hang-tong-hop
8654,marketing-truyen-thong,marketing-bien-phien-dich
8655,kinh-doanh-ban-hang,kinh-doanh-ban-hang-tong-hop
8656,y-te-duoc,y-te-duoc-y-te
8657,nhan-su-hanh-chinh,nhan-su-tuyen-dung-cb
8658,co-khi-che-tao,co-khi-tu-dong-hoa
8659,van-tai-logistics,van-tai-xuat-nhap-khau
8660,,
8661,cntt,cntt-phat-trien-phan-mem
8662,ke-toan-tai-chinh,ke-toan-tai-chinh-bao-hiem
8663,thiet-ke-kien-truc,thiet-ke-kien-truc-kien-truc
8664,marketing-truyen-thong,marketing-truyen-thong-pr
8665,bat-dong-san,bat-dong-san-moi-gioi
8666,xay-dung,xay-dung-ky-su
8667,nhan-su-hanh-chinh,nhan-su-hanh-chinh-van-phong
8668,cntt,cntt-phat-trien-phan-mem
8669,khach-san-nha-hang-du-lich,khach-san-spa-lam-dep
8670,ke-toan-tai-chinh,ke-toan-tai-chinh-bao-hiem
8671,kinh-doanh-ban-hang,kinh-doanh-ban-hang-tong-hop
8672,cntt,cntt-phan-cung-mang
8673,dich-vu-khach-hang,dich-vu-khach-hang-cskh
8674,ke-toan-tai-chinh,ke-toan-tai-chinh-tai-chinh
8675,kinh-doanh-ban-hang,kinh-doanh-ban-hang-tong-hop
8676,nhan-su-hanh-chinh,nhan-su-tuyen-dung-cb
8677,kinh-doanh-ban-hang,kinh-doanh-ban-hang-tong-hop
8678,kinh-doanh-ban-hang,kinh-doanh-ban-hang-tong-hop
8679,nhan-su-hanh-chinh,nhan-su-tuyen-dung-cb
8680,van-tai-logistics,van-tai-logistics-kho-van
8681,cntt,cntt-phat-trien-phan-mem
8682,kinh-doanh-ban-hang,kinh-doanh-ban-hang-tong-hop
8683,,
8684,kinh-doanh-ban-hang,kinh-doanh-ban-hang-tong-hop
8685,ke-toan-tai-chinh,ke-toan-tai-chinh-kiem-toan
8686,marketing-truyen-thong,marketing-bien-phien-dich
8687,cntt,cntt-phat-trien-phan-mem
8688,cntt,cntt-phan-cung-mang
8689,ke-toan-tai-chinh,ke-toan-tai-chinh-ngan-hang
8690,kinh-doanh-ban-hang,kinh-doanh-ban-hang-tong-hop
8691,nhan-su-hanh-chinh,nhan-su-hanh-chinh-van-phong
8692,cntt,cntt-phat-trien-phan-mem
8693,marketing-truyen-thong,marketing-bao-chi-truyen-hinh
8694,,
8695,,
8696,nhan-su-hanh-chinh,nhan-su-hanh-chinh-van-phong
8697,cntt,cntt-phat-trien-phan-mem
8698,cntt,cntt-phat-trien-phan-mem
8699,,
8700,cntt,cntt-phat-trien-phan-mem
8701,kinh-doanh-ban-hang,kinh-doanh-ban-hang-tong-hop
8702,khach-san-nha-hang-du-lich,khach-san-khach-san
8703,ke-toan-tai-chinh,ke-toan-tai-chinh-kiem-toan
8704,ke-toan-tai-chinh,ke-toan-tai-chinh-kiem-toan
8705,thiet-ke-kien-truc,thiet-ke-kien-truc-kien-truc
8706,,
8707,co-khi-che-tao,co-khi-o-to
8708,marketing-truyen-thong,marketing-truyen-thong-pr
8709,ke-toan-tai-chinh,ke-toan-tai-chinh-bao-hiem
8710,kinh-doanh-ban-hang,kinh-doanh-ban-hang-tong-hop
8711,,
8712,,
8713,cntt,cntt-phat-trien-phan-mem
8714,xay-dung,xay-dung-ky-su
8715,cntt,cntt-phat-trien-phan-mem
8716,ke-toan-tai-chinh,ke-toan-tai-chinh-kiem-toan
8717,,
8718,cntt,cntt-phat-trien-phan-mem
8719,thiet-ke-kien-truc,thiet-ke-do-hoa
8720,cntt,cntt-phat-trien-phan-mem
8721,san-xuat-qa-qc,san-xuat-qa-qc-qa-qc
8722,van-tai-logistics,van-tai-logistics-kho-van
8723,giao-duc-dao-tao,giao-duc-giang-day
8724,marketing-truyen-thong,marketing-truyen-thong-pr
8725,cntt,cntt-phat-trien-phan-mem
8726,ke-toan-tai-chinh,ke-toan-tai-chinh-bao-hiem
8727,kinh-doanh-ban-hang,kinh-doanh-ban-hang-tong-hop
8728,san-xuat-qa-qc,san-xuat-thuc-pham
8729,,
8730,kinh-doanh-ban-hang,kinh-doanh-ban-hang-tong-hop
8731,co-khi-che-tao,co-khi-tu-dong-hoa
8732,thiet-ke-kien-truc,thiet-ke-do-hoa
8733,kinh-doanh-ban-hang,kinh-doanh-ban-hang-tong-hop
8734,san-xuat-qa-qc,san-xuat-my-pham
8735,y-te-duoc,y-te-duoc-y-te
8736,y-te-duoc,y-te-duoc-y-te
8737,marketing-truyen-thong,marketing-truyen-thong-pr
8738,marketing-truyen-thong,marketing-truyen-thong-pr
8739,,
8740,ke-toan-tai-chinh,ke-toan-tai-chinh-ngan-hang
8741,kinh-doanh-ban-hang,kinh-doanh-ban-hang-tong-hop
8742,marketing-truyen-thong,marketing-to-chuc-su-kien
8743,cntt,cntt-phat-trien-phan-mem
8744,dich-vu-khach-hang,dich-vu-khach-hang-cskh
8745,giao-duc-dao-tao,giao-duc-giang-day
8746,cntt,cntt-phat-trien-phan-mem
8747,kinh-doanh-ban-hang,kinh-doanh-ban-hang-tong-hop
8748,,
8749,giao-duc-dao-tao,giao-duc-giang-day
8750,bat-dong-san,bat-dong-san-moi-gioi
8751,san-xuat-qa-qc,san-xuat-quan-ly
8752,cntt,cntt-phat-trien-phan-mem
8753,xay-dung,xay-dung-ky-su
8754,xay-dung,xay-dung-ky-su
8755,kinh-doanh-ban-hang,kinh-doanh-ban-hang-tong-hop
8756,cntt,cntt-phat-trien-phan-mem
8757,cntt,cntt-phat-trien-phan-mem
8758,cntt,cntt-phat-trien-phan-mem
8759,van-tai-logistics,van-tai-xuat-nhap-khau
8760,,
8761,kinh-doanh-ban-hang,kinh-doanh-ban-hang-tong-hop
8762,nhan-su-hanh-chinh,nhan-su-tuyen-dung-cb
8763,,
8764,ke-toan-tai-chinh,ke-toan-tai-chinh-kiem-toan
8765,san-xuat-qa-qc,san-xuat-det-may
8766,kinh-doanh-ban-hang,kinh-doanh-ban-hang-tong-hop
8767,marketing-truyen-thong,marketing-truyen-thong-pr
8768,van-tai-logistics,van-tai-logistics-kho-van
8769,san-xuat-qa-qc,san-xuat-quan-ly
8770,kinh-doanh-ban-hang,kinh-doanh-ban-hang-tong-hop
8771,giao-duc-dao-tao,giao-duc-giang-day
8772,kinh-doanh-ban-hang,kinh-doanh-ban-hang-tong-hop
8773,ke-toan-tai-chinh,ke-toan-tai-chinh-kiem-toan
8774,van-tai-logistics,van-tai-logistics-kho-van
8775,ke-toan-tai-chinh,ke-toan-tai-chinh-kiem-toan
8776,,
8777,dich-vu-khach-hang,dich-vu-khach-hang-cskh
8778,,
8779,co-khi-che-tao,co-khi-tu-dong-hoa
8780,,
8781,dich-vu-khach-hang,dich-vu-khach-hang-cskh
8782,ke-toan-tai-chinh,ke-toan-tai-chinh-kiem-toan
8783,marketing-truyen-thong,marketing-to-chuc-su-kien
8784,y-te-duoc,y-te-duoc-y-te
8785,kinh-doanh-ban-hang,kinh-doanh-ban-hang-tong-hop
8786,giao-duc-dao-tao,giao-duc-giang-day
8787,dien-dien-tu-vien-thong,dien-dien-tu-vien-thong-vt
8788,dien-dien-tu-vien-thong,dien-dien-tu-dien-lanh
8789,nhan-su-hanh-chinh,nhan-su-thu-ky-tro-ly
8790,nhan-su-hanh-chinh,nhan-su-hanh-chinh-van-phong
8791,nhan-su-hanh-chinh,nhan-su-hanh-chinh-van-phong
8792,kinh-doanh-ban-hang,kinh-doanh-ban-hang-tong-hop
8793,dich-vu-khach-hang,dich-vu-khach-hang-cskh
8794,kinh-doanh-ban-hang,kinh-doanh-ban-hang-tong-hop
8795,,
8796,kinh-doanh-ban-hang,kinh-doanh-ban-hang-tong-hop
8797,nhan-su-hanh-chinh,nhan-su-hanh-chinh-van-phong
8798,,
8799,ke-toan-tai-chinh,ke-toan-tai-chinh-kiem-toan
8800,marketing-truyen-thong,marketing-truyen-thong-pr
8801,cntt,cntt-phat-trien-phan-mem
8802,cntt,cntt-phat-trien-phan-mem
8803,,
8804,kinh-doanh-ban-hang,kinh-doanh-ban-hang-tong-hop
8805,kinh-doanh-ban-hang,kinh-doanh-ban-hang-tong-hop
8806,san-xuat-qa-qc,san-xuat-quan-ly
8807,khach-san-nha-hang-du-lich,khach-san-khach-san
8808,co-khi-che-tao,co-khi-tu-dong-hoa
8809,thiet-ke-kien-truc,thiet-ke-noi-that
8810,dien-dien-tu-vien-thong,dien-dien-tu-vien-thong-vt
8811,thiet-ke-kien-truc,thiet-ke-do-hoa
8812,ke-toan-tai-chinh,ke-toan-tai-chinh-kiem-toan
8813,kinh-doanh-ban-hang,kinh-doanh-ban-hang-tong-hop
8814,ke-toan-tai-chinh,ke-toan-tai-chinh-kiem-toan
8815,cntt,cntt-phat-trien-phan-mem
8816,san-xuat-qa-qc,san-xuat-quan-ly
8817,y-te-duoc,y-te-duoc-y-te
8818,bat-dong-san,bat-dong-san-moi-gioi
8819,san-xuat-qa-qc,san-xuat-thuc-pham
8820,san-xuat-qa-qc,san-xuat-det-may
8821,dich-vu-khach-hang,dich-vu-khach-hang-cskh
8822,nhan-su-hanh-chinh,nhan-su-thu-ky-tro-ly
8823,kinh-doanh-ban-hang,kinh-doanh-ban-hang-tong-hop
8824,thiet-ke-kien-truc,thiet-ke-kien-truc-kien-truc
8825,,
8826,kinh-doanh-ban-hang,kinh-doanh-ban-hang-tong-hop
8827,kinh-doanh-ban-hang,kinh-doanh-ban-hang-tong-hop
8828,xay-dung,xay-dung-ky-su
8829,,
8830,khach-san-nha-hang-du-lich,khach-san-khach-san
8831,cntt,cntt-phat-trien-phan-mem
8832,cntt,cntt-phat-trien-phan-mem
8833,dien-dien-tu-vien-thong,dien-dien-tu-vien-thong-vt
8834,,
8835,kinh-doanh-ban-hang,kinh-doanh-ban-hang-tong-hop
8836,thiet-ke-kien-truc,thiet-ke-do-hoa
8837,san-xuat-qa-qc,san-xuat-qa-qc-qa-qc
8838,ke-toan-tai-chinh,ke-toan-tai-chinh-tai-chinh
8839,kinh-doanh-ban-hang,kinh-doanh-ban-hang-tong-hop
8840,san-xuat-qa-qc,san-xuat-qa-qc-qa-qc
8841,cntt,cntt-phat-trien-phan-mem
8842,kinh-doanh-ban-hang,kinh-doanh-ban-hang-tong-hop
8843,cntt,cntt-phat-trien-phan-mem
8844,nhan-su-hanh-chinh,nhan-su-phap-ly-phap-che
8845,,
8846,cntt,cntt-phat-trien-phan-mem
8847,marketing-truyen-thong,marketing-truyen-thong-pr
8848,san-xuat-qa-qc,san-xuat-qa-qc-qa-qc
8849,kinh-doanh-ban-hang,kinh-doanh-ban-hang-tong-hop
8850,cntt,cntt-phat-trien-phan-mem
8851,kinh-doanh-ban-hang,kinh-doanh-ban-hang-tong-hop
8852,kinh-doanh-ban-hang,kinh-doanh-ban-hang-tong-hop
8853,marketing-truyen-thong,marketing-bien-phien-dich
8854,marketing-truyen-thong,marketing-truyen-thong-pr
8855,kinh-doanh-ban-hang,kinh-doanh-ban-hang-tong-hop
8856,nhan-su-hanh-chinh,nhan-su-hanh-chinh-van-phong
8857,kinh-doanh-ban-hang,kinh-doanh-ban-hang-tong-hop
8858,kinh-doanh-ban-hang,kinh-doanh-ban-hang-tong-hop
8859,cntt,cntt-phat-trien-phan-mem
8860,van-tai-logistics,van-tai-xuat-nhap-khau
8861,cntt,cntt-phat-trien-phan-mem
8862,van-tai-logistics,van-tai-logistics-kho-van
8863,y-te-duoc,y-te-duoc-y-te
8864,nhan-su-hanh-chinh,nhan-su-hanh-chinh-van-phong
8865,kinh-doanh-ban-hang,kinh-doanh-ban-hang-tong-hop
8866,co-khi-che-tao,co-khi-tu-dong-hoa
8867,nhan-su-hanh-chinh,nhan-su-phap-ly-phap-che
8868,van-tai-logistics,van-tai-logistics-kho-van
8869,kinh-doanh-ban-hang,kinh-doanh-ban-hang-tong-hop
8870,y-te-duoc,y-te-duoc-y-te
8871,dich-vu-khach-hang,dich-vu-khach-hang-cskh
8872,cntt,cntt-phat-trien-phan-mem
8873,giao-duc-dao-tao,giao-duc-giang-day
8874,kinh-doanh-ban-hang,kinh-doanh-ban-hang-tong-hop
8875,kinh-doanh-ban-hang,kinh-doanh-ban-hang-ban-hang
8876,ke-toan-tai-chinh,ke-toan-tai-chinh-kiem-toan
8877,thiet-ke-kien-truc,thiet-ke-my-thuat
8878,ke-toan-tai-chinh,ke-toan-tai-chinh-kiem-toan
8879,ke-toan-tai-chinh,ke-toan-tai-chinh-bao-hiem
8880,,
8881,cntt,cntt-phat-trien-phan-mem
8882,marketing-truyen-thong,marketing-truyen-thong-pr
8883,nhan-su-hanh-chinh,nhan-su-tuyen-dung-cb
8884,ke-toan-tai-chinh,ke-toan-tai-chinh-kiem-toan
8885,y-te-duoc,y-te-duoc-y-te
8886,kinh-doanh-ban-hang,kinh-doanh-ban-hang-tong-hop
8887,,
8888,nhan-su-hanh-chinh,nhan-su-phap-ly-phap-che
8889,khach-san-nha-hang-du-lich,khach-san-khach-san
8890,y-te-duoc,y-te-duoc-y-te
8891,giao-duc-dao-tao,giao-duc-giang-day
8892,xay-dung,xay-dung-ky-su
8893,cntt,cntt-phan-cung-mang
8894,ke-toan-tai-chinh,ke-toan-tai-chinh-bao-hiem
8895,dien-dien-tu-vien-thong,dien-dien-tu-vien-thong-vt
8896,,
8897,kinh-doanh-ban-hang,kinh-doanh-ban-hang-tong-hop
8898,cntt,cntt-phat-trien-phan-mem
8899,kinh-doanh-ban-hang,kinh-doanh-ban-hang-tong-hop
8900,,
8901,cntt,cntt-phat-trien-phan-mem
8902,nhan-su-hanh-chinh,nhan-su-hanh-chinh-van-phong
8903,giao-duc-dao-tao,giao-duc-giang-day
8904,,
8905,san-xuat-qa-qc,san-xuat-det-may
8906,marketing-truyen-thong,marketing-truyen-thong-pr
8907,kinh-doanh-ban-hang,kinh-doanh-ban-hang-ban-le-si
8908,khach-san-nha-hang-du-lich,khach-san-khach-san
8909,,
8910,ke-toan-tai-chinh,ke-toan-tai-chinh-kiem-toan
8911,khach-san-nha-hang-du-lich,khach-san-khach-san
8912,nhan-su-hanh-chinh,nhan-su-hanh-chinh-van-phong
8913,,
8914,marketing-truyen-thong,marketing-bien-phien-dich
8915,nhan-su-hanh-chinh,nhan-su-hanh-chinh-van-phong
8916,cntt,cntt-phat-trien-phan-mem
8917,ke-toan-tai-chinh,ke-toan-tai-chinh-kiem-toan
8918,ke-toan-tai-chinh,ke-toan-tai-chinh-kiem-toan
8919,kinh-doanh-ban-hang,kinh-doanh-ban-hang-tong-hop
8920,co-khi-che-tao,co-khi-tu-dong-hoa
8921,ke-toan-tai-chinh,ke-toan-tai-chinh-tai-chinh
8922,ke-toan-tai-chinh,ke-toan-tai-chinh-ngan-hang
8923,dich-vu-khach-hang,dich-vu-khach-hang-cskh
8924,dich-vu-khach-hang,dich-vu-khach-hang-cskh
8925,cntt,cntt-phat-trien-phan-mem
8926,giao-duc-dao-tao,giao-duc-giang-day
8927,,
8928,nhan-su-hanh-chinh,nhan-su-thu-ky-tro-ly
8929,kinh-doanh-ban-hang,kinh-doanh-ban-hang-tong-hop
8930,ke-toan-tai-chinh,ke-toan-tai-chinh-kiem-toan
8931,,
8932,dien-dien-tu-vien-thong,dien-dien-tu-vien-thong-vt
8933,,
8934,y-te-duoc,y-te-duoc-y-te
8935,giao-duc-dao-tao,giao-duc-giang-day
8936,ke-toan-tai-chinh,ke-toan-tai-chinh-kiem-toan
8937,marketing-truyen-thong,marketing-truyen-thong-pr
8938,kinh-doanh-ban-hang,kinh-doanh-ban-hang-tong-hop
8939,san-xuat-qa-qc,san-xuat-qa-qc-qa-qc
8940,nhan-su-hanh-chinh,nhan-su-hanh-chinh-van-phong
8941,khach-san-nha-hang-du-lich,khach-san-khach-san
8942,kinh-doanh-ban-hang,kinh-doanh-ban-hang-tong-hop
8943,kinh-doanh-ban-hang,kinh-doanh-ban-hang-tong-hop
8944,kinh-doanh-ban-hang,kinh-doanh-ban-hang-tong-hop
8945,dich-vu-khach-hang,dich-vu-khach-hang-cskh
8946,khach-san-nha-hang-du-lich,khach-san-du-lich-le-hanh
8947,van-tai-logistics,van-tai-logistics-kho-van
8948,cntt,cntt-phat-trien-phan-mem
8949,ke-toan-tai-chinh,ke-toan-tai-chinh-kiem-toan
8950,cntt,cntt-phat-trien-phan-mem
8951,ke-toan-tai-chinh,ke-toan-tai-chinh-kiem-toan
8952,marketing-truyen-thong,marketing-truyen-thong-pr
8953,nhan-su-hanh-chinh,nhan-su-tuyen-dung-cb
8954,kinh-doanh-ban-hang,kinh-doanh-ban-hang-tong-hop
8955,,
8956,marketing-truyen-thong,marketing-truyen-thong-pr
8957,ke-toan-tai-chinh,ke-toan-tai-chinh-chung-khoan
8958,,
8959,ke-toan-tai-chinh,ke-toan-tai-chinh-bao-hiem
8960,ke-toan-tai-chinh,ke-toan-tai-chinh-ngan-hang
8961,,
8962,,
8963,marketing-truyen-thong,marketing-truyen-thong-pr
8964,marketing-truyen-thong,marketing-truyen-thong-pr
8965,kinh-doanh-ban-hang,kinh-doanh-ban-hang-tong-hop
8966,cntt,cntt-phan-cung-mang
8967,cntt,cntt-phat-trien-phan-mem
8968,khach-san-nha-hang-du-lich,khach-san-spa-lam-dep
8969,,
8970,co-khi-che-tao,co-khi-o-to
8971,ke-toan-tai-chinh,ke-toan-tai-chinh-bao-hiem
8972,nhan-su-hanh-chinh,nhan-su-hanh-chinh-van-phong
8973,bat-dong-san,bat-dong-san-moi-gioi
8974,,
8975,san-xuat-qa-qc,san-xuat-thuc-pham
8976,cntt,cntt-phat-trien-phan-mem
8977,kinh-doanh-ban-hang,kinh-doanh-ban-hang-tong-hop
8978,kinh-doanh-ban-hang,kinh-doanh-ban-hang-tong-hop
8979,,
8980,dien-dien-tu-vien-thong,dien-dien-tu-dien-lanh
8981,dien-dien-tu-vien-thong,dien-dien-tu-dien-lanh
8982,nhan-su-hanh-chinh,nhan-su-tuyen-dung-cb
8983,,
8984,ke-toan-tai-chinh,ke-toan-tai-chinh-kiem-toan
8985,ke-toan-tai-chinh,ke-toan-tai-chinh-kiem-toan
8986,co-khi-che-tao,co-khi-tu-dong-hoa
8987,kinh-doanh-ban-hang,kinh-doanh-ban-hang-tong-hop
8988,xay-dung,xay-dung-ky-su
8989,kinh-doanh-ban-hang,kinh-doanh-ban-hang-tong-hop
8990,nhan-su-hanh-chinh,nhan-su-thu-ky-tro-ly
8991,van-tai-logistics,van-tai-xuat-nhap-khau
8992,kinh-doanh-ban-hang,kinh-doanh-ban-hang-tong-hop
8993,,
8994,kinh-doanh-ban-hang,kinh-doanh-ban-hang-tong-hop
8995,kinh-doanh-ban-hang,kinh-doanh-ban-hang-tong-hop
8996,cntt,cntt-phat-trien-phan-mem
8997,kinh-doanh-ban-hang,kinh-doanh-ban-hang-tong-hop
8998,,
8999,kinh-doanh-ban-hang,kinh-doanh-ban-hang-tong-hop
9000,kinh-doanh-ban-hang,kinh-doanh-ban-hang-tong-hop
9001,kinh-doanh-ban-hang,kinh-doanh-ban-hang-tong-hop
9002,ke-toan-tai-chinh,ke-toan-tai-chinh-kiem-toan
9003,ke-toan-tai-chinh,ke-toan-tai-chinh-kiem-toan
9004,khach-san-nha-hang-du-lich,khach-san-khach-san
9005,dien-dien-tu-vien-thong,dien-dien-tu-vien-thong-vt
9006,,
9007,ke-toan-tai-chinh,ke-toan-tai-chinh-kiem-toan
9008,xay-dung,xay-dung-ky-su
9009,,
9010,marketing-truyen-thong,marketing-truyen-thong-pr
9011,san-xuat-qa-qc,san-xuat-qa-qc-qa-qc
9012,marketing-truyen-thong,marketing-truyen-thong-pr
9013,kinh-doanh-ban-hang,kinh-doanh-ban-hang-tong-hop
9014,kinh-doanh-ban-hang,kinh-doanh-ban-hang-tong-hop
9015,ke-toan-tai-chinh,ke-toan-tai-chinh-kiem-toan
9016,ke-toan-tai-chinh,ke-toan-tai-chinh-kiem-toan
9017,cntt,cntt-phat-trien-phan-mem
9018,cntt,cntt-phan-cung-mang
9019,kinh-doanh-ban-hang,kinh-doanh-ban-hang-tong-hop
9020,cntt,cntt-phat-trien-phan-mem
9021,marketing-truyen-thong,marketing-truyen-thong-pr
9022,y-te-duoc,y-te-duoc-y-te
9023,cntt,cntt-phat-trien-phan-mem
9024,nhan-su-hanh-chinh,nhan-su-tuyen-dung-cb
9025,san-xuat-qa-qc,san-xuat-det-may
9026,cntt,cntt-phat-trien-phan-mem
9027,y-te-duoc,y-te-duoc-y-te
9028,nhan-su-hanh-chinh,nhan-su-tuyen-dung-cb
9029,kinh-doanh-ban-hang,kinh-doanh-ban-hang-tong-hop
9030,khach-san-nha-hang-du-lich,khach-san-khach-san
9031,cntt,cntt-phan-cung-mang
9032,co-khi-che-tao,co-khi-tu-dong-hoa
9033,nhan-su-hanh-chinh,nhan-su-hanh-chinh-van-phong
9034,dien-dien-tu-vien-thong,dien-dien-tu-vien-thong-vt
9035,,
9036,dien-dien-tu-vien-thong,dien-dien-tu-vien-thong-vt
9037,dien-dien-tu-vien-thong,dien-dien-tu-vien-thong-vt
9038,kinh-doanh-ban-hang,kinh-doanh-ban-hang-tong-hop
9039,xay-dung,xay-dung-ky-su
9040,,
9041,kinh-doanh-ban-hang,kinh-doanh-ban-hang-tong-hop
9042,nhan-su-hanh-chinh,nhan-su-hanh-chinh-van-phong
9043,ke-toan-tai-chinh,ke-toan-tai-chinh-kiem-toan
9044,giao-duc-dao-tao,giao-duc-giang-day
9045,nhan-su-hanh-chinh,nhan-su-thu-ky-tro-ly
9046,ke-toan-tai-chinh,ke-toan-tai-chinh-kiem-toan
9047,marketing-truyen-thong,marketing-truyen-thong-pr
9048,khach-san-nha-hang-du-lich,khach-san-du-lich-le-hanh
9049,,
9050,co-khi-che-tao,co-khi-tu-dong-hoa
9051,ke-toan-tai-chinh,ke-toan-tai-chinh-kiem-toan
9052,cntt,cntt-phat-trien-phan-mem
9053,dien-dien-tu-vien-thong,dien-dien-tu-vien-thong-vt
9054,kinh-doanh-ban-hang,kinh-doanh-ban-hang-tong-hop
9055,kinh-doanh-ban-hang,kinh-doanh-ban-hang-tong-hop
9056,marketing-truyen-thong,marketing-truyen-thong-pr
9057,cntt,cntt-phat-trien-phan-mem
9058,ke-toan-tai-chinh,ke-toan-tai-chinh-bao-hiem
9059,ke-toan-tai-chinh,ke-toan-tai-chinh-bao-hiem
9060,khach-san-nha-hang-du-lich,khach-san-khach-san
9061,,
9062,,
9063,san-xuat-qa-qc,san-xuat-det-may
9064,kinh-doanh-ban-hang,kinh-doanh-ban-hang-tong-hop
9065,san-xuat-qa-qc,san-xuat-moi-truong
9066,ke-toan-tai-chinh,ke-toan-tai-chinh-ngan-hang
9067,marketing-truyen-thong,marketing-truyen-thong-pr
9068,cntt,cntt-phat-trien-phan-mem
9069,van-tai-logistics,van-tai-xuat-nhap-khau
9070,ke-toan-tai-chinh,ke-toan-tai-chinh-kiem-toan
9071,kinh-doanh-ban-hang,kinh-doanh-ban-hang-tong-hop
9072,marketing-truyen-thong,marketing-truyen-thong-pr
9073,kinh-doanh-ban-hang,kinh-doanh-ban-hang-tong-hop
9074,dich-vu-khach-hang,dich-vu-khach-hang-cskh
9075,dich-vu-khach-hang,dich-vu-khach-hang-cskh
9076,kinh-doanh-ban-hang,kinh-doanh-ban-hang-tong-hop
9077,dich-vu-khach-hang,dich-vu-khach-hang-cskh
9078,kinh-doanh-ban-hang,kinh-doanh-ban-hang-tong-hop
9079,ke-toan-tai-chinh,ke-toan-tai-chinh-kiem-toan
9080,khach-san-nha-hang-du-lich,khach-san-spa-lam-dep
9081,,
9082,,
9083,,
9084,cntt,cntt-phat-trien-phan-mem
9085,khach-san-nha-hang-du-lich,khach-san-khach-san
9086,nhan-su-hanh-chinh,nhan-su-hanh-chinh-van-phong
9087,khach-san-nha-hang-du-lich,khach-san-khach-san
9088,kinh-doanh-ban-hang,kinh-doanh-ban-hang-ban-le-si
9089,nhan-su-hanh-chinh,nhan-su-thu-ky-tro-ly
9090,khach-san-nha-hang-du-lich,khach-san-du-lich-le-hanh
9091,dich-vu-khach-hang,dich-vu-khach-hang-cskh
9092,dien-dien-tu-vien-thong,dien-dien-tu-vien-thong-vt
9093,nhan-su-hanh-chinh,nhan-su-hanh-chinh-van-phong
9094,ke-toan-tai-chinh,ke-toan-tai-chinh-bao-hiem
9095,kinh-doanh-ban-hang,kinh-doanh-ban-hang-tong-hop
9096,khach-san-nha-hang-du-lich,khach-san-spa-lam-dep
9097,van-tai-logistics,van-tai-logistics-kho-van
9098,,
9099,,
9100,ke-toan-tai-chinh,ke-toan-tai-chinh-kiem-toan
9101,kinh-doanh-ban-hang,kinh-doanh-ban-hang-tong-hop
9102,nhan-su-hanh-chinh,nhan-su-tuyen-dung-cb
9103,kinh-doanh-ban-hang,kinh-doanh-ban-hang-tong-hop
9104,dich-vu-khach-hang,dich-vu-khach-hang-cskh
9105,,
9106,cntt,cntt-phat-trien-phan-mem
9107,bat-dong-san,bat-dong-san-moi-gioi
9108,nhan-su-hanh-chinh,nhan-su-phap-ly-phap-che
9109,giao-duc-dao-tao,giao-duc-giang-day
9110,marketing-truyen-thong,marketing-truyen-thong-pr
9111,,
9112,nhan-su-hanh-chinh,nhan-su-tuyen-dung-cb
9113,ke-toan-tai-chinh,ke-toan-tai-chinh-bao-hiem
9114,marketing-truyen-thong,marketing-truyen-thong-pr
9115,marketing-truyen-thong,marketing-truyen-thong-pr
9116,nhan-su-hanh-chinh,nhan-su-thu-ky-tro-ly
9117,ke-toan-tai-chinh,ke-toan-tai-chinh-ngan-hang
9118,co-khi-che-tao,co-khi-tu-dong-hoa
9119,ke-toan-tai-chinh,ke-toan-tai-chinh-ngan-hang
9120,,
9121,dien-dien-tu-vien-thong,dien-dien-tu-vien-thong-vt
9122,marketing-truyen-thong,marketing-bao-chi-truyen-hinh
9123,khach-san-nha-hang-du-lich,khach-san-spa-lam-dep
9124,cntt,cntt-phan-cung-mang
9125,co-khi-che-tao,co-khi-o-to
9126,marketing-truyen-thong,marketing-truyen-thong-pr
9127,kinh-doanh-ban-hang,kinh-doanh-ban-hang-tong-hop
9128,nhan-su-hanh-chinh,nhan-su-hanh-chinh-van-phong
9129,kinh-doanh-ban-hang,kinh-doanh-ban-hang-tong-hop
9130,ke-toan-tai-chinh,ke-toan-tai-chinh-kiem-toan
9131,nhan-su-hanh-chinh,nhan-su-hanh-chinh-van-phong
9132,y-te-duoc,y-te-duoc-y-te
9133,xay-dung,xay-dung-ky-su
9134,thiet-ke-kien-truc,thiet-ke-my-thuat
9135,cntt,cntt-phat-trien-phan-mem
9136,van-tai-logistics,van-tai-xuat-nhap-khau
9137,ke-toan-tai-chinh,ke-toan-tai-chinh-kiem-toan
9138,ke-toan-tai-chinh,ke-toan-tai-chinh-ngan-hang
9139,co-khi-che-tao,co-khi-o-to
9140,kinh-doanh-ban-hang,kinh-doanh-ban-hang-tong-hop
9141,ke-toan-tai-chinh,ke-toan-tai-chinh-kiem-toan
9142,marketing-truyen-thong,marketing-truyen-thong-pr
9143,ke-toan-tai-chinh,ke-toan-tai-chinh-ngan-hang
9144,,
9145,marketing-truyen-thong,marketing-truyen-thong-pr
9146,kinh-doanh-ban-hang,kinh-doanh-ban-hang-tong-hop
9147,van-tai-logistics,van-tai-logistics-kho-van
9148,nhan-su-hanh-chinh,nhan-su-phap-ly-phap-che
9149,bat-dong-san,bat-dong-san-moi-gioi
9150,nhan-su-hanh-chinh,nhan-su-thu-ky-tro-ly
9151,marketing-truyen-thong,marketing-truyen-thong-pr
9152,,
9153,ke-toan-tai-chinh,ke-toan-tai-chinh-kiem-toan
9154,van-tai-logistics,van-tai-xuat-nhap-khau
9155,nhan-su-hanh-chinh,nhan-su-hanh-chinh-van-phong
9156,,
9157,ke-toan-tai-chinh,ke-toan-tai-chinh-kiem-toan
9158,kinh-doanh-ban-hang,kinh-doanh-ban-hang-tong-hop
9159,thiet-ke-kien-truc,thiet-ke-do-hoa
9160,cntt,cntt-phat-trien-phan-mem
9161,ke-toan-tai-chinh,ke-toan-tai-chinh-kiem-toan
9162,khach-san-nha-hang-du-lich,khach-san-khach-san
9163,kinh-doanh-ban-hang,kinh-doanh-ban-hang-tong-hop
9164,cntt,cntt-phat-trien-phan-mem
9165,kinh-doanh-ban-hang,kinh-doanh-ban-hang-tong-hop
9166,nhan-su-hanh-chinh,nhan-su-tuyen-dung-cb
9167,kinh-doanh-ban-hang,kinh-doanh-ban-hang-tong-hop
9168,cntt,cntt-phat-trien-phan-mem
9169,kinh-doanh-ban-hang,kinh-doanh-ban-hang-tong-hop
9170,nhan-su-hanh-chinh,nhan-su-hanh-chinh-van-phong
9171,,
9172,cntt,cntt-phat-trien-phan-mem
9173,giao-duc-dao-tao,giao-duc-giang-day
9174,marketing-truyen-thong,marketing-truyen-thong-pr
9175,kinh-doanh-ban-hang,kinh-doanh-ban-hang-tong-hop
9176,cntt,cntt-phan-cung-mang
9177,cntt,cntt-phat-trien-phan-mem
9178,cntt,cntt-phat-trien-phan-mem
9179,cntt,cntt-phat-trien-phan-mem
9180,san-xuat-qa-qc,san-xuat-det-may
9181,marketing-truyen-thong,marketing-truyen-thong-pr
9182,ke-toan-tai-chinh,ke-toan-tai-chinh-ngan-hang
9183,kinh-doanh-ban-hang,kinh-doanh-ban-hang-tong-hop
9184,marketing-truyen-thong,marketing-truyen-thong-pr
9185,ke-toan-tai-chinh,ke-toan-tai-chinh-kiem-toan
9186,cntt,cntt-phat-trien-phan-mem
9187,ke-toan-tai-chinh,ke-toan-tai-chinh-bao-hiem
9188,dich-vu-khach-hang,dich-vu-khach-hang-cskh
9189,nhan-su-hanh-chinh,nhan-su-tuyen-dung-cb
9190,ke-toan-tai-chinh,ke-toan-tai-chinh-kiem-toan
9191,ke-toan-tai-chinh,ke-toan-tai-chinh-kiem-toan
9192,ke-toan-tai-chinh,ke-toan-tai-chinh-kiem-toan
9193,ke-toan-tai-chinh,ke-toan-tai-chinh-bao-hiem
9194,marketing-truyen-thong,marketing-truyen-thong-pr
9195,cntt,cntt-phat-trien-phan-mem
9196,,
9197,kinh-doanh-ban-hang,kinh-doanh-ban-hang-tong-hop
9198,cntt,cntt-phat-trien-phan-mem
9199,cntt,cntt-phat-trien-phan-mem
9200,thiet-ke-kien-truc,thiet-ke-do-hoa
9201,kinh-doanh-ban-hang,kinh-doanh-ban-hang-tong-hop
9202,kinh-doanh-ban-hang,kinh-doanh-ban-hang-ban-le-si
9203,kinh-doanh-ban-hang,kinh-doanh-ban-hang-tong-hop
9204,khach-san-nha-hang-du-lich,khach-san-spa-lam-dep
9205,,
9206,co-khi-che-tao,co-khi-tu-dong-hoa
9207,nhan-su-hanh-chinh,nhan-su-hanh-chinh-van-phong
9208,giao-duc-dao-tao,giao-duc-giang-day
9209,cntt,cntt-phat-trien-phan-mem
9210,khach-san-nha-hang-du-lich,khach-san-du-lich-le-hanh
9211,ke-toan-tai-chinh,ke-toan-tai-chinh-kiem-toan
9212,bat-dong-san,bat-dong-san-moi-gioi
9213,giao-duc-dao-tao,giao-duc-giang-day
9214,xay-dung,xay-dung-ky-su
9215,san-xuat-qa-qc,san-xuat-qa-qc-qa-qc
9216,cntt,cntt-phat-trien-phan-mem
9217,san-xuat-qa-qc,san-xuat-qa-qc-qa-qc
9218,cntt,cntt-phat-trien-phan-mem
9219,cntt,cntt-phan-cung-mang
9220,cntt,cntt-phat-trien-phan-mem
9221,ke-toan-tai-chinh,ke-toan-tai-chinh-kiem-toan
9222,,
9223,marketing-truyen-thong,marketing-truyen-thong-pr
9224,dich-vu-khach-hang,dich-vu-khach-hang-cskh
9225,xay-dung,xay-dung-ky-su
9226,cntt,cntt-phan-cung-mang
9227,,
9228,khach-san-nha-hang-du-lich,khach-san-khach-san
9229,ke-toan-tai-chinh,ke-toan-tai-chinh-kiem-toan
9230,,
9231,giao-duc-dao-tao,giao-duc-giang-day
9232,nhan-su-hanh-chinh,nhan-su-phap-ly-phap-che
9233,dien-dien-tu-vien-thong,dien-dien-tu-dien-lanh
9234,bat-dong-san,bat-dong-san-moi-gioi
9235,,
9236,cntt,cntt-phat-trien-phan-mem
9237,,
9238,marketing-truyen-thong,marketing-truyen-thong-pr
9239,kinh-doanh-ban-hang,kinh-doanh-ban-hang-tong-hop
9240,marketing-truyen-thong,marketing-truyen-thong-pr
9241,co-khi-che-tao,co-khi-tu-dong-hoa
9242,kinh-doanh-ban-hang,kinh-doanh-ban-hang-tong-hop
9243,nhan-su-hanh-chinh,nhan-su-hanh-chinh-van-phong
9244,,
9245,,
9246,ke-toan-tai-chinh,ke-toan-tai-chinh-kiem-toan
9247,y-te-duoc,y-te-duoc-y-te
9248,thiet-ke-kien-truc,thiet-ke-do-hoa
9249,san-xuat-qa-qc,san-xuat-thuc-pham
9250,cntt,cntt-phat-trien-phan-mem
9251,giao-duc-dao-tao,giao-duc-giang-day
9252,cntt,cntt-phat-trien-phan-mem
9253,ke-toan-tai-chinh,ke-toan-tai-chinh-bao-hiem
9254,,
9255,dien-dien-tu-vien-thong,dien-dien-tu-dien-lanh
9256,marketing-truyen-thong,marketing-truyen-thong-pr
9257,giao-duc-dao-tao,giao-duc-giang-day
9258,nhan-su-hanh-chinh,nhan-su-tuyen-dung-cb
9259,cntt,cntt-phat-trien-phan-mem
9260,nhan-su-hanh-chinh,nhan-su-hanh-chinh-van-phong
9261,khach-san-nha-hang-du-lich,khach-san-khach-san
9262,kinh-doanh-ban-hang,kinh-doanh-ban-hang-tong-hop
9263,cntt,cntt-phat-trien-phan-mem
9264,khach-san-nha-hang-du-lich,khach-san-spa-lam-dep
9265,van-tai-logistics,van-tai-logistics-kho-van
9266,,
9267,marketing-truyen-thong,marketing-truyen-thong-pr
9268,dien-dien-tu-vien-thong,dien-dien-tu-dien-lanh
9269,bat-dong-san,bat-dong-san-moi-gioi
9270,marketing-truyen-thong,marketing-truyen-thong-pr
9271,ke-toan-tai-chinh,ke-toan-tai-chinh-tai-chinh
9272,kinh-doanh-ban-hang,kinh-doanh-ban-hang-tong-hop
9273,cntt,cntt-phat-trien-phan-mem
9274,marketing-truyen-thong,marketing-truyen-thong-pr
9275,marketing-truyen-thong,marketing-truyen-thong-pr
9276,giao-duc-dao-tao,giao-duc-giang-day
9277,dich-vu-khach-hang,dich-vu-khach-hang-cskh
9278,dien-dien-tu-vien-thong,dien-dien-tu-dien-lanh
9279,nhan-su-hanh-chinh,nhan-su-tuyen-dung-cb
9280,dien-dien-tu-vien-thong,dien-dien-tu-vien-thong-vt
9281,marketing-truyen-thong,marketing-truyen-thong-pr
9282,y-te-duoc,y-te-duoc-y-te
9283,,
9284,nhan-su-hanh-chinh,nhan-su-thu-ky-tro-ly
9285,san-xuat-qa-qc,san-xuat-thuc-pham
9286,bat-dong-san,bat-dong-san-moi-gioi
9287,dich-vu-khach-hang,dich-vu-khach-hang-cskh
9288,cntt,cntt-phat-trien-phan-mem
9289,bat-dong-san,bat-dong-san-moi-gioi
9290,bat-dong-san,bat-dong-san-moi-gioi
9291,,
9292,kinh-doanh-ban-hang,kinh-doanh-ban-hang-tong-hop
9293,dien-dien-tu-vien-thong,dien-dien-tu-dien-lanh
9294,nhan-su-hanh-chinh,nhan-su-hanh-chinh-van-phong
9295,kinh-doanh-ban-hang,kinh-doanh-ban-hang-tong-hop
9296,y-te-duoc,y-te-duoc-duoc-pham
9297,cntt,cntt-phat-trien-phan-mem
9298,kinh-doanh-ban-hang,kinh-doanh-ban-hang-tong-hop
9299,cntt,cntt-phat-trien-phan-mem
9300,,
9301,,
9302,thiet-ke-kien-truc,thiet-ke-noi-that
9303,y-te-duoc,y-te-duoc-y-te
9304,kinh-doanh-ban-hang,kinh-doanh-ban-hang-tong-hop
9305,san-xuat-qa-qc,san-xuat-det-may
9306,dich-vu-khach-hang,dich-vu-khach-hang-cskh
9307,,
9308,cntt,cntt-phat-trien-phan-mem
9309,cntt,cntt-phat-trien-phan-mem
9310,cntt,cntt-phat-trien-phan-mem
9311,van-tai-logistics,van-tai-xuat-nhap-khau
9312,cntt,cntt-phat-trien-phan-mem
9313,marketing-truyen-thong,marketing-truyen-thong-pr
9314,marketing-truyen-thong,marketing-truyen-thong-pr
9315,marketing-truyen-thong,marketing-truyen-thong-pr
9316,marketing-truyen-thong,marketing-truyen-thong-pr
9317,,
9318,nhan-su-hanh-chinh,nhan-su-phap-ly-phap-che
9319,dien-dien-tu-vien-thong,dien-dien-tu-vien-thong-vt
9320,khach-san-nha-hang-du-lich,khach-san-khach-san
9321,kinh-doanh-ban-hang,kinh-doanh-ban-hang-tong-hop
9322,kinh-doanh-ban-hang,kinh-doanh-ban-hang-tong-hop
9323,kinh-doanh-ban-hang,kinh-doanh-ban-hang-tong-hop
9324,khach-san-nha-hang-du-lich,khach-san-du-lich-le-hanh
9325,nhan-su-hanh-chinh,nhan-su-hanh-chinh-van-phong
9326,san-xuat-qa-qc,san-xuat-thuc-pham
9327,marketing-truyen-thong,marketing-truyen-thong-pr
9328,xay-dung,xay-dung-ky-su
9329,nhan-su-hanh-chinh,nhan-su-phap-ly-phap-che
9330,nhan-su-hanh-chinh,nhan-su-phap-ly-phap-che
9331,marketing-truyen-thong,marketing-truyen-thong-pr
9332,,
9333,kinh-doanh-ban-hang,kinh-doanh-ban-hang-tong-hop
9334,cntt,cntt-phat-trien-phan-mem
9335,,
9336,bat-dong-san,bat-dong-san-moi-gioi
9337,nhan-su-hanh-chinh,nhan-su-tuyen-dung-cb
9338,kinh-doanh-ban-hang,kinh-doanh-ban-hang-tong-hop
9339,giao-duc-dao-tao,giao-duc-giang-day
9340,kinh-doanh-ban-hang,kinh-doanh-ban-hang-tong-hop
9341,khach-san-nha-hang-du-lich,khach-san-spa-lam-dep
9342,cntt,cntt-phat-trien-phan-mem
9343,cntt,cntt-phat-trien-phan-mem
9344,marketing-truyen-thong,marketing-truyen-thong-pr
9345,y-te-duoc,y-te-duoc-y-te
9346,thiet-ke-kien-truc,thiet-ke-noi-that
9347,ke-toan-tai-chinh,ke-toan-tai-chinh-ngan-hang
9348,marketing-truyen-thong,marketing-truyen-thong-pr
9349,,
9350,,
9351,,
9352,y-te-duoc,y-te-duoc-y-te
9353,marketing-truyen-thong,marketing-truyen-thong-pr
9354,cntt,cntt-phat-trien-phan-mem
9355,ke-toan-tai-chinh,ke-toan-tai-chinh-ngan-hang
9356,,
9357,cntt,cntt-phat-trien-phan-mem
9358,marketing-truyen-thong,marketing-truyen-thong-pr
9359,kinh-doanh-ban-hang,kinh-doanh-ban-hang-tong-hop
9360,thiet-ke-kien-truc,thiet-ke-do-hoa
9361,kinh-doanh-ban-hang,kinh-doanh-ban-hang-tong-hop
9362,,
9363,kinh-doanh-ban-hang,kinh-doanh-ban-hang-tong-hop
9364,,
9365,ke-toan-tai-chinh,ke-toan-tai-chinh-kiem-toan
9366,kinh-doanh-ban-hang,kinh-doanh-ban-hang-tong-hop
9367,nhan-su-hanh-chinh,nhan-su-tuyen-dung-cb
9368,,
9369,,
9370,cntt,cntt-phat-trien-phan-mem
9371,kinh-doanh-ban-hang,kinh-doanh-ban-hang-tong-hop
9372,,
9373,ke-toan-tai-chinh,ke-toan-tai-chinh-ngan-hang
9374,,
9375,,
9376,khach-san-nha-hang-du-lich,khach-san-spa-lam-dep
9377,dich-vu-khach-hang,dich-vu-khach-hang-cskh
9378,ke-toan-tai-chinh,ke-toan-tai-chinh-bao-hiem
9379,kinh-doanh-ban-hang,kinh-doanh-ban-hang-ban-le-si
9380,san-xuat-qa-qc,san-xuat-thuc-pham
9381,giao-duc-dao-tao,giao-duc-giang-day
9382,san-xuat-qa-qc,san-xuat-qa-qc-qa-qc
9383,kinh-doanh-ban-hang,kinh-doanh-ban-hang-tong-hop
9384,kinh-doanh-ban-hang,kinh-doanh-ban-hang-tong-hop
9385,thiet-ke-kien-truc,thiet-ke-do-hoa
9386,dien-dien-tu-vien-thong,dien-dien-tu-vien-thong-vt
9387,,
9388,dich-vu-khach-hang,dich-vu-khach-hang-cskh
9389,,
9390,san-xuat-qa-qc,san-xuat-qa-qc-qa-qc
9391,khach-san-nha-hang-du-lich,khach-san-khach-san
9392,nhan-su-hanh-chinh,nhan-su-hanh-chinh-van-phong
9393,ke-toan-tai-chinh,ke-toan-tai-chinh-kiem-toan
9394,kinh-doanh-ban-hang,kinh-doanh-ban-hang-tong-hop
9395,,
9396,san-xuat-qa-qc,san-xuat-moi-truong
9397,cntt,cntt-phat-trien-phan-mem
9398,kinh-doanh-ban-hang,kinh-doanh-ban-hang-tong-hop
9399,marketing-truyen-thong,marketing-bien-phien-dich
9400,kinh-doanh-ban-hang,kinh-doanh-ban-hang-tong-hop
9401,,
9402,van-tai-logistics,van-tai-xuat-nhap-khau
9403,,
9404,cntt,cntt-phat-trien-phan-mem
9405,nhan-su-hanh-chinh,nhan-su-phap-ly-phap-che
9406,thiet-ke-kien-truc,thiet-ke-do-hoa
9407,san-xuat-qa-qc,san-xuat-quan-ly
9408,nhan-su-hanh-chinh,nhan-su-tuyen-dung-cb
9409,khach-san-nha-hang-du-lich,khach-san-khach-san
9410,xay-dung,xay-dung-ky-su
9411,giao-duc-dao-tao,giao-duc-giang-day
9412,khach-san-nha-hang-du-lich,khach-san-du-lich-le-hanh
9413,,
9414,dich-vu-khach-hang,dich-vu-khach-hang-cskh
9415,giao-duc-dao-tao,giao-duc-giang-day
9416,marketing-truyen-thong,marketing-truyen-thong-pr
9417,nhan-su-hanh-chinh,nhan-su-tuyen-dung-cb
9418,y-te-duoc,y-te-duoc-y-te
9419,kinh-doanh-ban-hang,kinh-doanh-ban-hang-tong-hop
9420,cntt,cntt-phan-cung-mang
9421,,
9422,ke-toan-tai-chinh,ke-toan-tai-chinh-bao-hiem
9423,giao-duc-dao-tao,giao-duc-giang-day
9424,khach-san-nha-hang-du-lich,khach-san-khach-san
9425,nhan-su-hanh-chinh,nhan-su-tuyen-dung-cb
9426,cntt,cntt-phat-trien-phan-mem
9427,marketing-truyen-thong,marketing-truyen-thong-pr
9428,dich-vu-khach-hang,dich-vu-khach-hang-cskh
9429,kinh-doanh-ban-hang,kinh-doanh-ban-hang-tong-hop
9430,nhan-su-hanh-chinh,nhan-su-hanh-chinh-van-phong
9431,dich-vu-khach-hang,dich-vu-khach-hang-cskh
9432,ke-toan-tai-chinh,ke-toan-tai-chinh-bao-hiem
9433,cntt,cntt-phan-cung-mang
9434,giao-duc-dao-tao,giao-duc-giang-day
9435,dich-vu-khach-hang,dich-vu-khach-hang-cskh
9436,cntt,cntt-phan-cung-mang
9437,kinh-doanh-ban-hang,kinh-doanh-ban-hang-tong-hop
9438,kinh-doanh-ban-hang,kinh-doanh-ban-hang-tong-hop
9439,,
9440,cntt,cntt-phat-trien-phan-mem
9441,kinh-doanh-ban-hang,kinh-doanh-ban-hang-tong-hop
9442,cntt,cntt-phat-trien-phan-mem
9443,ke-toan-tai-chinh,ke-toan-tai-chinh-bao-hiem
9444,cntt,cntt-phat-trien-phan-mem
9445,,
9446,dien-dien-tu-vien-thong,dien-dien-tu-vien-thong-vt
9447,kinh-doanh-ban-hang,kinh-doanh-ban-hang-tong-hop
9448,marketing-truyen-thong,marketing-truyen-thong-pr
9449,ke-toan-tai-chinh,ke-toan-tai-chinh-tai-chinh
9450,kinh-doanh-ban-hang,kinh-doanh-ban-hang-tong-hop
9451,cntt,cntt-phat-trien-phan-mem
9452,cntt,cntt-phat-trien-phan-mem
9453,,
9454,,
9455,san-xuat-qa-qc,san-xuat-moi-truong
9456,kinh-doanh-ban-hang,kinh-doanh-ban-hang-tong-hop
9457,kinh-doanh-ban-hang,kinh-doanh-ban-hang-tong-hop
9458,cntt,cntt-phan-cung-mang
9459,nhan-su-hanh-chinh,nhan-su-thu-ky-tro-ly
9460,kinh-doanh-ban-hang,kinh-doanh-ban-hang-tong-hop
9461,dien-dien-tu-vien-thong,dien-dien-tu-dien-lanh
9462,kinh-doanh-ban-hang,kinh-doanh-ban-hang-tong-hop
9463,kinh-doanh-ban-hang,kinh-doanh-ban-hang-tong-hop
9464,dich-vu-khach-hang,dich-vu-khach-hang-cskh
9465,xay-dung,xay-dung-ky-su
9466,san-xuat-qa-qc,san-xuat-qa-qc-qa-qc
9467,marketing-truyen-thong,marketing-truyen-thong-pr
9468,marketing-truyen-thong,marketing-truyen-thong-pr
9469,kinh-doanh-ban-hang,kinh-doanh-ban-hang-tong-hop
9470,cntt,cntt-phan-cung-mang
9471,marketing-truyen-thong,marketing-truyen-thong-pr
9472,giao-duc-dao-tao,giao-duc-giang-day
9473,ke-toan-tai-chinh,ke-toan-tai-chinh-bao-hiem
9474,dich-vu-khach-hang,dich-vu-khach-hang-cskh
9475,cntt,cntt-phat-trien-phan-mem
9476,thiet-ke-kien-truc,thiet-ke-do-hoa
9477,marketing-truyen-thong,marketing-truyen-thong-pr
9478,kinh-doanh-ban-hang,kinh-doanh-ban-hang-tong-hop
9479,cntt,cntt-phat-trien-phan-mem
9480,cntt,cntt-phat-trien-phan-mem
9481,ke-toan-tai-chinh,ke-toan-tai-chinh-bao-hiem
9482,kinh-doanh-ban-hang,kinh-doanh-ban-hang-tong-hop
9483,nhan-su-hanh-chinh,nhan-su-tuyen-dung-cb
9484,dich-vu-khach-hang,dich-vu-khach-hang-cskh
9485,ke-toan-tai-chinh,ke-toan-tai-chinh-kiem-toan
9486,ke-toan-tai-chinh,ke-toan-tai-chinh-kiem-toan
9487,,
9488,,
9489,cntt,cntt-phat-trien-phan-mem
9490,dich-vu-khach-hang,dich-vu-khach-hang-cskh
9491,ke-toan-tai-chinh,ke-toan-tai-chinh-kiem-toan
9492,van-tai-logistics,van-tai-xuat-nhap-khau
9493,nhan-su-hanh-chinh,nhan-su-phap-ly-phap-che
9494,,
9495,kinh-doanh-ban-hang,kinh-doanh-ban-hang-tong-hop
9496,,
9497,cntt,cntt-phat-trien-phan-mem
9498,,
9499,nhan-su-hanh-chinh,nhan-su-tuyen-dung-cb
9500,kinh-doanh-ban-hang,kinh-doanh-ban-hang-tong-hop
9501,kinh-doanh-ban-hang,kinh-doanh-ban-hang-tong-hop
9502,kinh-doanh-ban-hang,kinh-doanh-ban-hang-tong-hop
9503,,
9504,giao-duc-dao-tao,giao-duc-giang-day
9505,marketing-truyen-thong,marketing-truyen-thong-pr
9506,y-te-duoc,y-te-duoc-y-te
9507,marketing-truyen-thong,marketing-truyen-thong-pr
9508,marketing-truyen-thong,marketing-to-chuc-su-kien
9509,,
9510,dien-dien-tu-vien-thong,dien-dien-tu-dien-lanh
9511,marketing-truyen-thong,marketing-to-chuc-su-kien
9512,khach-san-nha-hang-du-lich,khach-san-khach-san
9513,kinh-doanh-ban-hang,kinh-doanh-ban-hang-tong-hop
9514,marketing-truyen-thong,marketing-bien-phien-dich
9515,kinh-doanh-ban-hang,kinh-doanh-ban-hang-tong-hop
9516,khach-san-nha-hang-du-lich,khach-san-khach-san
9517,cntt,cntt-phat-trien-phan-mem
9518,co-khi-che-tao,co-khi-tu-dong-hoa
9519,dich-vu-khach-hang,dich-vu-khach-hang-cskh
9520,y-te-duoc,y-te-duoc-y-te
9521,cntt,cntt-phat-trien-phan-mem
9522,kinh-doanh-ban-hang,kinh-doanh-ban-hang-tong-hop
9523,van-tai-logistics,van-tai-logistics-kho-van
9524,bat-dong-san,bat-dong-san-moi-gioi
9525,,
9526,cntt,cntt-phat-trien-phan-mem
9527,khach-san-nha-hang-du-lich,khach-san-khach-san
9528,cntt,cntt-phat-trien-phan-mem
9529,marketing-truyen-thong,marketing-truyen-thong-pr
9530,cntt,cntt-phat-trien-phan-mem
9531,marketing-truyen-thong,marketing-bao-chi-truyen-hinh
9532,kinh-doanh-ban-hang,kinh-doanh-ban-hang-tong-hop
9533,san-xuat-qa-qc,san-xuat-qa-qc-qa-qc
9534,cntt,cntt-phat-trien-phan-mem
9535,san-xuat-qa-qc,san-xuat-qa-qc-qa-qc
9536,ke-toan-tai-chinh,ke-toan-tai-chinh-ngan-hang
9537,kinh-doanh-ban-hang,kinh-doanh-ban-hang-tong-hop
9538,cntt,cntt-phat-trien-phan-mem
9539,khach-san-nha-hang-du-lich,khach-san-khach-san
9540,ke-toan-tai-chinh,ke-toan-tai-chinh-kiem-toan
9541,kinh-doanh-ban-hang,kinh-doanh-ban-hang-tong-hop
9542,kinh-doanh-ban-hang,kinh-doanh-ban-hang-tong-hop
9543,cntt,cntt-phat-trien-phan-mem
9544,kinh-doanh-ban-hang,kinh-doanh-ban-hang-tong-hop
9545,,
9546,,
9547,dien-dien-tu-vien-thong,dien-dien-tu-dien-lanh
9548,ke-toan-tai-chinh,ke-toan-tai-chinh-tai-chinh
9549,marketing-truyen-thong,marketing-truyen-thong-pr
9550,marketing-truyen-thong,marketing-bao-chi-truyen-hinh
9551,,
9552,,
9553,marketing-truyen-thong,marketing-truyen-thong-pr
9554,kinh-doanh-ban-hang,kinh-doanh-ban-hang-tong-hop
9555,cntt,cntt-phat-trien-phan-mem
9556,kinh-doanh-ban-hang,kinh-doanh-ban-hang-tong-hop
9557,kinh-doanh-ban-hang,kinh-doanh-ban-hang-tong-hop
9558,,
9559,dien-dien-tu-vien-thong,dien-dien-tu-dien-lanh
9560,nhan-su-hanh-chinh,nhan-su-tuyen-dung-cb
9561,ke-toan-tai-chinh,ke-toan-tai-chinh-kiem-toan
9562,kinh-doanh-ban-hang,kinh-doanh-ban-hang-tong-hop
9563,thiet-ke-kien-truc,thiet-ke-noi-that
9564,nhan-su-hanh-chinh,nhan-su-thu-ky-tro-ly
9565,khach-san-nha-hang-du-lich,khach-san-khach-san
9566,nhan-su-hanh-chinh,nhan-su-hanh-chinh-van-phong
9567,nhan-su-hanh-chinh,nhan-su-hanh-chinh-van-phong
9568,ke-toan-tai-chinh,ke-toan-tai-chinh-kiem-toan
9569,,
9570,kinh-doanh-ban-hang,kinh-doanh-ban-hang-tong-hop
9571,ke-toan-tai-chinh,ke-toan-tai-chinh-bao-hiem
9572,co-khi-che-tao,co-khi-tu-dong-hoa
9573,nhan-su-hanh-chinh,nhan-su-thu-ky-tro-ly
9574,giao-duc-dao-tao,giao-duc-giang-day
9575,thiet-ke-kien-truc,thiet-ke-noi-that
9576,ke-toan-tai-chinh,ke-toan-tai-chinh-kiem-toan
9577,cntt,cntt-phat-trien-phan-mem
9578,van-tai-logistics,van-tai-logistics-kho-van
9579,,
9580,ke-toan-tai-chinh,ke-toan-tai-chinh-bao-hiem
9581,nhan-su-hanh-chinh,nhan-su-hanh-chinh-van-phong
9582,kinh-doanh-ban-hang,kinh-doanh-ban-hang-tong-hop
9583,giao-duc-dao-tao,giao-duc-giang-day
9584,san-xuat-qa-qc,san-xuat-thuc-pham
9585,ke-toan-tai-chinh,ke-toan-tai-chinh-kiem-toan
9586,ke-toan-tai-chinh,ke-toan-tai-chinh-ngan-hang
9587,marketing-truyen-thong,marketing-truyen-thong-pr
9588,kinh-doanh-ban-hang,kinh-doanh-ban-hang-tong-hop
9589,marketing-truyen-thong,marketing-truyen-thong-pr
9590,van-tai-logistics,van-tai-xuat-nhap-khau
9591,,
9592,co-khi-che-tao,co-khi-tu-dong-hoa
9593,,
9594,ke-toan-tai-chinh,ke-toan-tai-chinh-kiem-toan
9595,xay-dung,xay-dung-ky-su
9596,san-xuat-qa-qc,san-xuat-thuc-pham
9597,bat-dong-san,bat-dong-san-moi-gioi
9598,marketing-truyen-thong,marketing-truyen-thong-pr
9599,marketing-truyen-thong,marketing-truyen-thong-pr
9600,giao-duc-dao-tao,giao-duc-giang-day
9601,,
9602,dich-vu-khach-hang,dich-vu-khach-hang-cskh
9603,kinh-doanh-ban-hang,kinh-doanh-ban-hang-tong-hop
9604,marketing-truyen-thong,marketing-truyen-thong-pr
9605,dich-vu-khach-hang,dich-vu-khach-hang-cskh
9606,san-xuat-qa-qc,san-xuat-thuc-pham
9607,kinh-doanh-ban-hang,kinh-doanh-ban-hang-tong-hop
9608,,
9609,thiet-ke-kien-truc,thiet-ke-do-hoa
9610,kinh-doanh-ban-hang,kinh-doanh-ban-hang-tong-hop
9611,giao-duc-dao-tao,giao-duc-giang-day
9612,,
9613,,
9614,khach-san-nha-hang-du-lich,khach-san-du-lich-le-hanh
9615,dien-dien-tu-vien-thong,dien-dien-tu-dien-lanh
9616,kinh-doanh-ban-hang,kinh-doanh-ban-hang-tong-hop
9617,kinh-doanh-ban-hang,kinh-doanh-ban-hang-tong-hop
9618,,
9619,kinh-doanh-ban-hang,kinh-doanh-ban-hang-ban-le-si
9620,ke-toan-tai-chinh,ke-toan-tai-chinh-kiem-toan
9621,giao-duc-dao-tao,giao-duc-giang-day
9622,cntt,cntt-phat-trien-phan-mem
9623,ke-toan-tai-chinh,ke-toan-tai-chinh-tai-chinh
9624,san-xuat-qa-qc,san-xuat-nong-nghiep
9625,van-tai-logistics,van-tai-logistics-kho-van
9626,khach-san-nha-hang-du-lich,khach-san-khach-san
9627,kinh-doanh-ban-hang,kinh-doanh-ban-hang-tong-hop
9628,kinh-doanh-ban-hang,kinh-doanh-ban-hang-tong-hop
9629,dien-dien-tu-vien-thong,dien-dien-tu-dien-lanh
9630,cntt,cntt-phat-trien-phan-mem
9631,dien-dien-tu-vien-thong,dien-dien-tu-dien-lanh
9632,nhan-su-hanh-chinh,nhan-su-hanh-chinh-van-phong
9633,kinh-doanh-ban-hang,kinh-doanh-ban-hang-tong-hop
9634,kinh-doanh-ban-hang,kinh-doanh-ban-hang-tong-hop
9635,marketing-truyen-thong,marketing-truyen-thong-pr
9636,bat-dong-san,bat-dong-san-moi-gioi
9637,kinh-doanh-ban-hang,kinh-doanh-ban-hang-ban-le-si
9638,san-xuat-qa-qc,san-xuat-thuc-pham
9639,,
9640,ke-toan-tai-chinh,ke-toan-tai-chinh-kiem-toan
9641,marketing-truyen-thong,marketing-truyen-thong-pr
9642,y-te-duoc,y-te-duoc-y-te
9643,kinh-doanh-ban-hang,kinh-doanh-ban-hang-tong-hop
9644,giao-duc-dao-tao,giao-duc-giang-day
9645,giao-duc-dao-tao,giao-duc-giang-day
9646,ke-toan-tai-chinh,ke-toan-tai-chinh-kiem-toan
9647,ke-toan-tai-chinh,ke-toan-tai-chinh-kiem-toan
9648,kinh-doanh-ban-hang,kinh-doanh-ban-hang-tong-hop
9649,marketing-truyen-thong,marketing-truyen-thong-pr
9650,ke-toan-tai-chinh,ke-toan-tai-chinh-kiem-toan
9651,kinh-doanh-ban-hang,kinh-doanh-ban-hang-tong-hop
9652,san-xuat-qa-qc,san-xuat-quan-ly
9653,co-khi-che-tao,co-khi-tu-dong-hoa
9654,y-te-duoc,y-te-duoc-y-te
9655,,
9656,nhan-su-hanh-chinh,nhan-su-hanh-chinh-van-phong
9657,kinh-doanh-ban-hang,kinh-doanh-ban-hang-tong-hop
9658,kinh-doanh-ban-hang,kinh-doanh-ban-hang-tong-hop
9659,kinh-doanh-ban-hang,kinh-doanh-ban-hang-tong-hop
9660,san-xuat-qa-qc,san-xuat-thuc-pham
9661,van-tai-logistics,van-tai-xuat-nhap-khau
9662,kinh-doanh-ban-hang,kinh-doanh-ban-hang-tong-hop
9663,cntt,cntt-phat-trien-phan-mem
9664,bat-dong-san,bat-dong-san-moi-gioi
9665,san-xuat-qa-qc,san-xuat-moi-truong
9666,cntt,cntt-phat-trien-phan-mem
9667,san-xuat-qa-qc,san-xuat-quan-ly
9668,thiet-ke-kien-truc,thiet-ke-kien-truc-kien-truc
9669,cntt,cntt-phan-cung-mang
9670,xay-dung,xay-dung-ky-su
9671,,
9672,nhan-su-hanh-chinh,nhan-su-tuyen-dung-cb
9673,ke-toan-tai-chinh,ke-toan-tai-chinh-kiem-toan
9674,nhan-su-hanh-chinh,nhan-su-hanh-chinh-van-phong
9675,nhan-su-hanh-chinh,nhan-su-phap-ly-phap-che
9676,marketing-truyen-thong,marketing-bien-phien-dich
9677,co-khi-che-tao,co-khi-tu-dong-hoa
9678,nhan-su-hanh-chinh,nhan-su-hanh-chinh-van-phong
9679,nhan-su-hanh-chinh,nhan-su-tuyen-dung-cb
9680,kinh-doanh-ban-hang,kinh-doanh-ban-hang-tong-hop
9681,san-xuat-qa-qc,san-xuat-det-may
9682,cntt,cntt-phat-trien-phan-mem
9683,cntt,cntt-phat-trien-phan-mem
9684,,
9685,kinh-doanh-ban-hang,kinh-doanh-ban-hang-tong-hop
9686,,
9687,kinh-doanh-ban-hang,kinh-doanh-ban-hang-tong-hop
9688,xay-dung,xay-dung-ky-su
9689,,
9690,san-xuat-qa-qc,san-xuat-qa-qc-qa-qc
9691,marketing-truyen-thong,marketing-truyen-thong-pr
9692,marketing-truyen-thong,marketing-bao-chi-truyen-hinh
9693,ke-toan-tai-chinh,ke-toan-tai-chinh-chung-khoan
9694,dich-vu-khach-hang,dich-vu-khach-hang-cskh
9695,kinh-doanh-ban-hang,kinh-doanh-ban-hang-tong-hop
9696,marketing-truyen-thong,marketing-truyen-thong-pr
9697,,
9698,dien-dien-tu-vien-thong,dien-dien-tu-dien-lanh
9699,kinh-doanh-ban-hang,kinh-doanh-ban-hang-tong-hop
9700,kinh-doanh-ban-hang,kinh-doanh-ban-hang-tong-hop
9701,ke-toan-tai-chinh,ke-toan-tai-chinh-ngan-hang
9702,marketing-truyen-thong,marketing-truyen-thong-pr
9703,dich-vu-khach-hang,dich-vu-khach-hang-cskh
9704,ke-toan-tai-chinh,ke-toan-tai-chinh-kiem-toan
9705,dien-dien-tu-vien-thong,dien-dien-tu-dien-lanh
9706,thiet-ke-kien-truc,thiet-ke-do-hoa
9707,ke-toan-tai-chinh,ke-toan-tai-chinh-bao-hiem
9708,thiet-ke-kien-truc,thiet-ke-do-hoa
9709,xay-dung,xay-dung-ky-su
9710,y-te-duoc,y-te-duoc-y-te
9711,nhan-su-hanh-chinh,nhan-su-thu-ky-tro-ly
9712,ke-toan-tai-chinh,ke-toan-tai-chinh-kiem-toan
9713,,
9714,marketing-truyen-thong,marketing-truyen-thong-pr
9715,nhan-su-hanh-chinh,nhan-su-hanh-chinh-van-phong
9716,giao-duc-dao-tao,giao-duc-giang-day
9717,kinh-doanh-ban-hang,kinh-doanh-ban-hang-tong-hop
9718,san-xuat-qa-qc,san-xuat-quan-ly
9719,khach-san-nha-hang-du-lich,khach-san-khach-san
9720,kinh-doanh-ban-hang,kinh-doanh-ban-hang-tong-hop
9721,ke-toan-tai-chinh,ke-toan-tai-chinh-kiem-toan
9722,cntt,cntt-phat-trien-phan-mem
9723,nhan-su-hanh-chinh,nhan-su-hanh-chinh-van-phong
9724,cntt,cntt-phat-trien-phan-mem
9725,marketing-truyen-thong,marketing-truyen-thong-pr
9726,cntt,cntt-phat-trien-phan-mem
9727,marketing-truyen-thong,marketing-truyen-thong-pr
9728,marketing-truyen-thong,marketing-truyen-thong-pr
9729,khach-san-nha-hang-du-lich,khach-san-khach-san
9730,dich-vu-khach-hang,dich-vu-khach-hang-cskh
9731,san-xuat-qa-qc,san-xuat-qa-qc-qa-qc
9732,marketing-truyen-thong,marketing-truyen-thong-pr
9733,ke-toan-tai-chinh,ke-toan-tai-chinh-kiem-toan
9734,ke-toan-tai-chinh,ke-toan-tai-chinh-chung-khoan
9735,ke-toan-tai-chinh,ke-toan-tai-chinh-ngan-hang
9736,kinh-doanh-ban-hang,kinh-doanh-ban-hang-tong-hop
9737,cntt,cntt-phat-trien-phan-mem
9738,y-te-duoc,y-te-duoc-y-te
9739,kinh-doanh-ban-hang,kinh-doanh-ban-hang-tong-hop
9740,kinh-doanh-ban-hang,kinh-doanh-ban-hang-tong-hop
9741,kinh-doanh-ban-hang,kinh-doanh-ban-hang-tong-hop
9742,cntt,cntt-phat-trien-phan-mem
9743,marketing-truyen-thong,marketing-truyen-thong-pr
9744,giao-duc-dao-tao,giao-duc-giang-day
9745,nhan-su-hanh-chinh,nhan-su-tuyen-dung-cb
9746,kinh-doanh-ban-hang,kinh-doanh-ban-hang-tong-hop
9747,san-xuat-qa-qc,san-xuat-moi-truong
9748,marketing-truyen-thong,marketing-truyen-thong-pr
9749,cntt,cntt-phat-trien-phan-mem
9750,cntt,cntt-phat-trien-phan-mem
9751,khach-san-nha-hang-du-lich,khach-san-khach-san
9752,kinh-doanh-ban-hang,kinh-doanh-ban-hang-tong-hop
9753,ke-toan-tai-chinh,ke-toan-tai-chinh-kiem-toan
9754,kinh-doanh-ban-hang,kinh-doanh-ban-hang-tong-hop
9755,cntt,cntt-phat-trien-phan-mem
9756,giao-duc-dao-tao,giao-duc-giang-day
9757,kinh-doanh-ban-hang,kinh-doanh-ban-hang-tong-hop
9758,,
9759,bat-dong-san,bat-dong-san-moi-gioi
9760,,
9761,nhan-su-hanh-chinh,nhan-su-hanh-chinh-van-phong
9762,kinh-doanh-ban-hang,kinh-doanh-ban-hang-tong-hop
9763,marketing-truyen-thong,marketing-to-chuc-su-kien
9764,kinh-doanh-ban-hang,kinh-doanh-ban-hang-tong-hop
9765,marketing-truyen-thong,marketing-bien-phien-dich
9766,kinh-doanh-ban-hang,kinh-doanh-ban-hang-tong-hop
9767,nhan-su-hanh-chinh,nhan-su-thu-ky-tro-ly
9768,xay-dung,xay-dung-ky-su
9769,san-xuat-qa-qc,san-xuat-thuc-pham
9770,nhan-su-hanh-chinh,nhan-su-tuyen-dung-cb
9771,cntt,cntt-phat-trien-phan-mem
9772,ke-toan-tai-chinh,ke-toan-tai-chinh-ngan-hang
9773,kinh-doanh-ban-hang,kinh-doanh-ban-hang-tong-hop
9774,thiet-ke-kien-truc,thiet-ke-do-hoa
9775,kinh-doanh-ban-hang,kinh-doanh-ban-hang-tong-hop
9776,,
9777,kinh-doanh-ban-hang,kinh-doanh-ban-hang-tong-hop
9778,ke-toan-tai-chinh,ke-toan-tai-chinh-kiem-toan
9779,nhan-su-hanh-chinh,nhan-su-phap-ly-phap-che
9780,nhan-su-hanh-chinh,nhan-su-hanh-chinh-van-phong
9781,,
9782,,
9783,ke-toan-tai-chinh,ke-toan-tai-chinh-kiem-toan
9784,bat-dong-san,bat-dong-san-moi-gioi
9785,ke-toan-tai-chinh,ke-toan-tai-chinh-ngan-hang
9786,ke-toan-tai-chinh,ke-toan-tai-chinh-ngan-hang
9787,ke-toan-tai-chinh,ke-toan-tai-chinh-kiem-toan
9788,cntt,cntt-phat-trien-phan-mem
9789,nhan-su-hanh-chinh,nhan-su-tuyen-dung-cb
9790,marketing-truyen-thong,marketing-bien-phien-dich
9791,ke-toan-tai-chinh,ke-toan-tai-chinh-ngan-hang
9792,cntt,cntt-phat-trien-phan-mem
9793,ke-toan-tai-chinh,ke-toan-tai-chinh-kiem-toan
9794,marketing-truyen-thong,marketing-truyen-thong-pr
9795,dien-dien-tu-vien-thong,dien-dien-tu-dien-lanh
9796,kinh-doanh-ban-hang,kinh-doanh-ban-hang-tong-hop
9797,marketing-truyen-thong,marketing-to-chuc-su-kien
9798,ke-toan-tai-chinh,ke-toan-tai-chinh-bao-hiem
9799,,
9800,marketing-truyen-thong,marketing-truyen-thong-pr
9801,co-khi-che-tao,co-khi-tu-dong-hoa
9802,marketing-truyen-thong,marketing-bien-phien-dich
9803,marketing-truyen-thong,marketing-truyen-thong-pr
9804,cntt,cntt-phat-trien-phan-mem
9805,ke-toan-tai-chinh,ke-toan-tai-chinh-bao-hiem
9806,san-xuat-qa-qc,san-xuat-nong-nghiep
9807,kinh-doanh-ban-hang,kinh-doanh-ban-hang-tong-hop
9808,marketing-truyen-thong,marketing-truyen-thong-pr
9809,san-xuat-qa-qc,san-xuat-qa-qc-qa-qc
9810,kinh-doanh-ban-hang,kinh-doanh-ban-hang-tong-hop
9811,xay-dung,xay-dung-ky-su
9812,kinh-doanh-ban-hang,kinh-doanh-ban-hang-tong-hop
9813,xay-dung,xay-dung-ky-su
9814,,
9815,giao-duc-dao-tao,giao-duc-giang-day
9816,ke-toan-tai-chinh,ke-toan-tai-chinh-kiem-toan
9817,thiet-ke-kien-truc,thiet-ke-do-hoa
9818,,
9819,marketing-truyen-thong,marketing-truyen-thong-pr
9820,marketing-truyen-thong,marketing-truyen-thong-pr
9821,khach-san-nha-hang-du-lich,khach-san-khach-san
9822,van-tai-logistics,van-tai-logistics-kho-van
9823,kinh-doanh-ban-hang,kinh-doanh-ban-hang-tong-hop
9824,cntt,cntt-phat-trien-phan-mem
9825,dich-vu-khach-hang,dich-vu-khach-hang-cskh
9826,khach-san-nha-hang-du-lich,khach-san-du-lich-le-hanh
9827,bat-dong-san,bat-dong-san-moi-gioi
9828,kinh-doanh-ban-hang,kinh-doanh-ban-hang-tong-hop
9829,dich-vu-khach-hang,dich-vu-khach-hang-cskh
9830,cntt,cntt-phat-trien-phan-mem
9831,ke-toan-tai-chinh,ke-toan-tai-chinh-bao-hiem
9832,kinh-doanh-ban-hang,kinh-doanh-ban-hang-tong-hop
9833,ke-toan-tai-chinh,ke-toan-tai-chinh-ngan-hang
9834,van-tai-logistics,van-tai-xuat-nhap-khau
9835,kinh-doanh-ban-hang,kinh-doanh-ban-hang-tong-hop
9836,cntt,cntt-phat-trien-phan-mem
9837,y-te-duoc,y-te-duoc-y-te
9838,van-tai-logistics,van-tai-xuat-nhap-khau
9839,cntt,cntt-phat-trien-phan-mem
9840,san-xuat-qa-qc,san-xuat-det-may
9841,san-xuat-qa-qc,san-xuat-quan-ly
9842,bat-dong-san,bat-dong-san-moi-gioi
9843,dien-dien-tu-vien-thong,dien-dien-tu-dien-lanh
9844,kinh-doanh-ban-hang,kinh-doanh-ban-hang-tong-hop
9845,cntt,cntt-phat-trien-phan-mem
9846,kinh-doanh-ban-hang,kinh-doanh-ban-hang-tong-hop
9847,kinh-doanh-ban-hang,kinh-doanh-ban-hang-tong-hop
9848,khach-san-nha-hang-du-lich,khach-san-du-lich-le-hanh
9849,giao-duc-dao-tao,giao-duc-giang-day
9850,marketing-truyen-thong,marketing-bao-chi-truyen-hinh
9851,marketing-truyen-thong,marketing-bien-phien-dich
9852,,
9853,thiet-ke-kien-truc,thiet-ke-do-hoa
9854,kinh-doanh-ban-hang,kinh-doanh-ban-hang-tong-hop
9855,ke-toan-tai-chinh,ke-toan-tai-chinh-tai-chinh
9856,kinh-doanh-ban-hang,kinh-doanh-ban-hang-ban-le-si
9857,co-khi-che-tao,co-khi-tu-dong-hoa
9858,,
9859,nhan-su-hanh-chinh,nhan-su-thu-ky-tro-ly
9860,dien-dien-tu-vien-thong,dien-dien-tu-dien-lanh
9861,cntt,cntt-phat-trien-phan-mem
9862,ke-toan-tai-chinh,ke-toan-tai-chinh-kiem-toan
9863,,
9864,kinh-doanh-ban-hang,kinh-doanh-ban-hang-tong-hop
9865,dich-vu-khach-hang,dich-vu-khach-hang-cskh
9866,cntt,cntt-phat-trien-phan-mem
9867,kinh-doanh-ban-hang,kinh-doanh-ban-hang-tong-hop
9868,,
9869,,
9870,kinh-doanh-ban-hang,kinh-doanh-ban-hang-tong-hop
9871,kinh-doanh-ban-hang,kinh-doanh-ban-hang-tong-hop
9872,kinh-doanh-ban-hang,kinh-doanh-ban-hang-tong-hop
9873,cntt,cntt-phat-trien-phan-mem
9874,co-khi-che-tao,co-khi-tu-dong-hoa
9875,khach-san-nha-hang-du-lich,khach-san-khach-san
9876,cntt,cntt-phat-trien-phan-mem
9877,nhan-su-hanh-chinh,nhan-su-phap-ly-phap-che
9878,ke-toan-tai-chinh,ke-toan-tai-chinh-kiem-toan
9879,kinh-doanh-ban-hang,kinh-doanh-ban-hang-tong-hop
9880,nhan-su-hanh-chinh,nhan-su-hanh-chinh-van-phong
9881,ke-toan-tai-chinh,ke-toan-tai-chinh-ngan-hang
9882,marketing-truyen-thong,marketing-truyen-thong-pr
9883,san-xuat-qa-qc,san-xuat-det-may
9884,kinh-doanh-ban-hang,kinh-doanh-ban-hang-tong-hop
9885,kinh-doanh-ban-hang,kinh-doanh-ban-hang-tong-hop
9886,nhan-su-hanh-chinh,nhan-su-tuyen-dung-cb
9887,y-te-duoc,y-te-duoc-y-te
9888,dich-vu-khach-hang,dich-vu-khach-hang-cskh
9889,cntt,cntt-phat-trien-phan-mem
9890,bat-dong-san,bat-dong-san-moi-gioi
9891,bat-dong-san,bat-dong-san-moi-gioi
9892,thiet-ke-kien-truc,thiet-ke-kien-truc-kien-truc
9893,marketing-truyen-thong,marketing-bao-chi-truyen-hinh
9894,san-xuat-qa-qc,san-xuat-nong-nghiep
9895,marketing-truyen-thong,marketing-truyen-thong-pr
9896,marketing-truyen-thong,marketing-truyen-thong-pr
9897,ke-toan-tai-chinh,ke-toan-tai-chinh-bao-hiem
9898,cntt,cntt-phat-trien-phan-mem
9899,nhan-su-hanh-chinh,nhan-su-hanh-chinh-van-phong
9900,marketing-truyen-thong,marketing-bien-phien-dich
9901,dien-dien-tu-vien-thong,dien-dien-tu-dien-lanh
9902,co-khi-che-tao,co-khi-tu-dong-hoa
9903,xay-dung,xay-dung-ky-su
9904,kinh-doanh-ban-hang,kinh-doanh-ban-hang-tong-hop
9905,kinh-doanh-ban-hang,kinh-doanh-ban-hang-tong-hop
9906,cntt,cntt-phat-trien-phan-mem
9907,bat-dong-san,bat-dong-san-moi-gioi
9908,marketing-truyen-thong,marketing-truyen-thong-pr
9909,giao-duc-dao-tao,giao-duc-giang-day
9910,ke-toan-tai-chinh,ke-toan-tai-chinh-kiem-toan
9911,,
9912,cntt,cntt-phat-trien-phan-mem
9913,cntt,cntt-phat-trien-phan-mem
9914,dien-dien-tu-vien-thong,dien-dien-tu-dien-lanh
9915,ke-toan-tai-chinh,ke-toan-tai-chinh-kiem-toan
9916,bat-dong-san,bat-dong-san-moi-gioi
9917,marketing-truyen-thong,marketing-truyen-thong-pr
9918,kinh-doanh-ban-hang,kinh-doanh-ban-hang-tong-hop
9919,marketing-truyen-thong,marketing-truyen-thong-pr
9920,cntt,cntt-phat-trien-phan-mem
9921,kinh-doanh-ban-hang,kinh-doanh-ban-hang-tong-hop
9922,bat-dong-san,bat-dong-san-moi-gioi
9923,dich-vu-khach-hang,dich-vu-khach-hang-cskh
9924,kinh-doanh-ban-hang,kinh-doanh-ban-hang-tong-hop
9925,nhan-su-hanh-chinh,nhan-su-hanh-chinh-van-phong
9926,kinh-doanh-ban-hang,kinh-doanh-ban-hang-ban-hang
9927,nhan-su-hanh-chinh,nhan-su-hanh-chinh-van-phong
9928,,
9929,,
9930,,
9931,thiet-ke-kien-truc,thiet-ke-kien-truc-kien-truc
9931,,
9931,,
9932,dich-vu-khach-hang,dich-vu-khach-hang-cskh
9933,kinh-doanh-ban-hang,kinh-doanh-ban-hang-tong-hop
9934,giao-duc-dao-tao,giao-duc-giang-day
9935,,
9936,ke-toan-tai-chinh,ke-toan-tai-chinh-ke-toan
9937,cntt,cntt-phat-trien-phan-mem
9938,san-xuat-qa-qc,san-xuat-thuc-pham
9939,ke-toan-tai-chinh,ke-toan-tai-chinh-ke-toan
9940,kinh-doanh-ban-hang,kinh-doanh-ban-hang-tong-hop
9941,ke-toan-tai-chinh,ke-toan-tai-chinh-ke-toan
9942,,
9943,kinh-doanh-ban-hang,kinh-doanh-ban-hang-sale
9944,lao-dong-pho-thong,lao-dong-pho-thong-lai-xe
9945,dich-vu-khach-hang,dich-vu-khach-hang-cskh
9946,san-xuat-qa-qc,san-xuat-moi-truong
9947,khach-san-nha-hang-du-lich,khach-san-khach-san
9948,nhan-su-hanh-chinh,nhan-su-tuyen-dung-cb
9949,marketing-truyen-thong,marketing-tong-hop
9949,san-xuat-qa-qc,san-xuat-my-pham
9949,marketing-truyen-thong,marketing-truyen-thong-pr
9950,kinh-doanh-ban-hang,kinh-doanh-ban-hang-ban-hang
9951,dich-vu-khach-hang,dich-vu-khach-hang-cskh
9952,,
9953,lao-dong-pho-thong,lao-dong-pho-thong-cong-nhan
9954,,
9954,,
9954,,
9955,ke-toan-tai-chinh,ke-toan-tai-chinh-ke-toan
9956,cntt,cntt-phan-cung-mang
9957,ke-toan-tai-chinh,ke-toan-tai-chinh-ke-toan
9958,,
9959,bat-dong-san,bat-dong-san-moi-gioi
9960,bat-dong-san,bat-dong-san-moi-gioi
9961,dich-vu-khach-hang,dich-vu-khach-hang-cskh
9962,kinh-doanh-ban-hang,kinh-doanh-ban-hang-tong-hop
9963,,
9964,kinh-doanh-ban-hang,kinh-doanh-ban-hang-tong-hop
9965,kinh-doanh-ban-hang,kinh-doanh-ban-hang-tong-hop
9966,kinh-doanh-ban-hang,kinh-doanh-ban-hang-ban-hang
9967,kinh-doanh-ban-hang,kinh-doanh-ban-hang-ban-hang
9968,,
9968,van-tai-logistics,van-tai-giao-nhan
9968,,
9969,nhan-su-hanh-chinh,nhan-su-hanh-chinh-van-phong
9970,marketing-truyen-thong,marketing-bao-chi-truyen-hinh
9971,kinh-doanh-ban-hang,kinh-doanh-ban-hang-tong-hop
9972,ke-toan-tai-chinh,ke-toan-tai-chinh-ke-toan
9973,nhan-su-hanh-chinh,nhan-su-hanh-chinh-van-phong
9974,dich-vu-khach-hang,dich-vu-khach-hang-cskh
9975,dich-vu-khach-hang,dich-vu-khach-hang-cskh
9976,kinh-doanh-ban-hang,kinh-doanh-ban-hang-ban-hang
9977,kinh-doanh-ban-hang,kinh-doanh-ban-hang-tong-hop
9978,cntt,cntt-phat-trien-phan-mem
9979,kinh-doanh-ban-hang,kinh-doanh-ban-hang-ban-hang
9980,khach-san-nha-hang-du-lich,khach-san-spa-lam-dep
9981,kinh-doanh-ban-hang,kinh-doanh-ban-hang-thu-ngan
9982,ke-toan-tai-chinh,ke-toan-tai-chinh-ke-toan
9983,kinh-doanh-ban-hang,kinh-doanh-ban-hang-tong-hop
9984,,
9985,lao-dong-pho-thong,lao-dong-pho-thong-lai-xe
9986,lao-dong-pho-thong,lao-dong-pho-thong-cong-nhan
9987,,
9988,lao-dong-pho-thong,lao-dong-pho-thong-lai-xe
9989,dich-vu-khach-hang,dich-vu-khach-hang-cskh
9990,kinh-doanh-ban-hang,kinh-doanh-ban-hang-tong-hop
9990,kinh-doanh-ban-hang,kinh-doanh-ban-hang-tong-hop
9990,ke-toan-tai-chinh,ke-toan-tai-chinh-tai-chinh
9991,lao-dong-pho-thong,lao-dong-pho-thong-lai-xe
9992,nhan-su-hanh-chinh,nhan-su-hanh-chinh-van-phong
9993,marketing-truyen-thong,marketing-tong-hop
9994,kinh-doanh-ban-hang,kinh-doanh-ban-hang-tong-hop
9995,kinh-doanh-ban-hang,kinh-doanh-ban-hang-tong-hop
9996,kinh-doanh-ban-hang,kinh-doanh-ban-hang-sale
9997,,
9998,kinh-doanh-ban-hang,kinh-doanh-ban-hang-tong-hop
9999,lao-dong-pho-thong,lao-dong-pho-thong-tap-vu
10000,nhan-su-hanh-chinh,nhan-su-hanh-chinh-van-phong
10001,lao-dong-pho-thong,lao-dong-pho-thong-lai-xe
10002,ke-toan-tai-chinh,ke-toan-tai-chinh-tai-chinh
10003,dich-vu-khach-hang,dich-vu-khach-hang-cskh
10004,co-khi-che-tao,co-khi-che-tao-co-khi
10005,kinh-doanh-ban-hang,kinh-doanh-ban-hang-ban-hang
10005,kinh-doanh-ban-hang,kinh-doanh-ban-hang-ban-hang
10006,,
10007,kinh-doanh-ban-hang,kinh-doanh-ban-hang-sale
10008,lao-dong-pho-thong,lao-dong-pho-thong-lai-xe
10009,,
10010,nhan-su-hanh-chinh,nhan-su-tuyen-dung-cb
10011,cntt,cntt-phat-trien-phan-mem
10012,lao-dong-pho-thong,lao-dong-pho-thong-cong-nhan
10013,,
10014,khach-san-nha-hang-du-lich,khach-san-nha-hang-fb
10015,,
10016,,
10017,bat-dong-san,bat-dong-san-moi-gioi
10017,kinh-doanh-ban-hang,kinh-doanh-ban-hang-tong-hop
10017,,
10018,lao-dong-pho-thong,lao-dong-pho-thong-tap-vu
10018,lao-dong-pho-thong,lao-dong-pho-thong-tap-vu
10018,lao-dong-pho-thong,lao-dong-pho-thong-tap-vu
10019,kinh-doanh-ban-hang,kinh-doanh-ban-hang-tong-hop
10020,bat-dong-san,bat-dong-san-moi-gioi
10021,kinh-doanh-ban-hang,kinh-doanh-ban-hang-tong-hop
10021,,
10021,kinh-doanh-ban-hang,kinh-doanh-ban-hang-ban-hang
10022,van-tai-logistics,van-tai-xuat-nhap-khau
10023,kinh-doanh-ban-hang,kinh-doanh-ban-hang-tong-hop
10024,san-xuat-qa-qc,san-xuat-nong-nghiep
10025,lao-dong-pho-thong,lao-dong-pho-thong-lai-xe
10026,marketing-truyen-thong,marketing-bien-phien-dich
10027,bat-dong-san,bat-dong-san-moi-gioi
10028,kinh-doanh-ban-hang,kinh-doanh-ban-hang-tong-hop
10029,bat-dong-san,bat-dong-san-moi-gioi
10029,kinh-doanh-ban-hang,kinh-doanh-ban-hang-tong-hop
10029,,
10030,bat-dong-san,bat-dong-san-moi-gioi
10031,,
10032,,
10033,co-khi-che-tao,co-khi-o-to
10034,bat-dong-san,bat-dong-san-moi-gioi
10035,kinh-doanh-ban-hang,kinh-doanh-ban-hang-tong-hop
10036,ke-toan-tai-chinh,ke-toan-tai-chinh-tai-chinh
10037,,
10038,lao-dong-pho-thong,lao-dong-pho-thong-cong-nhan
10038,lao-dong-pho-thong,lao-dong-pho-thong-cong-nhan
10038,,
10039,,
10039,kinh-doanh-ban-hang,kinh-doanh-ban-hang-ban-hang
10039,nhan-su-hanh-chinh,nhan-su-hanh-chinh-van-phong
10040,,
10041,dich-vu-khach-hang,dich-vu-khach-hang-cskh
10042,kinh-doanh-ban-hang,kinh-doanh-ban-hang-tong-hop
10043,kinh-doanh-ban-hang,kinh-doanh-ban-hang-tong-hop
10044,dich-vu-khach-hang,dich-vu-khach-hang-cskh
10045,cntt,cntt-phat-trien-phan-mem
10046,,
10047,,
10048,marketing-truyen-thong,marketing-tong-hop
10049,cntt,cntt-phat-trien-phan-mem
10050,san-xuat-qa-qc,san-xuat-thuc-pham
10050,kinh-doanh-ban-hang,kinh-doanh-ban-hang-tong-hop
10050,san-xuat-qa-qc,san-xuat-thuc-pham
10051,kinh-doanh-ban-hang,kinh-doanh-ban-hang-tong-hop
10052,,
10053,nhan-su-hanh-chinh,nhan-su-tuyen-dung-cb
10054,kinh-doanh-ban-hang,kinh-doanh-ban-hang-sale
10055,co-khi-che-tao,co-khi-che-tao-co-khi
10056,kinh-doanh-ban-hang,kinh-doanh-ban-hang-ban-hang
10057,bat-dong-san,bat-dong-san-moi-gioi
10058,dich-vu-khach-hang,dich-vu-khach-hang-cskh
10059,ke-toan-tai-chinh,ke-toan-tai-chinh-ke-toan
10060,kinh-doanh-ban-hang,kinh-doanh-ban-hang-tong-hop
10061,,
10062,nhan-su-hanh-chinh,nhan-su-hanh-chinh-van-phong
10063,kinh-doanh-ban-hang,kinh-doanh-ban-hang-sale
10064,kinh-doanh-ban-hang,kinh-doanh-ban-hang-tong-hop
10065,dich-vu-khach-hang,dich-vu-khach-hang-cskh
10066,ke-toan-tai-chinh,ke-toan-tai-chinh-tai-chinh
10067,ke-toan-tai-chinh,ke-toan-tai-chinh-ke-toan
10068,nhan-su-hanh-chinh,nhan-su-tuyen-dung-cb
10069,lao-dong-pho-thong,lao-dong-pho-thong-lai-xe
10070,kinh-doanh-ban-hang,kinh-doanh-ban-hang-ban-hang
10071,lao-dong-pho-thong,lao-dong-pho-thong-cong-nhan
10071,,
10072,kinh-doanh-ban-hang,kinh-doanh-ban-hang-tong-hop
10073,,
10074,,
10075,,
10076,kinh-doanh-ban-hang,kinh-doanh-ban-hang-ban-hang
10077,,
10078,,
10079,san-xuat-qa-qc,san-xuat-quan-ly
10080,khach-san-nha-hang-du-lich,khach-san-nha-hang-fb
10081,dich-vu-khach-hang,dich-vu-khach-hang-cskh
10082,lao-dong-pho-thong,lao-dong-pho-thong-cong-nhan
10083,dich-vu-khach-hang,dich-vu-khach-hang-cskh
10084,san-xuat-qa-qc,san-xuat-thuc-pham
10085,,
10086,,
10087,,
10088,kinh-doanh-ban-hang,kinh-doanh-ban-hang-ban-hang
10089,lao-dong-pho-thong,lao-dong-pho-thong-bao-ve
10090,nhan-su-hanh-chinh,nhan-su-hanh-chinh-van-phong
10091,,
10092,nhan-su-hanh-chinh,nhan-su-hanh-chinh-van-phong
10093,ke-toan-tai-chinh,ke-toan-tai-chinh-kiem-toan
10094,kinh-doanh-ban-hang,kinh-doanh-ban-hang-tong-hop
10095,nhan-su-hanh-chinh,nhan-su-hanh-chinh-van-phong
10096,cntt,cntt-phan-cung-mang
10097,dich-vu-khach-hang,dich-vu-khach-hang-cskh
10098,dich-vu-khach-hang,dich-vu-khach-hang-cskh
10099,lao-dong-pho-thong,lao-dong-pho-thong-lai-xe
10100,,
10101,kinh-doanh-ban-hang,kinh-doanh-ban-hang-tong-hop
10102,xay-dung,xay-dung-ky-su
10103,,
10104,lao-dong-pho-thong,lao-dong-pho-thong-lai-xe
10105,,
10106,ke-toan-tai-chinh,ke-toan-tai-chinh-bao-hiem
10107,nhan-su-hanh-chinh,nhan-su-hanh-chinh-van-phong
10108,kinh-doanh-ban-hang,kinh-doanh-ban-hang-tong-hop
10109,lao-dong-pho-thong,lao-dong-pho-thong-lai-xe
10110,kinh-doanh-ban-hang,kinh-doanh-ban-hang-tong-hop
10110,khach-san-nha-hang-du-lich,khach-san-spa-lam-dep
10110,kinh-doanh-ban-hang,kinh-doanh-ban-hang-ban-hang
10111,,
10112,co-khi-che-tao,co-khi-che-tao-co-khi
10113,,
10114,kinh-doanh-ban-hang,kinh-doanh-ban-hang-tong-hop
10115,kinh-doanh-ban-hang,kinh-doanh-ban-hang-ban-hang
10116,dich-vu-khach-hang,dich-vu-khach-hang-cskh
10116,y-te-duoc,y-te-duoc-y-te
10117,ke-toan-tai-chinh,ke-toan-tai-chinh-kiem-toan
10117,nhan-su-hanh-chinh,nhan-su-phap-ly-phap-che
10117,ke-toan-tai-chinh,ke-toan-tai-chinh-chung-khoan
10118,,
10119,kinh-doanh-ban-hang,kinh-doanh-ban-hang-ban-hang
10120,khach-san-nha-hang-du-lich,khach-san-nha-hang-fb
10121,kinh-doanh-ban-hang,kinh-doanh-ban-hang-tong-hop
10122,ke-toan-tai-chinh,ke-toan-tai-chinh-ngan-hang
10123,,
10124,,
10125,kinh-doanh-ban-hang,kinh-doanh-ban-hang-tong-hop
10126,,
10127,bat-dong-san,bat-dong-san-moi-gioi
10128,khach-san-nha-hang-du-lich,khach-san-du-lich-le-hanh
10128,,
10129,kinh-doanh-ban-hang,kinh-doanh-ban-hang-tong-hop
10130,,
10131,kinh-doanh-ban-hang,kinh-doanh-ban-hang-tong-hop
10132,lao-dong-pho-thong,lao-dong-pho-thong-cong-nhan
10133,ke-toan-tai-chinh,ke-toan-tai-chinh-ke-toan
10134,bat-dong-san,bat-dong-san-moi-gioi
10135,,
10136,bat-dong-san,bat-dong-san-moi-gioi
10137,kinh-doanh-ban-hang,kinh-doanh-ban-hang-sale
10138,cntt,cntt-phat-trien-phan-mem
10139,nhan-su-hanh-chinh,nhan-su-tuyen-dung-cb
10140,cntt,cntt-phat-trien-phan-mem
10141,lao-dong-pho-thong,lao-dong-pho-thong-cong-nhan
10142,bat-dong-san,bat-dong-san-moi-gioi
10143,,
10144,dich-vu-khach-hang,dich-vu-khach-hang-cskh
10145,dich-vu-khach-hang,dich-vu-khach-hang-cskh
10146,ke-toan-tai-chinh,ke-toan-tai-chinh-bao-hiem
10147,dich-vu-khach-hang,dich-vu-khach-hang-cskh
10148,nhan-su-hanh-chinh,nhan-su-hanh-chinh-van-phong
10149,khach-san-nha-hang-du-lich,khach-san-khach-san
10149,marketing-truyen-thong,marketing-tong-hop
10150,thiet-ke-kien-truc,thiet-ke-do-hoa
10151,dich-vu-khach-hang,dich-vu-khach-hang-cskh
10152,,
10153,,
10154,nhan-su-hanh-chinh,nhan-su-hanh-chinh-van-phong
10155,,
10156,bat-dong-san,bat-dong-san-moi-gioi
10157,bat-dong-san,bat-dong-san-moi-gioi
10158,xay-dung,xay-dung-ky-su
10159,lao-dong-pho-thong,lao-dong-pho-thong-lai-xe
10160,marketing-truyen-thong,marketing-bien-phien-dich
10161,,
10161,dich-vu-khach-hang,dich-vu-khach-hang-cskh
10161,ke-toan-tai-chinh,ke-toan-tai-chinh-tai-chinh
10162,cntt,cntt-phat-trien-phan-mem
10163,dich-vu-khach-hang,dich-vu-khach-hang-cskh
10164,xay-dung,xay-dung-ky-su
10165,dich-vu-khach-hang,dich-vu-khach-hang-cskh
10166,kinh-doanh-ban-hang,kinh-doanh-ban-hang-ban-hang
10167,thiet-ke-kien-truc,thiet-ke-my-thuat
10167,,
10168,dich-vu-khach-hang,dich-vu-khach-hang-cskh
10169,,
10170,kinh-doanh-ban-hang,kinh-doanh-ban-hang-ban-hang
10170,,
10170,dich-vu-khach-hang,dich-vu-khach-hang-cskh
10171,kinh-doanh-ban-hang,kinh-doanh-ban-hang-tong-hop
10172,,
10173,kinh-doanh-ban-hang,kinh-doanh-ban-hang-tong-hop
10174,dich-vu-khach-hang,dich-vu-khach-hang-cskh
10174,,
10174,dich-vu-khach-hang,dich-vu-khach-hang-cskh
10175,dich-vu-khach-hang,dich-vu-khach-hang-cskh
10176,bat-dong-san,bat-dong-san-moi-gioi
10177,dich-vu-khach-hang,dich-vu-khach-hang-cskh
10178,,
10179,kinh-doanh-ban-hang,kinh-doanh-ban-hang-tong-hop
10180,xay-dung,xay-dung-ky-su
10180,,
10181,ke-toan-tai-chinh,ke-toan-tai-chinh-bao-hiem
10181,ke-toan-tai-chinh,ke-toan-tai-chinh-bao-hiem
10181,kinh-doanh-ban-hang,kinh-doanh-ban-hang-tong-hop
10182,lao-dong-pho-thong,lao-dong-pho-thong-lai-xe
10183,lao-dong-pho-thong,lao-dong-pho-thong-cong-nhan
10184,dich-vu-khach-hang,dich-vu-khach-hang-cskh
10185,giao-duc-dao-tao,giao-duc-giang-day
10186,lao-dong-pho-thong,lao-dong-pho-thong-tap-vu
10187,bat-dong-san,bat-dong-san-moi-gioi
10188,,
10189,marketing-truyen-thong,marketing-tong-hop
10190,bat-dong-san,bat-dong-san-moi-gioi
10191,ke-toan-tai-chinh,ke-toan-tai-chinh-bao-hiem
10191,ke-toan-tai-chinh,ke-toan-tai-chinh-tai-chinh
10191,,
10192,y-te-duoc,y-te-duoc-y-te
10193,nhan-su-hanh-chinh,nhan-su-hanh-chinh-van-phong
10194,nhan-su-hanh-chinh,nhan-su-hanh-chinh-van-phong
10195,bat-dong-san,bat-dong-san-moi-gioi
10196,,
10197,,
10198,marketing-truyen-thong,marketing-tong-hop
10199,kinh-doanh-ban-hang,kinh-doanh-ban-hang-tong-hop
10200,lao-dong-pho-thong,lao-dong-pho-thong-lai-xe
10201,y-te-duoc,y-te-duoc-y-te
10202,ke-toan-tai-chinh,ke-toan-tai-chinh-tai-chinh
10203,y-te-duoc,y-te-duoc-y-te
10204,kinh-doanh-ban-hang,kinh-doanh-ban-hang-tong-hop
10205,nhan-su-hanh-chinh,nhan-su-hanh-chinh-van-phong
10206,cntt,cntt-phat-trien-phan-mem
10207,nhan-su-hanh-chinh,nhan-su-hanh-chinh-van-phong
10208,lao-dong-pho-thong,lao-dong-pho-thong-lai-xe
10209,,
10210,,
10211,lao-dong-pho-thong,lao-dong-pho-thong-lai-xe
10212,kinh-doanh-ban-hang,kinh-doanh-ban-hang-ban-hang
10213,kinh-doanh-ban-hang,kinh-doanh-ban-hang-ban-hang
10214,,
10215,,
10215,,
10215,,
10216,,
10216,,
10217,nhan-su-hanh-chinh,nhan-su-thu-ky-tro-ly
10218,kinh-doanh-ban-hang,kinh-doanh-ban-hang-thu-ngan
10219,dich-vu-khach-hang,dich-vu-khach-hang-cskh
10219,,
10219,,
10220,bat-dong-san,bat-dong-san-moi-gioi
10221,nhan-su-hanh-chinh,nhan-su-hanh-chinh-van-phong
10222,,
10223,nhan-su-hanh-chinh,nhan-su-hanh-chinh-van-phong
10224,nhan-su-hanh-chinh,nhan-su-hanh-chinh-van-phong
10225,kinh-doanh-ban-hang,kinh-doanh-ban-hang-ban-hang
10226,kinh-doanh-ban-hang,kinh-doanh-ban-hang-ban-hang
10227,,
10228,kinh-doanh-ban-hang,kinh-doanh-ban-hang-tong-hop
10229,,
10230,ke-toan-tai-chinh,ke-toan-tai-chinh-ke-toan
10231,,
10232,nhan-su-hanh-chinh,nhan-su-hanh-chinh-van-phong
10233,xay-dung,xay-dung-ky-su
10234,ke-toan-tai-chinh,ke-toan-tai-chinh-ke-toan
10235,lao-dong-pho-thong,lao-dong-pho-thong-tap-vu
10236,ke-toan-tai-chinh,ke-toan-tai-chinh-kiem-toan
10237,kinh-doanh-ban-hang,kinh-doanh-ban-hang-tong-hop
10238,,
10239,,
10240,kinh-doanh-ban-hang,kinh-doanh-ban-hang-ban-hang
10241,,
10241,kinh-doanh-ban-hang,kinh-doanh-ban-hang-tong-hop
10242,san-xuat-qa-qc,san-xuat-thuc-pham
10243,thiet-ke-kien-truc,thiet-ke-do-hoa
10244,dich-vu-khach-hang,dich-vu-khach-hang-cskh
10245,van-tai-logistics,van-tai-giao-nhan
10246,nhan-su-hanh-chinh,nhan-su-hanh-chinh-van-phong
10247,dich-vu-khach-hang,dich-vu-khach-hang-cskh
10248,khach-san-nha-hang-du-lich,khach-san-khach-san
10249,,
10250,giao-duc-dao-tao,giao-duc-giang-day
10251,marketing-truyen-thong,marketing-tong-hop
10252,ke-toan-tai-chinh,ke-toan-tai-chinh-ke-toan
10253,bat-dong-san,bat-dong-san-moi-gioi
10254,kinh-doanh-ban-hang,kinh-doanh-ban-hang-tong-hop
10255,san-xuat-qa-qc,san-xuat-qa-qc-qa-qc
10256,kinh-doanh-ban-hang,kinh-doanh-ban-hang-tong-hop
10257,lao-dong-pho-thong,lao-dong-pho-thong-bao-ve
10258,nhan-su-hanh-chinh,nhan-su-hanh-chinh-van-phong
10259,nhan-su-hanh-chinh,nhan-su-hanh-chinh-van-phong
10260,ke-toan-tai-chinh,ke-toan-tai-chinh-kiem-toan
10261,marketing-truyen-thong,marketing-truyen-thong-pr
10262,kinh-doanh-ban-hang,kinh-doanh-ban-hang-tong-hop
10263,ke-toan-tai-chinh,ke-toan-tai-chinh-ngan-hang
10263,ke-toan-tai-chinh,ke-toan-tai-chinh-bao-hiem
10263,ke-toan-tai-chinh,ke-toan-tai-chinh-bao-hiem
10264,,
10265,kinh-doanh-ban-hang,kinh-doanh-ban-hang-ban-hang
10266,kinh-doanh-ban-hang,kinh-doanh-ban-hang-ban-hang
10267,san-xuat-qa-qc,san-xuat-det-may
10267,san-xuat-qa-qc,san-xuat-my-pham
10268,nhan-su-hanh-chinh,nhan-su-hanh-chinh-van-phong
10269,ke-toan-tai-chinh,ke-toan-tai-chinh-ke-toan
10270,dich-vu-khach-hang,dich-vu-khach-hang-cskh
10271,nhan-su-hanh-chinh,nhan-su-tuyen-dung-cb
10271,,
10271,,
10272,bat-dong-san,bat-dong-san-moi-gioi
10273,dich-vu-khach-hang,dich-vu-khach-hang-cskh
10274,giao-duc-dao-tao,giao-duc-giang-day
10275,dich-vu-khach-hang,dich-vu-khach-hang-cskh
10276,lao-dong-pho-thong,lao-dong-pho-thong-bao-ve
10276,,
10277,,
10278,kinh-doanh-ban-hang,kinh-doanh-ban-hang-tong-hop
10279,lao-dong-pho-thong,lao-dong-pho-thong-lai-xe
10280,dich-vu-khach-hang,dich-vu-khach-hang-cskh
10281,kinh-doanh-ban-hang,kinh-doanh-ban-hang-tong-hop
10282,kinh-doanh-ban-hang,kinh-doanh-ban-hang-tong-hop
10283,kinh-doanh-ban-hang,kinh-doanh-ban-hang-ban-hang
10284,kinh-doanh-ban-hang,kinh-doanh-ban-hang-tong-hop
10285,dich-vu-khach-hang,dich-vu-khach-hang-cskh
10286,,
10286,,
10286,,
10287,khach-san-nha-hang-du-lich,khach-san-du-lich-le-hanh
10288,kinh-doanh-ban-hang,kinh-doanh-ban-hang-tong-hop
10288,,
10288,,
10289,kinh-doanh-ban-hang,kinh-doanh-ban-hang-tong-hop
10290,nhan-su-hanh-chinh,nhan-su-tuyen-dung-cb
10291,nhan-su-hanh-chinh,nhan-su-tuyen-dung-cb
10291,,
10291,kinh-doanh-ban-hang,kinh-doanh-ban-hang-ban-hang
10292,lao-dong-pho-thong,lao-dong-pho-thong-cong-nhan
10293,bat-dong-san,bat-dong-san-moi-gioi
10294,marketing-truyen-thong,marketing-tong-hop
10295,cntt,cntt-phat-trien-phan-mem
10296,,
10297,dich-vu-khach-hang,dich-vu-khach-hang-cskh
10298,dich-vu-khach-hang,dich-vu-khach-hang-cskh
10299,,
10300,dich-vu-khach-hang,dich-vu-khach-hang-cskh
10301,,
10302,bat-dong-san,bat-dong-san-moi-gioi
10303,,
10304,kinh-doanh-ban-hang,kinh-doanh-ban-hang-sale
10305,ke-toan-tai-chinh,ke-toan-tai-chinh-ngan-hang
10306,marketing-truyen-thong,marketing-bao-chi-truyen-hinh
10307,kinh-doanh-ban-hang,kinh-doanh-ban-hang-ban-hang
10308,lao-dong-pho-thong,lao-dong-pho-thong-lai-xe
10309,lao-dong-pho-thong,lao-dong-pho-thong-cong-nhan
10310,kinh-doanh-ban-hang,kinh-doanh-ban-hang-ban-hang
10311,ke-toan-tai-chinh,ke-toan-tai-chinh-tai-chinh
10312,,
10313,,
10314,kinh-doanh-ban-hang,kinh-doanh-ban-hang-tong-hop
10315,,
10315,lao-dong-pho-thong,lao-dong-pho-thong-tap-vu
10316,bat-dong-san,bat-dong-san-moi-gioi
10317,bat-dong-san,bat-dong-san-moi-gioi
10318,,
10319,ke-toan-tai-chinh,ke-toan-tai-chinh-ngan-hang
10320,kinh-doanh-ban-hang,kinh-doanh-ban-hang-tong-hop
10320,,
10320,kinh-doanh-ban-hang,kinh-doanh-ban-hang-ban-hang
10321,lao-dong-pho-thong,lao-dong-pho-thong-cong-nhan
10322,dich-vu-khach-hang,dich-vu-khach-hang-cskh
10323,kinh-doanh-ban-hang,kinh-doanh-ban-hang-tong-hop
10323,,
10323,dich-vu-khach-hang,dich-vu-khach-hang-cskh
10324,ke-toan-tai-chinh,ke-toan-tai-chinh-ngan-hang
10324,,
10324,,
10325,nhan-su-hanh-chinh,nhan-su-hanh-chinh-van-phong
10326,lao-dong-pho-thong,lao-dong-pho-thong-bao-ve
10327,kinh-doanh-ban-hang,kinh-doanh-ban-hang-ban-hang
10328,lao-dong-pho-thong,lao-dong-pho-thong-lai-xe
10329,,
10330,lao-dong-pho-thong,lao-dong-pho-thong-tap-vu
10331,kinh-doanh-ban-hang,kinh-doanh-ban-hang-ban-hang
10332,y-te-duoc,y-te-duoc-y-te
10333,bat-dong-san,bat-dong-san-moi-gioi
10334,,
10335,kinh-doanh-ban-hang,kinh-doanh-ban-hang-tong-hop
10336,thiet-ke-kien-truc,thiet-ke-do-hoa
10337,ke-toan-tai-chinh,ke-toan-tai-chinh-ngan-hang
10338,kinh-doanh-ban-hang,kinh-doanh-ban-hang-sale
10339,cntt,cntt-phat-trien-phan-mem
10340,ke-toan-tai-chinh,ke-toan-tai-chinh-bao-hiem
10341,,
10342,ke-toan-tai-chinh,ke-toan-tai-chinh-ke-toan
10343,dich-vu-khach-hang,dich-vu-khach-hang-cskh
10344,cntt,cntt-phat-trien-phan-mem
10345,ke-toan-tai-chinh,ke-toan-tai-chinh-kiem-toan
10346,,
10347,dich-vu-khach-hang,dich-vu-khach-hang-cskh
10348,kinh-doanh-ban-hang,kinh-doanh-ban-hang-tong-hop
10349,dien-dien-tu-vien-thong,dien-dien-tu-dien-lanh
10350,co-khi-che-tao,co-khi-che-tao-co-khi
10351,nhan-su-hanh-chinh,nhan-su-hanh-chinh-van-phong
10352,nhan-su-hanh-chinh,nhan-su-hanh-chinh-van-phong
10353,dich-vu-khach-hang,dich-vu-khach-hang-cskh
10353,bat-dong-san,bat-dong-san-moi-gioi
10353,,
10354,,
10355,lao-dong-pho-thong,lao-dong-pho-thong-cong-nhan
10356,xay-dung,xay-dung-ky-su
10357,kinh-doanh-ban-hang,kinh-doanh-ban-hang-tong-hop
10358,,
10359,kinh-doanh-ban-hang,kinh-doanh-ban-hang-tong-hop
10359,kinh-doanh-ban-hang,kinh-doanh-ban-hang-ban-hang
10359,,
10360,kinh-doanh-ban-hang,kinh-doanh-ban-hang-tong-hop
10361,dich-vu-khach-hang,dich-vu-khach-hang-cskh
10362,ke-toan-tai-chinh,ke-toan-tai-chinh-ke-toan
10363,kinh-doanh-ban-hang,kinh-doanh-ban-hang-ban-hang
10364,ke-toan-tai-chinh,ke-toan-tai-chinh-tai-chinh
10365,kinh-doanh-ban-hang,kinh-doanh-ban-hang-tong-hop
10366,y-te-duoc,y-te-duoc-duoc-pham
10367,marketing-truyen-thong,marketing-tong-hop
10368,dich-vu-khach-hang,dich-vu-khach-hang-cskh
10369,bat-dong-san,bat-dong-san-moi-gioi
10370,kinh-doanh-ban-hang,kinh-doanh-ban-hang-tong-hop
10371,,
10372,marketing-truyen-thong,marketing-tong-hop
10373,giao-duc-dao-tao,giao-duc-giang-day
10374,kinh-doanh-ban-hang,kinh-doanh-ban-hang-tong-hop
10375,marketing-truyen-thong,marketing-seo-digital
10376,ke-toan-tai-chinh,ke-toan-tai-chinh-ke-toan
10377,nhan-su-hanh-chinh,nhan-su-hanh-chinh-van-phong
10378,dich-vu-khach-hang,dich-vu-khach-hang-cskh
10379,cntt,cntt-phat-trien-phan-mem
10380,,
10381,nhan-su-hanh-chinh,nhan-su-tuyen-dung-cb
10382,dich-vu-khach-hang,dich-vu-khach-hang-cskh
10383,dich-vu-khach-hang,dich-vu-khach-hang-cskh
10384,kinh-doanh-ban-hang,kinh-doanh-ban-hang-tong-hop
10384,,
10384,kinh-doanh-ban-hang,kinh-doanh-ban-hang-ban-hang
10385,marketing-truyen-thong,marketing-tong-hop
10386,dich-vu-khach-hang,dich-vu-khach-hang-cskh
10387,lao-dong-pho-thong,lao-dong-pho-thong-lai-xe
10388,khach-san-nha-hang-du-lich,khach-san-nha-hang-fb
10389,ke-toan-tai-chinh,ke-toan-tai-chinh-tai-chinh
10390,,
10391,ke-toan-tai-chinh,ke-toan-tai-chinh-ke-toan
10392,marketing-truyen-thong,marketing-tong-hop
10393,ke-toan-tai-chinh,ke-toan-tai-chinh-bao-hiem
10394,san-xuat-qa-qc,san-xuat-thuc-pham
10394,,
10394,marketing-truyen-thong,marketing-bien-phien-dich
10395,kinh-doanh-ban-hang,kinh-doanh-ban-hang-tong-hop
10396,,
10396,san-xuat-qa-qc,san-xuat-thuc-pham
10397,kinh-doanh-ban-hang,kinh-doanh-ban-hang-ban-hang
10398,,
10399,giao-duc-dao-tao,giao-duc-giang-day
10400,dich-vu-khach-hang,dich-vu-khach-hang-cskh
10401,dich-vu-khach-hang,dich-vu-khach-hang-cskh
10402,kinh-doanh-ban-hang,kinh-doanh-ban-hang-ban-hang
10403,marketing-truyen-thong,marketing-seo-digital
10404,marketing-truyen-thong,marketing-tong-hop
10405,nhan-su-hanh-chinh,nhan-su-tuyen-dung-cb
10406,,
10407,lao-dong-pho-thong,lao-dong-pho-thong-lai-xe
10408,marketing-truyen-thong,marketing-seo-digital
10409,nhan-su-hanh-chinh,nhan-su-hanh-chinh-van-phong
10409,nhan-su-hanh-chinh,nhan-su-tuyen-dung-cb
10409,kinh-doanh-ban-hang,kinh-doanh-ban-hang-thu-ngan
10410,kinh-doanh-ban-hang,kinh-doanh-ban-hang-ban-hang
10411,dich-vu-khach-hang,dich-vu-khach-hang-cskh
10412,bat-dong-san,bat-dong-san-moi-gioi
10413,kinh-doanh-ban-hang,kinh-doanh-ban-hang-tong-hop
10414,lao-dong-pho-thong,lao-dong-pho-thong-cong-nhan
10415,,
10416,kinh-doanh-ban-hang,kinh-doanh-ban-hang-ban-hang
10417,lao-dong-pho-thong,lao-dong-pho-thong-bao-ve
10417,,
10418,dich-vu-khach-hang,dich-vu-khach-hang-cskh
10419,dich-vu-khach-hang,dich-vu-khach-hang-cskh
10420,,
10421,,
10422,lao-dong-pho-thong,lao-dong-pho-thong-lai-xe
10423,dich-vu-khach-hang,dich-vu-khach-hang-cskh
10424,kinh-doanh-ban-hang,kinh-doanh-ban-hang-tong-hop
10424,ke-toan-tai-chinh,ke-toan-tai-chinh-bao-hiem
10424,kinh-doanh-ban-hang,kinh-doanh-ban-hang-tong-hop
10425,cntt,cntt-phat-trien-phan-mem
10426,san-xuat-qa-qc,san-xuat-quan-ly
10427,bat-dong-san,bat-dong-san-moi-gioi
10428,kinh-doanh-ban-hang,kinh-doanh-ban-hang-sale
10429,bat-dong-san,bat-dong-san-moi-gioi
10430,ke-toan-tai-chinh,ke-toan-tai-chinh-tai-chinh
10431,,
10431,kinh-doanh-ban-hang,kinh-doanh-ban-hang-ban-hang
10432,kinh-doanh-ban-hang,kinh-doanh-ban-hang-ban-hang
10433,dien-dien-tu-vien-thong,dien-dien-tu-dien-lanh
10434,kinh-doanh-ban-hang,kinh-doanh-ban-hang-tong-hop
10435,kinh-doanh-ban-hang,kinh-doanh-ban-hang-tong-hop
10436,co-khi-che-tao,co-khi-che-tao-co-khi
10437,dich-vu-khach-hang,dich-vu-khach-hang-cskh
10438,dich-vu-khach-hang,dich-vu-khach-hang-cskh
10439,nhan-su-hanh-chinh,nhan-su-thu-ky-tro-ly
10440,,
10441,ke-toan-tai-chinh,ke-toan-tai-chinh-tai-chinh
10442,bat-dong-san,bat-dong-san-moi-gioi
10443,xay-dung,xay-dung-ky-su
10444,ke-toan-tai-chinh,ke-toan-tai-chinh-tai-chinh
10445,kinh-doanh-ban-hang,kinh-doanh-ban-hang-tong-hop
10446,co-khi-che-tao,co-khi-che-tao-co-khi
10447,lao-dong-pho-thong,lao-dong-pho-thong-lai-xe
10448,,
10449,bat-dong-san,bat-dong-san-moi-gioi
10450,kinh-doanh-ban-hang,kinh-doanh-ban-hang-sale
10451,kinh-doanh-ban-hang,kinh-doanh-ban-hang-tong-hop
10452,y-te-duoc,y-te-duoc-duoc-pham
10453,nhan-su-hanh-chinh,nhan-su-hanh-chinh-van-phong
10454,san-xuat-qa-qc,san-xuat-quan-ly
10455,khach-san-nha-hang-du-lich,khach-san-nha-hang-fb
10456,kinh-doanh-ban-hang,kinh-doanh-ban-hang-tong-hop
10457,kinh-doanh-ban-hang,kinh-doanh-ban-hang-tong-hop
10458,,
10459,nhan-su-hanh-chinh,nhan-su-hanh-chinh-van-phong
10460,kinh-doanh-ban-hang,kinh-doanh-ban-hang-tong-hop
10461,cntt,cntt-phat-trien-phan-mem
10462,nhan-su-hanh-chinh,nhan-su-tuyen-dung-cb
10463,van-tai-logistics,van-tai-xuat-nhap-khau
10464,bat-dong-san,bat-dong-san-moi-gioi
10465,,
10466,,
10467,kinh-doanh-ban-hang,kinh-doanh-ban-hang-ban-hang
10468,,
10469,ke-toan-tai-chinh,ke-toan-tai-chinh-kiem-toan
10470,kinh-doanh-ban-hang,kinh-doanh-ban-hang-tong-hop
10471,,
10472,cntt,cntt-phat-trien-phan-mem
10473,thiet-ke-kien-truc,thiet-ke-kien-truc-kien-truc
10474,xay-dung,xay-dung-ky-su
10475,cntt,cntt-phat-trien-phan-mem
10476,,
10477,kinh-doanh-ban-hang,kinh-doanh-ban-hang-tong-hop
10477,kinh-doanh-ban-hang,kinh-doanh-ban-hang-tong-hop
10478,marketing-truyen-thong,marketing-seo-digital
10479,kinh-doanh-ban-hang,kinh-doanh-ban-hang-tong-hop
10480,dich-vu-khach-hang,dich-vu-khach-hang-cskh
10481,van-tai-logistics,van-tai-xuat-nhap-khau
10482,dich-vu-khach-hang,dich-vu-khach-hang-cskh
10483,kinh-doanh-ban-hang,kinh-doanh-ban-hang-ban-hang
10484,dich-vu-khach-hang,dich-vu-khach-hang-cskh
10485,san-xuat-qa-qc,san-xuat-thuc-pham
10486,ke-toan-tai-chinh,ke-toan-tai-chinh-ke-toan
10487,marketing-truyen-thong,marketing-bien-phien-dich
10488,,
10489,xay-dung,xay-dung-ky-su
10490,marketing-truyen-thong,marketing-truyen-thong-pr
10491,,
10492,nhan-su-hanh-chinh,nhan-su-hanh-chinh-van-phong
10493,nhan-su-hanh-chinh,nhan-su-hanh-chinh-van-phong
10494,,
10495,,
10496,,
10497,bat-dong-san,bat-dong-san-moi-gioi
10498,kinh-doanh-ban-hang,kinh-doanh-ban-hang-ban-hang
10499,bat-dong-san,bat-dong-san-moi-gioi
10500,ke-toan-tai-chinh,ke-toan-tai-chinh-ke-toan
10501,kinh-doanh-ban-hang,kinh-doanh-ban-hang-tong-hop
10502,ke-toan-tai-chinh,ke-toan-tai-chinh-tai-chinh
10503,cntt,cntt-phat-trien-phan-mem
10504,marketing-truyen-thong,marketing-tong-hop
10505,kinh-doanh-ban-hang,kinh-doanh-ban-hang-ban-hang
10506,kinh-doanh-ban-hang,kinh-doanh-ban-hang-ban-hang
10506,dich-vu-khach-hang,dich-vu-khach-hang-cskh
10507,ke-toan-tai-chinh,ke-toan-tai-chinh-ke-toan
10508,lao-dong-pho-thong,lao-dong-pho-thong-lai-xe
10509,bat-dong-san,bat-dong-san-moi-gioi
10510,ke-toan-tai-chinh,ke-toan-tai-chinh-ke-toan
10511,thiet-ke-kien-truc,thiet-ke-my-thuat
10511,kinh-doanh-ban-hang,kinh-doanh-ban-hang-thu-ngan
10511,van-tai-logistics,van-tai-giao-nhan
10512,nhan-su-hanh-chinh,nhan-su-hanh-chinh-van-phong
10513,kinh-doanh-ban-hang,kinh-doanh-ban-hang-ban-hang
10514,kinh-doanh-ban-hang,kinh-doanh-ban-hang-tong-hop
10515,marketing-truyen-thong,marketing-tong-hop
10516,ke-toan-tai-chinh,ke-toan-tai-chinh-ke-toan
10517,kinh-doanh-ban-hang,kinh-doanh-ban-hang-tong-hop
10518,bat-dong-san,bat-dong-san-moi-gioi
10519,lao-dong-pho-thong,lao-dong-pho-thong-lai-xe
10520,kinh-doanh-ban-hang,kinh-doanh-ban-hang-tong-hop
10521,dich-vu-khach-hang,dich-vu-khach-hang-cskh
10522,kinh-doanh-ban-hang,kinh-doanh-ban-hang-ban-hang
10522,kinh-doanh-ban-hang,kinh-doanh-ban-hang-ban-hang
10522,kinh-doanh-ban-hang,kinh-doanh-ban-hang-thu-ngan
10523,lao-dong-pho-thong,lao-dong-pho-thong-lai-xe
10524,nhan-su-hanh-chinh,nhan-su-hanh-chinh-van-phong
10524,nhan-su-hanh-chinh,nhan-su-hanh-chinh-van-phong
10524,nhan-su-hanh-chinh,nhan-su-hanh-chinh-van-phong
10525,,
10526,lao-dong-pho-thong,lao-dong-pho-thong-lai-xe
10527,ke-toan-tai-chinh,ke-toan-tai-chinh-ngan-hang
10528,kinh-doanh-ban-hang,kinh-doanh-ban-hang-tong-hop
10528,,
10529,nhan-su-hanh-chinh,nhan-su-hanh-chinh-van-phong
10530,kinh-doanh-ban-hang,kinh-doanh-ban-hang-sale
10531,lao-dong-pho-thong,lao-dong-pho-thong-lai-xe
10532,nhan-su-hanh-chinh,nhan-su-hanh-chinh-van-phong
10533,kinh-doanh-ban-hang,kinh-doanh-ban-hang-tong-hop
10533,,
10533,,
10534,cntt,cntt-phat-trien-phan-mem
10535,,
10536,kinh-doanh-ban-hang,kinh-doanh-ban-hang-ban-hang
10537,kinh-doanh-ban-hang,kinh-doanh-ban-hang-tong-hop
10538,giao-duc-dao-tao,giao-duc-giang-day
10539,marketing-truyen-thong,marketing-seo-digital
10540,cntt,cntt-phan-cung-mang
10541,ke-toan-tai-chinh,ke-toan-tai-chinh-tai-chinh
10542,giao-duc-dao-tao,giao-duc-giang-day
10543,lao-dong-pho-thong,lao-dong-pho-thong-lai-xe
10544,,
10545,dien-dien-tu-vien-thong,dien-dien-tu-dien-lanh
10546,dich-vu-khach-hang,dich-vu-khach-hang-cskh
10547,kinh-doanh-ban-hang,kinh-doanh-ban-hang-tong-hop
10548,san-xuat-qa-qc,san-xuat-my-pham
10549,,
10550,ke-toan-tai-chinh,ke-toan-tai-chinh-kiem-toan
10551,marketing-truyen-thong,marketing-seo-digital
10552,,
10553,kinh-doanh-ban-hang,kinh-doanh-ban-hang-tong-hop
10554,,
10555,marketing-truyen-thong,marketing-seo-digital
10556,san-xuat-qa-qc,san-xuat-thuc-pham
10557,kinh-doanh-ban-hang,kinh-doanh-ban-hang-ban-hang
10558,kinh-doanh-ban-hang,kinh-doanh-ban-hang-tong-hop
10558,,
10558,dich-vu-khach-hang,dich-vu-khach-hang-cskh
10559,lao-dong-pho-thong,lao-dong-pho-thong-lai-xe
10560,kinh-doanh-ban-hang,kinh-doanh-ban-hang-tong-hop
10561,kinh-doanh-ban-hang,kinh-doanh-ban-hang-tong-hop
10562,xay-dung,xay-dung-ky-su
10563,lao-dong-pho-thong,lao-dong-pho-thong-tap-vu
10564,marketing-truyen-thong,marketing-tong-hop
10565,,
10566,,
10567,ke-toan-tai-chinh,ke-toan-tai-chinh-ke-toan
10568,,
10569,nhan-su-hanh-chinh,nhan-su-hanh-chinh-van-phong
10570,marketing-truyen-thong,marketing-seo-digital
10571,y-te-duoc,y-te-duoc-duoc-pham
10572,kinh-doanh-ban-hang,kinh-doanh-ban-hang-tong-hop
10573,lao-dong-pho-thong,lao-dong-pho-thong-lai-xe
10574,kinh-doanh-ban-hang,kinh-doanh-ban-hang-tong-hop
10575,ke-toan-tai-chinh,ke-toan-tai-chinh-bao-hiem
10576,marketing-truyen-thong,marketing-tong-hop
10577,kinh-doanh-ban-hang,kinh-doanh-ban-hang-tong-hop
10578,ke-toan-tai-chinh,ke-toan-tai-chinh-ke-toan
10579,kinh-doanh-ban-hang,kinh-doanh-ban-hang-tong-hop
10580,khach-san-nha-hang-du-lich,khach-san-spa-lam-dep
10581,ke-toan-tai-chinh,ke-toan-tai-chinh-ke-toan
10582,nhan-su-hanh-chinh,nhan-su-hanh-chinh-van-phong
10583,kinh-doanh-ban-hang,kinh-doanh-ban-hang-tong-hop
10584,marketing-truyen-thong,marketing-truyen-thong-pr
10585,kinh-doanh-ban-hang,kinh-doanh-ban-hang-tong-hop
10586,kinh-doanh-ban-hang,kinh-doanh-ban-hang-ban-hang
10587,co-khi-che-tao,co-khi-che-tao-co-khi
10588,cntt,cntt-phat-trien-phan-mem
10589,kinh-doanh-ban-hang,kinh-doanh-ban-hang-ban-hang
10590,kinh-doanh-ban-hang,kinh-doanh-ban-hang-tong-hop
10591,,
10592,,
10593,dich-vu-khach-hang,dich-vu-khach-hang-cskh
10594,dich-vu-khach-hang,dich-vu-khach-hang-cskh
10595,kinh-doanh-ban-hang,kinh-doanh-ban-hang-tong-hop
10596,kinh-doanh-ban-hang,kinh-doanh-ban-hang-thu-ngan
10596,kinh-doanh-ban-hang,kinh-doanh-ban-hang-ban-hang
10596,kinh-doanh-ban-hang,kinh-doanh-ban-hang-thu-ngan
10597,bat-dong-san,bat-dong-san-moi-gioi
10598,ke-toan-tai-chinh,ke-toan-tai-chinh-bao-hiem
10598,kinh-doanh-ban-hang,kinh-doanh-ban-hang-tong-hop
10598,ke-toan-tai-chinh,ke-toan-tai-chinh-tai-chinh
10599,marketing-truyen-thong,marketing-seo-digital
10600,kinh-doanh-ban-hang,kinh-doanh-ban-hang-ban-hang
10600,kinh-doanh-ban-hang,kinh-doanh-ban-hang-thu-ngan
10600,kinh-doanh-ban-hang,kinh-doanh-ban-hang-thu-ngan
10601,nhan-su-hanh-chinh,nhan-su-tuyen-dung-cb
10602,van-tai-logistics,van-tai-xuat-nhap-khau
10602,,
10602,,
10603,,
10604,,
10605,co-khi-che-tao,co-khi-che-tao-co-khi
10606,dich-vu-khach-hang,dich-vu-khach-hang-cskh
10607,kinh-doanh-ban-hang,kinh-doanh-ban-hang-tong-hop
10608,lao-dong-pho-thong,lao-dong-pho-thong-lai-xe
10609,kinh-doanh-ban-hang,kinh-doanh-ban-hang-tong-hop
10609,kinh-doanh-ban-hang,kinh-doanh-ban-hang-ban-hang
10609,,
10610,,
10611,kinh-doanh-ban-hang,kinh-doanh-ban-hang-tong-hop
10612,marketing-truyen-thong,marketing-tong-hop
10613,kinh-doanh-ban-hang,kinh-doanh-ban-hang-ban-hang
10614,ke-toan-tai-chinh,ke-toan-tai-chinh-ke-toan
10615,lao-dong-pho-thong,lao-dong-pho-thong-cong-nhan
10616,lao-dong-pho-thong,lao-dong-pho-thong-lai-xe
10617,khach-san-nha-hang-du-lich,khach-san-khach-san
10617,lao-dong-pho-thong,lao-dong-pho-thong-tap-vu
10618,kinh-doanh-ban-hang,kinh-doanh-ban-hang-tong-hop
10619,dich-vu-khach-hang,dich-vu-khach-hang-cskh
10620,giao-duc-dao-tao,giao-duc-giang-day
10621,bat-dong-san,bat-dong-san-moi-gioi
10622,dich-vu-khach-hang,dich-vu-khach-hang-cskh
10622,,
10622,kinh-doanh-ban-hang,kinh-doanh-ban-hang-tong-hop
10623,kinh-doanh-ban-hang,kinh-doanh-ban-hang-ban-hang
10624,dich-vu-khach-hang,dich-vu-khach-hang-cskh
10625,kinh-doanh-ban-hang,kinh-doanh-ban-hang-ban-hang
10626,lao-dong-pho-thong,lao-dong-pho-thong-lai-xe
10627,,
10628,,
10629,bat-dong-san,bat-dong-san-moi-gioi
10630,marketing-truyen-thong,marketing-tong-hop
10631,kinh-doanh-ban-hang,kinh-doanh-ban-hang-tong-hop
10632,kinh-doanh-ban-hang,kinh-doanh-ban-hang-tong-hop
10633,dich-vu-khach-hang,dich-vu-khach-hang-cskh
10634,khach-san-nha-hang-du-lich,khach-san-du-lich-le-hanh
10635,kinh-doanh-ban-hang,kinh-doanh-ban-hang-ban-hang
10636,ke-toan-tai-chinh,ke-toan-tai-chinh-ke-toan
10637,,
10637,,
10637,,
10638,kinh-doanh-ban-hang,kinh-doanh-ban-hang-tong-hop
10639,marketing-truyen-thong,marketing-tong-hop
10640,marketing-truyen-thong,marketing-tong-hop
10641,,
10642,ke-toan-tai-chinh,ke-toan-tai-chinh-ke-toan
10643,nhan-su-hanh-chinh,nhan-su-hanh-chinh-van-phong
10644,lao-dong-pho-thong,lao-dong-pho-thong-lai-xe
10645,kinh-doanh-ban-hang,kinh-doanh-ban-hang-ban-hang
10645,,
10646,,
10647,,
10648,bat-dong-san,bat-dong-san-moi-gioi
10649,kinh-doanh-ban-hang,kinh-doanh-ban-hang-tong-hop
10649,kinh-doanh-ban-hang,kinh-doanh-ban-hang-tong-hop
10649,kinh-doanh-ban-hang,kinh-doanh-ban-hang-ban-hang
10650,co-khi-che-tao,co-khi-che-tao-co-khi
10651,kinh-doanh-ban-hang,kinh-doanh-ban-hang-tong-hop
10652,,
10653,cntt,cntt-phat-trien-phan-mem
10654,dich-vu-khach-hang,dich-vu-khach-hang-cskh
10654,nhan-su-hanh-chinh,nhan-su-hanh-chinh-van-phong
10654,nhan-su-hanh-chinh,nhan-su-hanh-chinh-van-phong
10655,,
10656,marketing-truyen-thong,marketing-tong-hop
10657,dich-vu-khach-hang,dich-vu-khach-hang-cskh
10658,,
10659,,
10660,nhan-su-hanh-chinh,nhan-su-phap-ly-phap-che
10661,kinh-doanh-ban-hang,kinh-doanh-ban-hang-tong-hop
10662,dien-dien-tu-vien-thong,dien-dien-tu-dien-lanh
10663,lao-dong-pho-thong,lao-dong-pho-thong-cong-nhan
10664,dich-vu-khach-hang,dich-vu-khach-hang-cskh
10665,,
10666,khach-san-nha-hang-du-lich,khach-san-nha-hang-fb
10667,bat-dong-san,bat-dong-san-moi-gioi
10668,nhan-su-hanh-chinh,nhan-su-hanh-chinh-van-phong
10669,bat-dong-san,bat-dong-san-moi-gioi
10670,dich-vu-khach-hang,dich-vu-khach-hang-cskh
10670,kinh-doanh-ban-hang,kinh-doanh-ban-hang-tong-hop
10670,,
10671,nhan-su-hanh-chinh,nhan-su-hanh-chinh-van-phong
10672,ke-toan-tai-chinh,ke-toan-tai-chinh-ke-toan
10673,thiet-ke-kien-truc,thiet-ke-noi-that
10674,dich-vu-khach-hang,dich-vu-khach-hang-cskh
10675,kinh-doanh-ban-hang,kinh-doanh-ban-hang-sale
10676,cntt,cntt-phat-trien-phan-mem
10677,nhan-su-hanh-chinh,nhan-su-tuyen-dung-cb
10678,san-xuat-qa-qc,san-xuat-qa-qc-qa-qc
10679,nhan-su-hanh-chinh,nhan-su-tuyen-dung-cb
10680,,
10681,kinh-doanh-ban-hang,kinh-doanh-ban-hang-tong-hop
10682,kinh-doanh-ban-hang,kinh-doanh-ban-hang-tong-hop
10683,,
10684,giao-duc-dao-tao,giao-duc-giang-day
10685,marketing-truyen-thong,marketing-tong-hop
10685,,
10685,,
10686,bat-dong-san,bat-dong-san-moi-gioi
10687,dich-vu-khach-hang,dich-vu-khach-hang-cskh
10687,kinh-doanh-ban-hang,kinh-doanh-ban-hang-tong-hop
10687,,
10688,,
10689,,
10690,,
10691,co-khi-che-tao,co-khi-che-tao-co-khi
10692,kinh-doanh-ban-hang,kinh-doanh-ban-hang-tong-hop
10693,,
10694,kinh-doanh-ban-hang,kinh-doanh-ban-hang-sale
10695,kinh-doanh-ban-hang,kinh-doanh-ban-hang-sale
10696,bat-dong-san,bat-dong-san-moi-gioi
10697,ke-toan-tai-chinh,ke-toan-tai-chinh-ke-toan
10698,bat-dong-san,bat-dong-san-moi-gioi
10699,ke-toan-tai-chinh,ke-toan-tai-chinh-bao-hiem
10700,kinh-doanh-ban-hang,kinh-doanh-ban-hang-ban-hang
10701,thiet-ke-kien-truc,thiet-ke-my-thuat
10702,kinh-doanh-ban-hang,kinh-doanh-ban-hang-tong-hop
10703,ke-toan-tai-chinh,ke-toan-tai-chinh-kiem-toan
10704,,
10705,kinh-doanh-ban-hang,kinh-doanh-ban-hang-tong-hop
10706,dich-vu-khach-hang,dich-vu-khach-hang-cskh
10706,,
10706,,
10707,kinh-doanh-ban-hang,kinh-doanh-ban-hang-tong-hop
10707,,
10707,,
10708,,
10709,san-xuat-qa-qc,san-xuat-qa-qc-qa-qc
10709,,
10709,co-khi-che-tao,co-khi-che-tao-co-khi
10710,kinh-doanh-ban-hang,kinh-doanh-ban-hang-tong-hop
10710,,
10710,kinh-doanh-ban-hang,kinh-doanh-ban-hang-ban-hang
10711,marketing-truyen-thong,marketing-tong-hop
10712,van-tai-logistics,van-tai-xuat-nhap-khau
10713,,
10714,dich-vu-khach-hang,dich-vu-khach-hang-cskh
10715,dich-vu-khach-hang,dich-vu-khach-hang-cskh
10716,ke-toan-tai-chinh,ke-toan-tai-chinh-tai-chinh
10717,ke-toan-tai-chinh,ke-toan-tai-chinh-kiem-toan
10718,kinh-doanh-ban-hang,kinh-doanh-ban-hang-tong-hop
10719,,
10720,marketing-truyen-thong,marketing-tong-hop
10721,nhan-su-hanh-chinh,nhan-su-tuyen-dung-cb
10722,kinh-doanh-ban-hang,kinh-doanh-ban-hang-sale
10723,nhan-su-hanh-chinh,nhan-su-hanh-chinh-van-phong
10724,ke-toan-tai-chinh,ke-toan-tai-chinh-ke-toan
10725,,
10726,xay-dung,xay-dung-ky-su
10727,ke-toan-tai-chinh,ke-toan-tai-chinh-bao-hiem
10727,kinh-doanh-ban-hang,kinh-doanh-ban-hang-tong-hop
10727,,
10728,kinh-doanh-ban-hang,kinh-doanh-ban-hang-ban-hang
10729,ke-toan-tai-chinh,ke-toan-tai-chinh-bao-hiem
10729,dich-vu-khach-hang,dich-vu-khach-hang-cskh
10729,kinh-doanh-ban-hang,kinh-doanh-ban-hang-tong-hop
10730,cntt,cntt-phat-trien-phan-mem
10730,dien-dien-tu-vien-thong,dien-dien-tu-vien-thong-vt
10731,cntt,cntt-phat-trien-phan-mem
10732,,
10733,,
10734,dich-vu-khach-hang,dich-vu-khach-hang-cskh
10735,dich-vu-khach-hang,dich-vu-khach-hang-cskh
10736,lao-dong-pho-thong,lao-dong-pho-thong-tap-vu
10737,kinh-doanh-ban-hang,kinh-doanh-ban-hang-ban-hang
10738,lao-dong-pho-thong,lao-dong-pho-thong-lai-xe
10739,lao-dong-pho-thong,lao-dong-pho-thong-cong-nhan
10740,lao-dong-pho-thong,lao-dong-pho-thong-lai-xe
10741,xay-dung,xay-dung-ky-su
10742,dich-vu-khach-hang,dich-vu-khach-hang-cskh
10743,marketing-truyen-thong,marketing-tong-hop
10743,kinh-doanh-ban-hang,kinh-doanh-ban-hang-tong-hop
10743,khach-san-nha-hang-du-lich,khach-san-du-lich-le-hanh
10744,kinh-doanh-ban-hang,kinh-doanh-ban-hang-tong-hop
10745,cntt,cntt-phat-trien-phan-mem
10746,kinh-doanh-ban-hang,kinh-doanh-ban-hang-tong-hop
10746,kinh-doanh-ban-hang,kinh-doanh-ban-hang-tong-hop
10746,ke-toan-tai-chinh,ke-toan-tai-chinh-bao-hiem
10747,nhan-su-hanh-chinh,nhan-su-hanh-chinh-van-phong
10748,kinh-doanh-ban-hang,kinh-doanh-ban-hang-tong-hop
10749,lao-dong-pho-thong,lao-dong-pho-thong-cong-nhan
10750,,
10751,lao-dong-pho-thong,lao-dong-pho-thong-cong-nhan
10752,bat-dong-san,bat-dong-san-moi-gioi
10753,lao-dong-pho-thong,lao-dong-pho-thong-cong-nhan
10754,kinh-doanh-ban-hang,kinh-doanh-ban-hang-tong-hop
10755,kinh-doanh-ban-hang,kinh-doanh-ban-hang-tong-hop
10756,,
10757,,
10758,marketing-truyen-thong,marketing-seo-digital
10759,thiet-ke-kien-truc,thiet-ke-kien-truc-kien-truc
10760,kinh-doanh-ban-hang,kinh-doanh-ban-hang-tong-hop
10761,marketing-truyen-thong,marketing-tong-hop
10762,,
10763,giao-duc-dao-tao,giao-duc-giang-day
10763,kinh-doanh-ban-hang,kinh-doanh-ban-hang-tong-hop
10763,,
10764,dich-vu-khach-hang,dich-vu-khach-hang-cskh
10765,,
10766,kinh-doanh-ban-hang,kinh-doanh-ban-hang-tong-hop
10767,nhan-su-hanh-chinh,nhan-su-hanh-chinh-van-phong
10768,ke-toan-tai-chinh,ke-toan-tai-chinh-ke-toan
10769,dich-vu-khach-hang,dich-vu-khach-hang-cskh
10770,lao-dong-pho-thong,lao-dong-pho-thong-lai-xe
10771,lao-dong-pho-thong,lao-dong-pho-thong-lai-xe
10772,nhan-su-hanh-chinh,nhan-su-hanh-chinh-van-phong
10773,khach-san-nha-hang-du-lich,khach-san-spa-lam-dep
10774,kinh-doanh-ban-hang,kinh-doanh-ban-hang-ban-hang
10775,kinh-doanh-ban-hang,kinh-doanh-ban-hang-ban-hang
10776,cntt,cntt-phat-trien-phan-mem
10777,lao-dong-pho-thong,lao-dong-pho-thong-lai-xe
10778,bat-dong-san,bat-dong-san-moi-gioi
10779,marketing-truyen-thong,marketing-tong-hop
10780,,
10781,lao-dong-pho-thong,lao-dong-pho-thong-lai-xe
10782,nhan-su-hanh-chinh,nhan-su-hanh-chinh-van-phong
10783,dich-vu-khach-hang,dich-vu-khach-hang-cskh
10784,kinh-doanh-ban-hang,kinh-doanh-ban-hang-tong-hop
10785,,
10786,dich-vu-khach-hang,dich-vu-khach-hang-cskh
10787,,
10788,kinh-doanh-ban-hang,kinh-doanh-ban-hang-tong-hop
10788,,
10788,kinh-doanh-ban-hang,kinh-doanh-ban-hang-tong-hop
10789,kinh-doanh-ban-hang,kinh-doanh-ban-hang-ban-hang
10790,giao-duc-dao-tao,giao-duc-giang-day
10791,lao-dong-pho-thong,lao-dong-pho-thong-lai-xe
10792,,
10793,van-tai-logistics,van-tai-xuat-nhap-khau
10794,nhan-su-hanh-chinh,nhan-su-hanh-chinh-van-phong
10795,ke-toan-tai-chinh,ke-toan-tai-chinh-ke-toan
10796,kinh-doanh-ban-hang,kinh-doanh-ban-hang-tong-hop
10797,kinh-doanh-ban-hang,kinh-doanh-ban-hang-tong-hop
10798,kinh-doanh-ban-hang,kinh-doanh-ban-hang-tong-hop
10799,kinh-doanh-ban-hang,kinh-doanh-ban-hang-sale
10800,bat-dong-san,bat-dong-san-moi-gioi
10801,kinh-doanh-ban-hang,kinh-doanh-ban-hang-ban-hang
10802,dich-vu-khach-hang,dich-vu-khach-hang-cskh
10803,kinh-doanh-ban-hang,kinh-doanh-ban-hang-sale
10804,,
10805,,
10806,kinh-doanh-ban-hang,kinh-doanh-ban-hang-tong-hop
10807,dich-vu-khach-hang,dich-vu-khach-hang-cskh
10807,,
10808,kinh-doanh-ban-hang,kinh-doanh-ban-hang-ban-hang
10809,cntt,cntt-phat-trien-phan-mem
10810,y-te-duoc,y-te-duoc-duoc-pham
10811,lao-dong-pho-thong,lao-dong-pho-thong-lai-xe
10812,cntt,cntt-phan-cung-mang
10813,y-te-duoc,y-te-duoc-y-te
10813,y-te-duoc,y-te-duoc-y-te
10814,dich-vu-khach-hang,dich-vu-khach-hang-cskh
10815,kinh-doanh-ban-hang,kinh-doanh-ban-hang-tong-hop
10816,ke-toan-tai-chinh,ke-toan-tai-chinh-ke-toan
10817,,
10818,,
10819,lao-dong-pho-thong,lao-dong-pho-thong-lai-xe
10820,nhan-su-hanh-chinh,nhan-su-hanh-chinh-van-phong
10821,ke-toan-tai-chinh,ke-toan-tai-chinh-ngan-hang
10822,co-khi-che-tao,co-khi-che-tao-co-khi
10823,nhan-su-hanh-chinh,nhan-su-hanh-chinh-van-phong
10824,kinh-doanh-ban-hang,kinh-doanh-ban-hang-tong-hop
10825,kinh-doanh-ban-hang,kinh-doanh-ban-hang-tong-hop
10826,marketing-truyen-thong,marketing-truyen-thong-pr
10827,cntt,cntt-phan-cung-mang
10828,,
10828,co-khi-che-tao,co-khi-che-tao-co-khi
10828,,
10829,co-khi-che-tao,co-khi-che-tao-co-khi
10830,giao-duc-dao-tao,giao-duc-giang-day
10831,bat-dong-san,bat-dong-san-moi-gioi
10832,thiet-ke-kien-truc,thiet-ke-noi-that
10833,lao-dong-pho-thong,lao-dong-pho-thong-lai-xe
10834,,
10835,kinh-doanh-ban-hang,kinh-doanh-ban-hang-tong-hop
10836,san-xuat-qa-qc,san-xuat-moi-truong
10837,lao-dong-pho-thong,lao-dong-pho-thong-lai-xe
10838,giao-duc-dao-tao,giao-duc-giang-day
10839,,
10840,kinh-doanh-ban-hang,kinh-doanh-ban-hang-tong-hop
10841,xay-dung,xay-dung-ky-su
10842,,
10843,kinh-doanh-ban-hang,kinh-doanh-ban-hang-tong-hop
10844,,
10845,kinh-doanh-ban-hang,kinh-doanh-ban-hang-tong-hop
10846,,
10847,lao-dong-pho-thong,lao-dong-pho-thong-lai-xe
10848,nhan-su-hanh-chinh,nhan-su-thu-ky-tro-ly
10849,dich-vu-khach-hang,dich-vu-khach-hang-cskh
10850,kinh-doanh-ban-hang,kinh-doanh-ban-hang-ban-hang
10851,nhan-su-hanh-chinh,nhan-su-tuyen-dung-cb
10852,khach-san-nha-hang-du-lich,khach-san-spa-lam-dep
10853,nhan-su-hanh-chinh,nhan-su-hanh-chinh-van-phong
10854,lao-dong-pho-thong,lao-dong-pho-thong-bao-ve
10855,kinh-doanh-ban-hang,kinh-doanh-ban-hang-tong-hop
10856,lao-dong-pho-thong,lao-dong-pho-thong-lai-xe
10857,,
10858,lao-dong-pho-thong,lao-dong-pho-thong-lai-xe
10859,dich-vu-khach-hang,dich-vu-khach-hang-cskh
10860,,
10861,dich-vu-khach-hang,dich-vu-khach-hang-cskh
10862,dich-vu-khach-hang,dich-vu-khach-hang-cskh
10863,xay-dung,xay-dung-ky-su
10864,kinh-doanh-ban-hang,kinh-doanh-ban-hang-ban-hang
10865,ke-toan-tai-chinh,ke-toan-tai-chinh-kiem-toan
10866,lao-dong-pho-thong,lao-dong-pho-thong-lai-xe
10867,kinh-doanh-ban-hang,kinh-doanh-ban-hang-sale
10868,giao-duc-dao-tao,giao-duc-giang-day
10869,lao-dong-pho-thong,lao-dong-pho-thong-lai-xe
10870,lao-dong-pho-thong,lao-dong-pho-thong-cong-nhan
10871,kinh-doanh-ban-hang,kinh-doanh-ban-hang-sale
10872,dich-vu-khach-hang,dich-vu-khach-hang-cskh
10872,bat-dong-san,bat-dong-san-moi-gioi
10872,,
10873,,
10874,thiet-ke-kien-truc,thiet-ke-do-hoa
10875,,
10876,dich-vu-khach-hang,dich-vu-khach-hang-cskh
10876,kinh-doanh-ban-hang,kinh-doanh-ban-hang-tong-hop
10876,,
10877,,
10878,lao-dong-pho-thong,lao-dong-pho-thong-cong-nhan
10878,,
10879,xay-dung,xay-dung-ky-su
10880,kinh-doanh-ban-hang,kinh-doanh-ban-hang-tong-hop
10881,marketing-truyen-thong,marketing-tong-hop
10882,,
10883,ke-toan-tai-chinh,ke-toan-tai-chinh-ngan-hang
10884,kinh-doanh-ban-hang,kinh-doanh-ban-hang-tong-hop
10885,lao-dong-pho-thong,lao-dong-pho-thong-cong-nhan
10886,kinh-doanh-ban-hang,kinh-doanh-ban-hang-ban-hang
10887,nhan-su-hanh-chinh,nhan-su-tuyen-dung-cb
10888,dich-vu-khach-hang,dich-vu-khach-hang-cskh
10889,,
10890,kinh-doanh-ban-hang,kinh-doanh-ban-hang-tong-hop
10891,lao-dong-pho-thong,lao-dong-pho-thong-tap-vu
10892,nhan-su-hanh-chinh,nhan-su-thu-ky-tro-ly
10892,nhan-su-hanh-chinh,nhan-su-hanh-chinh-van-phong
10892,nhan-su-hanh-chinh,nhan-su-hanh-chinh-van-phong
10893,giao-duc-dao-tao,giao-duc-giang-day
10894,kinh-doanh-ban-hang,kinh-doanh-ban-hang-tong-hop
10894,,
10895,ke-toan-tai-chinh,ke-toan-tai-chinh-ke-toan
10896,san-xuat-qa-qc,san-xuat-thuc-pham
10897,bat-dong-san,bat-dong-san-moi-gioi
10898,xay-dung,xay-dung-ky-su
10899,nhan-su-hanh-chinh,nhan-su-hanh-chinh-van-phong
10900,,
10901,lao-dong-pho-thong,lao-dong-pho-thong-tap-vu
10902,san-xuat-qa-qc,san-xuat-qa-qc-qa-qc
10903,lao-dong-pho-thong,lao-dong-pho-thong-lai-xe
10904,kinh-doanh-ban-hang,kinh-doanh-ban-hang-thu-ngan
10905,kinh-doanh-ban-hang,kinh-doanh-ban-hang-tong-hop
10906,nhan-su-hanh-chinh,nhan-su-hanh-chinh-van-phong
10906,marketing-truyen-thong,marketing-tong-hop
10906,marketing-truyen-thong,marketing-tong-hop
10907,dich-vu-khach-hang,dich-vu-khach-hang-cskh
10908,nhan-su-hanh-chinh,nhan-su-hanh-chinh-van-phong
10908,,
10909,kinh-doanh-ban-hang,kinh-doanh-ban-hang-thu-ngan
10910,,
10910,,
10910,,
10911,kinh-doanh-ban-hang,kinh-doanh-ban-hang-tong-hop
10912,kinh-doanh-ban-hang,kinh-doanh-ban-hang-ban-hang
10913,nhan-su-hanh-chinh,nhan-su-hanh-chinh-van-phong
10914,bat-dong-san,bat-dong-san-moi-gioi
10915,,
10916,,
10917,,
10918,kinh-doanh-ban-hang,kinh-doanh-ban-hang-tong-hop
10919,kinh-doanh-ban-hang,kinh-doanh-ban-hang-ban-hang
10920,kinh-doanh-ban-hang,kinh-doanh-ban-hang-tong-hop
10921,dich-vu-khach-hang,dich-vu-khach-hang-cskh
10922,marketing-truyen-thong,marketing-seo-digital
10923,,
10924,nhan-su-hanh-chinh,nhan-su-tuyen-dung-cb
10925,dich-vu-khach-hang,dich-vu-khach-hang-cskh
10926,san-xuat-qa-qc,san-xuat-thuc-pham
10927,kinh-doanh-ban-hang,kinh-doanh-ban-hang-tong-hop
10927,ke-toan-tai-chinh,ke-toan-tai-chinh-bao-hiem
10928,kinh-doanh-ban-hang,kinh-doanh-ban-hang-tong-hop
10929,kinh-doanh-ban-hang,kinh-doanh-ban-hang-ban-hang
10930,,
10931,,
10932,xay-dung,xay-dung-ky-su
10933,kinh-doanh-ban-hang,kinh-doanh-ban-hang-tong-hop
10934,bat-dong-san,bat-dong-san-moi-gioi
10935,dich-vu-khach-hang,dich-vu-khach-hang-cskh
10936,kinh-doanh-ban-hang,kinh-doanh-ban-hang-tong-hop
10937,,
10938,,
10939,kinh-doanh-ban-hang,kinh-doanh-ban-hang-tong-hop
10939,kinh-doanh-ban-hang,kinh-doanh-ban-hang-tong-hop
10939,,
10940,kinh-doanh-ban-hang,kinh-doanh-ban-hang-tong-hop
10941,,
10942,kinh-doanh-ban-hang,kinh-doanh-ban-hang-tong-hop
10942,kinh-doanh-ban-hang,kinh-doanh-ban-hang-ban-hang
10942,y-te-duoc,y-te-duoc-y-te
10943,dich-vu-khach-hang,dich-vu-khach-hang-cskh
10944,kinh-doanh-ban-hang,kinh-doanh-ban-hang-ban-hang
10945,giao-duc-dao-tao,giao-duc-giang-day
10946,kinh-doanh-ban-hang,kinh-doanh-ban-hang-tong-hop
10947,san-xuat-qa-qc,san-xuat-quan-ly
10948,lao-dong-pho-thong,lao-dong-pho-thong-tap-vu
10949,,
10950,,
10951,kinh-doanh-ban-hang,kinh-doanh-ban-hang-ban-hang
10952,kinh-doanh-ban-hang,kinh-doanh-ban-hang-tong-hop
10953,kinh-doanh-ban-hang,kinh-doanh-ban-hang-sale
10954,lao-dong-pho-thong,lao-dong-pho-thong-tap-vu
10955,cntt,cntt-phat-trien-phan-mem
10956,lao-dong-pho-thong,lao-dong-pho-thong-bao-ve
10957,dich-vu-khach-hang,dich-vu-khach-hang-cskh
10958,,
10959,bat-dong-san,bat-dong-san-moi-gioi
10960,bat-dong-san,bat-dong-san-moi-gioi
10961,khach-san-nha-hang-du-lich,khach-san-spa-lam-dep
10962,marketing-truyen-thong,marketing-truyen-thong-pr
10963,dich-vu-khach-hang,dich-vu-khach-hang-cskh
10964,bat-dong-san,bat-dong-san-moi-gioi
10965,ke-toan-tai-chinh,ke-toan-tai-chinh-ke-toan
10966,dich-vu-khach-hang,dich-vu-khach-hang-cskh
10967,kinh-doanh-ban-hang,kinh-doanh-ban-hang-ban-hang
10968,giao-duc-dao-tao,giao-duc-giang-day
10969,ke-toan-tai-chinh,ke-toan-tai-chinh-bao-hiem
10970,ke-toan-tai-chinh,ke-toan-tai-chinh-ke-toan
10971,,
10972,nhan-su-hanh-chinh,nhan-su-hanh-chinh-van-phong
10973,ke-toan-tai-chinh,ke-toan-tai-chinh-ke-toan
10974,khach-san-nha-hang-du-lich,khach-san-khach-san
10975,dich-vu-khach-hang,dich-vu-khach-hang-cskh
10976,kinh-doanh-ban-hang,kinh-doanh-ban-hang-tong-hop
10977,,
10978,bat-dong-san,bat-dong-san-moi-gioi
10979,kinh-doanh-ban-hang,kinh-doanh-ban-hang-tong-hop
10980,lao-dong-pho-thong,lao-dong-pho-thong-cong-nhan
10981,dien-dien-tu-vien-thong,dien-dien-tu-dien-lanh
10982,kinh-doanh-ban-hang,kinh-doanh-ban-hang-tong-hop
10983,lao-dong-pho-thong,lao-dong-pho-thong-cong-nhan
10984,nhan-su-hanh-chinh,nhan-su-hanh-chinh-van-phong
10985,kinh-doanh-ban-hang,kinh-doanh-ban-hang-tong-hop
10986,kinh-doanh-ban-hang,kinh-doanh-ban-hang-tong-hop
10987,,
10988,lao-dong-pho-thong,lao-dong-pho-thong-lai-xe
10989,lao-dong-pho-thong,lao-dong-pho-thong-cong-nhan
10990,bat-dong-san,bat-dong-san-moi-gioi
10991,lao-dong-pho-thong,lao-dong-pho-thong-tap-vu
10992,ke-toan-tai-chinh,ke-toan-tai-chinh-bao-hiem
10992,kinh-doanh-ban-hang,kinh-doanh-ban-hang-tong-hop
10992,,
10993,lao-dong-pho-thong,lao-dong-pho-thong-cong-nhan
10994,lao-dong-pho-thong,lao-dong-pho-thong-cong-nhan
10995,nhan-su-hanh-chinh,nhan-su-hanh-chinh-van-phong
10996,cntt,cntt-phat-trien-phan-mem
10997,khach-san-nha-hang-du-lich,khach-san-nha-hang-fb
10997,khach-san-nha-hang-du-lich,khach-san-khach-san
10998,,
10999,kinh-doanh-ban-hang,kinh-doanh-ban-hang-ban-hang
11000,,
11001,ke-toan-tai-chinh,ke-toan-tai-chinh-tai-chinh
11002,nhan-su-hanh-chinh,nhan-su-hanh-chinh-van-phong
11003,,
11004,kinh-doanh-ban-hang,kinh-doanh-ban-hang-tong-hop
11005,nhan-su-hanh-chinh,nhan-su-tuyen-dung-cb
11006,kinh-doanh-ban-hang,kinh-doanh-ban-hang-thu-ngan
11007,kinh-doanh-ban-hang,kinh-doanh-ban-hang-tong-hop
11008,kinh-doanh-ban-hang,kinh-doanh-ban-hang-tong-hop
11009,,
11009,,
11009,,
11010,van-tai-logistics,van-tai-xuat-nhap-khau
11011,bat-dong-san,bat-dong-san-moi-gioi
11012,,
11013,kinh-doanh-ban-hang,kinh-doanh-ban-hang-ban-hang
11014,san-xuat-qa-qc,san-xuat-quan-ly
11015,nhan-su-hanh-chinh,nhan-su-thu-ky-tro-ly
11016,nhan-su-hanh-chinh,nhan-su-tuyen-dung-cb
11017,,
11017,,
11018,kinh-doanh-ban-hang,kinh-doanh-ban-hang-ban-hang
11019,kinh-doanh-ban-hang,kinh-doanh-ban-hang-ban-hang
11019,kinh-doanh-ban-hang,kinh-doanh-ban-hang-ban-hang
11019,kinh-doanh-ban-hang,kinh-doanh-ban-hang-thu-ngan
11020,bat-dong-san,bat-dong-san-moi-gioi
11021,kinh-doanh-ban-hang,kinh-doanh-ban-hang-ban-hang
11022,kinh-doanh-ban-hang,kinh-doanh-ban-hang-tong-hop
11023,nhan-su-hanh-chinh,nhan-su-hanh-chinh-van-phong
11024,kinh-doanh-ban-hang,kinh-doanh-ban-hang-ban-hang
11025,nhan-su-hanh-chinh,nhan-su-hanh-chinh-van-phong
11026,dich-vu-khach-hang,dich-vu-khach-hang-cskh
11026,,
11026,dich-vu-khach-hang,dich-vu-khach-hang-cskh
11027,kinh-doanh-ban-hang,kinh-doanh-ban-hang-tong-hop
11028,marketing-truyen-thong,marketing-bien-phien-dich
11029,lao-dong-pho-thong,lao-dong-pho-thong-tap-vu
11030,,
11031,dich-vu-khach-hang,dich-vu-khach-hang-cskh
11032,kinh-doanh-ban-hang,kinh-doanh-ban-hang-ban-hang
11033,lao-dong-pho-thong,lao-dong-pho-thong-cong-nhan
11033,lao-dong-pho-thong,lao-dong-pho-thong-cong-nhan
11034,san-xuat-qa-qc,san-xuat-thuc-pham
11035,,
11036,kinh-doanh-ban-hang,kinh-doanh-ban-hang-tong-hop
11037,kinh-doanh-ban-hang,kinh-doanh-ban-hang-tong-hop
11038,ke-toan-tai-chinh,ke-toan-tai-chinh-ke-toan
11039,,
11040,kinh-doanh-ban-hang,kinh-doanh-ban-hang-tong-hop
11041,dich-vu-khach-hang,dich-vu-khach-hang-cskh
11042,,
11043,kinh-doanh-ban-hang,kinh-doanh-ban-hang-tong-hop
11044,marketing-truyen-thong,marketing-tong-hop
11045,nhan-su-hanh-chinh,nhan-su-hanh-chinh-van-phong
11046,van-tai-logistics,van-tai-xuat-nhap-khau
11047,kinh-doanh-ban-hang,kinh-doanh-ban-hang-ban-hang
11048,,
11049,ke-toan-tai-chinh,ke-toan-tai-chinh-ke-toan
11050,san-xuat-qa-qc,san-xuat-qa-qc-qa-qc
11051,dich-vu-khach-hang,dich-vu-khach-hang-cskh
11052,kinh-doanh-ban-hang,kinh-doanh-ban-hang-tong-hop
11053,marketing-truyen-thong,marketing-seo-digital
11054,lao-dong-pho-thong,lao-dong-pho-thong-lai-xe
11055,marketing-truyen-thong,marketing-seo-digital
11056,kinh-doanh-ban-hang,kinh-doanh-ban-hang-tong-hop
11056,,
11057,,
11058,kinh-doanh-ban-hang,kinh-doanh-ban-hang-ban-hang
11059,marketing-truyen-thong,marketing-tong-hop
11060,marketing-truyen-thong,marketing-seo-digital
11061,dich-vu-khach-hang,dich-vu-khach-hang-cskh
11062,nhan-su-hanh-chinh,nhan-su-hanh-chinh-van-phong
11062,kinh-doanh-ban-hang,kinh-doanh-ban-hang-tong-hop
11062,,
11063,bat-dong-san,bat-dong-san-moi-gioi
11064,thiet-ke-kien-truc,thiet-ke-do-hoa
11065,kinh-doanh-ban-hang,kinh-doanh-ban-hang-tong-hop
11066,nhan-su-hanh-chinh,nhan-su-tuyen-dung-cb
11067,ke-toan-tai-chinh,ke-toan-tai-chinh-ke-toan
11068,dich-vu-khach-hang,dich-vu-khach-hang-cskh
11069,bat-dong-san,bat-dong-san-moi-gioi
11070,khach-san-nha-hang-du-lich,khach-san-khach-san
11071,bat-dong-san,bat-dong-san-moi-gioi
11072,kinh-doanh-ban-hang,kinh-doanh-ban-hang-sale
11073,kinh-doanh-ban-hang,kinh-doanh-ban-hang-tong-hop
11074,lao-dong-pho-thong,lao-dong-pho-thong-lai-xe
11075,giao-duc-dao-tao,giao-duc-giang-day
11076,,
11077,kinh-doanh-ban-hang,kinh-doanh-ban-hang-tong-hop
11077,,
11078,nhan-su-hanh-chinh,nhan-su-thu-ky-tro-ly
11078,nhan-su-hanh-chinh,nhan-su-hanh-chinh-van-phong
11078,ke-toan-tai-chinh,ke-toan-tai-chinh-kiem-toan
11079,,
11080,kinh-doanh-ban-hang,kinh-doanh-ban-hang-tong-hop
11081,nhan-su-hanh-chinh,nhan-su-hanh-chinh-van-phong
11082,nhan-su-hanh-chinh,nhan-su-hanh-chinh-van-phong
11083,nhan-su-hanh-chinh,nhan-su-hanh-chinh-van-phong
11083,ke-toan-tai-chinh,ke-toan-tai-chinh-kiem-toan
11084,lao-dong-pho-thong,lao-dong-pho-thong-lai-xe
11085,san-xuat-qa-qc,san-xuat-my-pham
11086,,
11087,bat-dong-san,bat-dong-san-moi-gioi
11088,ke-toan-tai-chinh,ke-toan-tai-chinh-ke-toan
11089,kinh-doanh-ban-hang,kinh-doanh-ban-hang-tong-hop
11090,kinh-doanh-ban-hang,kinh-doanh-ban-hang-tong-hop
11091,ke-toan-tai-chinh,ke-toan-tai-chinh-ngan-hang
11092,ke-toan-tai-chinh,ke-toan-tai-chinh-bao-hiem
11093,lao-dong-pho-thong,lao-dong-pho-thong-tap-vu
11094,bat-dong-san,bat-dong-san-moi-gioi
11095,,
11096,dich-vu-khach-hang,dich-vu-khach-hang-cskh
11097,san-xuat-qa-qc,san-xuat-thuc-pham
11098,dich-vu-khach-hang,dich-vu-khach-hang-cskh
11099,lao-dong-pho-thong,lao-dong-pho-thong-bao-ve
11100,,
11101,nhan-su-hanh-chinh,nhan-su-hanh-chinh-van-phong
11102,ke-toan-tai-chinh,ke-toan-tai-chinh-ke-toan
11103,nhan-su-hanh-chinh,nhan-su-thu-ky-tro-ly
11104,kinh-doanh-ban-hang,kinh-doanh-ban-hang-tong-hop
11105,,
11106,nhan-su-hanh-chinh,nhan-su-hanh-chinh-van-phong
11107,kinh-doanh-ban-hang,kinh-doanh-ban-hang-tong-hop
11108,,
11109,kinh-doanh-ban-hang,kinh-doanh-ban-hang-ban-hang
11110,dien-dien-tu-vien-thong,dien-dien-tu-dien-lanh
11111,dien-dien-tu-vien-thong,dien-dien-tu-dien-lanh
11112,co-khi-che-tao,co-khi-che-tao-co-khi
11113,kinh-doanh-ban-hang,kinh-doanh-ban-hang-tong-hop
11114,,
11115,dich-vu-khach-hang,dich-vu-khach-hang-cskh
11116,kinh-doanh-ban-hang,kinh-doanh-ban-hang-tong-hop
11117,ke-toan-tai-chinh,ke-toan-tai-chinh-ke-toan
11118,cntt,cntt-phat-trien-phan-mem
11119,nhan-su-hanh-chinh,nhan-su-hanh-chinh-van-phong
11120,giao-duc-dao-tao,giao-duc-giang-day
11121,khach-san-nha-hang-du-lich,khach-san-du-lich-le-hanh
11122,bat-dong-san,bat-dong-san-moi-gioi
11123,,
11124,lao-dong-pho-thong,lao-dong-pho-thong-lai-xe
11125,kinh-doanh-ban-hang,kinh-doanh-ban-hang-tong-hop
11126,kinh-doanh-ban-hang,kinh-doanh-ban-hang-sale
11127,kinh-doanh-ban-hang,kinh-doanh-ban-hang-tong-hop
11128,giao-duc-dao-tao,giao-duc-giang-day
11129,san-xuat-qa-qc,san-xuat-det-may
11130,bat-dong-san,bat-dong-san-moi-gioi
11130,bat-dong-san,bat-dong-san-moi-gioi
11130,bat-dong-san,bat-dong-san-moi-gioi
11131,dich-vu-khach-hang,dich-vu-khach-hang-cskh
11132,ke-toan-tai-chinh,ke-toan-tai-chinh-bao-hiem
11133,,
11134,marketing-truyen-thong,marketing-seo-digital
11135,marketing-truyen-thong,marketing-seo-digital
11136,,
11137,bat-dong-san,bat-dong-san-moi-gioi
11137,kinh-doanh-ban-hang,kinh-doanh-ban-hang-tong-hop
11137,,
11138,kinh-doanh-ban-hang,kinh-doanh-ban-hang-tong-hop
11139,,
11140,nhan-su-hanh-chinh,nhan-su-hanh-chinh-van-phong
11141,nhan-su-hanh-chinh,nhan-su-phap-ly-phap-che
11142,lao-dong-pho-thong,lao-dong-pho-thong-cong-nhan
11143,,
11143,,
11144,lao-dong-pho-thong,lao-dong-pho-thong-lai-xe
11145,kinh-doanh-ban-hang,kinh-doanh-ban-hang-sale
11146,dich-vu-khach-hang,dich-vu-khach-hang-cskh
11147,kinh-doanh-ban-hang,kinh-doanh-ban-hang-tong-hop
11148,,
11149,kinh-doanh-ban-hang,kinh-doanh-ban-hang-tong-hop
11150,,
11151,,
11152,lao-dong-pho-thong,lao-dong-pho-thong-lai-xe
11153,kinh-doanh-ban-hang,kinh-doanh-ban-hang-ban-hang
11154,san-xuat-qa-qc,san-xuat-quan-ly
11155,kinh-doanh-ban-hang,kinh-doanh-ban-hang-ban-hang
11156,thiet-ke-kien-truc,thiet-ke-do-hoa
11157,bat-dong-san,bat-dong-san-moi-gioi
11158,kinh-doanh-ban-hang,kinh-doanh-ban-hang-sale
11158,,
11159,,
11160,kinh-doanh-ban-hang,kinh-doanh-ban-hang-ban-hang
11161,xay-dung,xay-dung-ky-su
11161,thiet-ke-kien-truc,thiet-ke-kien-truc-kien-truc
11161,thiet-ke-kien-truc,thiet-ke-kien-truc-kien-truc
11162,kinh-doanh-ban-hang,kinh-doanh-ban-hang-tong-hop
11163,,
11164,kinh-doanh-ban-hang,kinh-doanh-ban-hang-ban-hang
11165,kinh-doanh-ban-hang,kinh-doanh-ban-hang-sale
11165,kinh-doanh-ban-hang,kinh-doanh-ban-hang-tong-hop
11166,lao-dong-pho-thong,lao-dong-pho-thong-lai-xe
11167,kinh-doanh-ban-hang,kinh-doanh-ban-hang-tong-hop
11168,nhan-su-hanh-chinh,nhan-su-hanh-chinh-van-phong
11169,co-khi-che-tao,co-khi-o-to
11170,bat-dong-san,bat-dong-san-moi-gioi
11171,thiet-ke-kien-truc,thiet-ke-noi-that
11172,,
11173,bat-dong-san,bat-dong-san-moi-gioi
11174,khach-san-nha-hang-du-lich,khach-san-du-lich-le-hanh
11175,ke-toan-tai-chinh,ke-toan-tai-chinh-ke-toan
11176,thiet-ke-kien-truc,thiet-ke-noi-that
11177,kinh-doanh-ban-hang,kinh-doanh-ban-hang-tong-hop
11178,bat-dong-san,bat-dong-san-moi-gioi
11179,giao-duc-dao-tao,giao-duc-giang-day
11180,ke-toan-tai-chinh,ke-toan-tai-chinh-tai-chinh
11181,kinh-doanh-ban-hang,kinh-doanh-ban-hang-tong-hop
11182,kinh-doanh-ban-hang,kinh-doanh-ban-hang-tong-hop
11183,khach-san-nha-hang-du-lich,khach-san-nha-hang-fb
11183,lao-dong-pho-thong,lao-dong-pho-thong-tap-vu
11183,kinh-doanh-ban-hang,kinh-doanh-ban-hang-thu-ngan
11184,ke-toan-tai-chinh,ke-toan-tai-chinh-bao-hiem
11185,thiet-ke-kien-truc,thiet-ke-kien-truc-kien-truc
11186,cntt,cntt-phat-trien-phan-mem
11187,,
11188,dich-vu-khach-hang,dich-vu-khach-hang-cskh
11189,kinh-doanh-ban-hang,kinh-doanh-ban-hang-ban-hang
11190,,
11191,,
11192,ke-toan-tai-chinh,ke-toan-tai-chinh-ke-toan
11193,dich-vu-khach-hang,dich-vu-khach-hang-cskh
11194,marketing-truyen-thong,marketing-tong-hop
11195,dich-vu-khach-hang,dich-vu-khach-hang-cskh
11196,,
11197,kinh-doanh-ban-hang,kinh-doanh-ban-hang-ban-hang
11198,marketing-truyen-thong,marketing-seo-digital
11199,cntt,cntt-phat-trien-phan-mem
11200,kinh-doanh-ban-hang,kinh-doanh-ban-hang-tong-hop
11201,nhan-su-hanh-chinh,nhan-su-hanh-chinh-van-phong
11202,,
11203,kinh-doanh-ban-hang,kinh-doanh-ban-hang-ban-hang
11204,dich-vu-khach-hang,dich-vu-khach-hang-cskh
11205,lao-dong-pho-thong,lao-dong-pho-thong-lai-xe
11206,lao-dong-pho-thong,lao-dong-pho-thong-lai-xe
11207,dich-vu-khach-hang,dich-vu-khach-hang-cskh
11208,kinh-doanh-ban-hang,kinh-doanh-ban-hang-ban-hang
11209,kinh-doanh-ban-hang,kinh-doanh-ban-hang-tong-hop
11210,kinh-doanh-ban-hang,kinh-doanh-ban-hang-tong-hop
11211,y-te-duoc,y-te-duoc-y-te
11212,kinh-doanh-ban-hang,kinh-doanh-ban-hang-ban-hang
11213,ke-toan-tai-chinh,ke-toan-tai-chinh-bao-hiem
11214,kinh-doanh-ban-hang,kinh-doanh-ban-hang-tong-hop
11215,kinh-doanh-ban-hang,kinh-doanh-ban-hang-tong-hop
11216,,
11217,lao-dong-pho-thong,lao-dong-pho-thong-lai-xe
11218,lao-dong-pho-thong,lao-dong-pho-thong-lai-xe
11219,dich-vu-khach-hang,dich-vu-khach-hang-cskh
11220,,
11220,co-khi-che-tao,co-khi-che-tao-co-khi
11220,,
11221,dich-vu-khach-hang,dich-vu-khach-hang-cskh
11222,,
11222,kinh-doanh-ban-hang,kinh-doanh-ban-hang-ban-hang
11222,,
11223,xay-dung,xay-dung-ky-su
11224,kinh-doanh-ban-hang,kinh-doanh-ban-hang-tong-hop
11225,kinh-doanh-ban-hang,kinh-doanh-ban-hang-tong-hop
11226,kinh-doanh-ban-hang,kinh-doanh-ban-hang-tong-hop
11227,,
11228,kinh-doanh-ban-hang,kinh-doanh-ban-hang-ban-hang
11229,kinh-doanh-ban-hang,kinh-doanh-ban-hang-tong-hop
11230,nhan-su-hanh-chinh,nhan-su-hanh-chinh-van-phong
11231,kinh-doanh-ban-hang,kinh-doanh-ban-hang-tong-hop
11232,kinh-doanh-ban-hang,kinh-doanh-ban-hang-tong-hop
11233,giao-duc-dao-tao,giao-duc-giang-day
11234,kinh-doanh-ban-hang,kinh-doanh-ban-hang-tong-hop
11235,cntt,cntt-phat-trien-phan-mem
11236,ke-toan-tai-chinh,ke-toan-tai-chinh-ke-toan
11237,kinh-doanh-ban-hang,kinh-doanh-ban-hang-ban-hang
11238,ke-toan-tai-chinh,ke-toan-tai-chinh-ke-toan
11239,nhan-su-hanh-chinh,nhan-su-hanh-chinh-van-phong
11240,,
11241,san-xuat-qa-qc,san-xuat-moi-truong
11242,lao-dong-pho-thong,lao-dong-pho-thong-cong-nhan
11243,marketing-truyen-thong,marketing-tong-hop
11244,bat-dong-san,bat-dong-san-moi-gioi
11245,ke-toan-tai-chinh,ke-toan-tai-chinh-tai-chinh
11246,lao-dong-pho-thong,lao-dong-pho-thong-lai-xe
11246,van-tai-logistics,van-tai-giao-nhan
11247,,
11248,san-xuat-qa-qc,san-xuat-thuc-pham
11249,marketing-truyen-thong,marketing-bao-chi-truyen-hinh
11250,ke-toan-tai-chinh,ke-toan-tai-chinh-ke-toan
11251,cntt,cntt-phan-cung-mang
11252,nhan-su-hanh-chinh,nhan-su-tuyen-dung-cb
11253,kinh-doanh-ban-hang,kinh-doanh-ban-hang-tong-hop
11253,,
11253,,
11254,,
11255,khach-san-nha-hang-du-lich,khach-san-spa-lam-dep
11256,dich-vu-khach-hang,dich-vu-khach-hang-cskh
11257,lao-dong-pho-thong,lao-dong-pho-thong-cong-nhan
11258,lao-dong-pho-thong,lao-dong-pho-thong-cong-nhan
11259,kinh-doanh-ban-hang,kinh-doanh-ban-hang-ban-hang
11260,bat-dong-san,bat-dong-san-moi-gioi
11261,san-xuat-qa-qc,san-xuat-nong-nghiep
11262,marketing-truyen-thong,marketing-bien-phien-dich
11263,,
11264,san-xuat-qa-qc,san-xuat-quan-ly
11265,marketing-truyen-thong,marketing-tong-hop
11266,kinh-doanh-ban-hang,kinh-doanh-ban-hang-tong-hop
11267,ke-toan-tai-chinh,ke-toan-tai-chinh-bao-hiem
11267,kinh-doanh-ban-hang,kinh-doanh-ban-hang-tong-hop
11267,ke-toan-tai-chinh,ke-toan-tai-chinh-bao-hiem
11268,marketing-truyen-thong,marketing-tong-hop
11269,cntt,cntt-phat-trien-phan-mem
11270,kinh-doanh-ban-hang,kinh-doanh-ban-hang-tong-hop
11271,nhan-su-hanh-chinh,nhan-su-hanh-chinh-van-phong
11271,nhan-su-hanh-chinh,nhan-su-tuyen-dung-cb
11272,lao-dong-pho-thong,lao-dong-pho-thong-tap-vu
11273,cntt,cntt-phat-trien-phan-mem
11274,xay-dung,xay-dung-ky-su
11275,ke-toan-tai-chinh,ke-toan-tai-chinh-ke-toan
11276,co-khi-che-tao,co-khi-che-tao-co-khi
11277,,
11277,,
11277,,
11278,,
11279,bat-dong-san,bat-dong-san-moi-gioi
11280,kinh-doanh-ban-hang,kinh-doanh-ban-hang-tong-hop
11281,,
11281,nhan-su-hanh-chinh,nhan-su-hanh-chinh-van-phong
11282,lao-dong-pho-thong,lao-dong-pho-thong-cong-nhan
11283,cntt,cntt-phat-trien-phan-mem
11284,,
11285,,
11286,,
11287,bat-dong-san,bat-dong-san-moi-gioi
11288,ke-toan-tai-chinh,ke-toan-tai-chinh-bao-hiem
11288,kinh-doanh-ban-hang,kinh-doanh-ban-hang-tong-hop
11288,kinh-doanh-ban-hang,kinh-doanh-ban-hang-tong-hop
11289,marketing-truyen-thong,marketing-bien-phien-dich
11290,,
11291,giao-duc-dao-tao,giao-duc-giang-day
11292,co-khi-che-tao,co-khi-che-tao-co-khi
11292,san-xuat-qa-qc,san-xuat-quan-ly
11292,,
11293,bat-dong-san,bat-dong-san-moi-gioi
11294,,
11295,ke-toan-tai-chinh,ke-toan-tai-chinh-ke-toan
11296,kinh-doanh-ban-hang,kinh-doanh-ban-hang-tong-hop
11297,dich-vu-khach-hang,dich-vu-khach-hang-cskh
11298,,
11299,,
11299,kinh-doanh-ban-hang,kinh-doanh-ban-hang-tong-hop
11300,kinh-doanh-ban-hang,kinh-doanh-ban-hang-tong-hop
11301,kinh-doanh-ban-hang,kinh-doanh-ban-hang-tong-hop
11302,kinh-doanh-ban-hang,kinh-doanh-ban-hang-tong-hop
11303,khach-san-nha-hang-du-lich,khach-san-du-lich-le-hanh
11304,thiet-ke-kien-truc,thiet-ke-kien-truc-kien-truc
11305,,
11306,dich-vu-khach-hang,dich-vu-khach-hang-cskh
11307,lao-dong-pho-thong,lao-dong-pho-thong-lai-xe
11308,ke-toan-tai-chinh,ke-toan-tai-chinh-kiem-toan
11308,kinh-doanh-ban-hang,kinh-doanh-ban-hang-tong-hop
11308,kinh-doanh-ban-hang,kinh-doanh-ban-hang-thu-ngan
11309,co-khi-che-tao,co-khi-che-tao-co-khi
11310,nhan-su-hanh-chinh,nhan-su-hanh-chinh-van-phong
11311,kinh-doanh-ban-hang,kinh-doanh-ban-hang-thu-ngan
11312,dich-vu-khach-hang,dich-vu-khach-hang-cskh
11313,,
11313,,
11313,,
11314,lao-dong-pho-thong,lao-dong-pho-thong-lai-xe
11315,bat-dong-san,bat-dong-san-moi-gioi
11316,kinh-doanh-ban-hang,kinh-doanh-ban-hang-sale
11317,kinh-doanh-ban-hang,kinh-doanh-ban-hang-tong-hop
11318,lao-dong-pho-thong,lao-dong-pho-thong-lai-xe
11319,,
11320,kinh-doanh-ban-hang,kinh-doanh-ban-hang-ban-hang
11321,kinh-doanh-ban-hang,kinh-doanh-ban-hang-sale
11322,marketing-truyen-thong,marketing-tong-hop
11323,marketing-truyen-thong,marketing-tong-hop
11324,dich-vu-khach-hang,dich-vu-khach-hang-cskh
11325,kinh-doanh-ban-hang,kinh-doanh-ban-hang-ban-hang
11326,kinh-doanh-ban-hang,kinh-doanh-ban-hang-ban-hang
11327,kinh-doanh-ban-hang,kinh-doanh-ban-hang-ban-hang
11328,,
11329,kinh-doanh-ban-hang,kinh-doanh-ban-hang-ban-hang
11330,lao-dong-pho-thong,lao-dong-pho-thong-lai-xe
11331,kinh-doanh-ban-hang,kinh-doanh-ban-hang-ban-hang
11332,y-te-duoc,y-te-duoc-y-te
11333,kinh-doanh-ban-hang,kinh-doanh-ban-hang-tong-hop
11334,kinh-doanh-ban-hang,kinh-doanh-ban-hang-tong-hop
11335,cntt,cntt-phat-trien-phan-mem
11335,,
11335,cntt,cntt-phat-trien-phan-mem
11336,ke-toan-tai-chinh,ke-toan-tai-chinh-ngan-hang
11336,lao-dong-pho-thong,lao-dong-pho-thong-bao-ve
11336,lao-dong-pho-thong,lao-dong-pho-thong-bao-ve
11337,dich-vu-khach-hang,dich-vu-khach-hang-cskh
11338,marketing-truyen-thong,marketing-tong-hop
11339,kinh-doanh-ban-hang,kinh-doanh-ban-hang-tong-hop
11340,nhan-su-hanh-chinh,nhan-su-hanh-chinh-van-phong
11341,marketing-truyen-thong,marketing-seo-digital
11342,ke-toan-tai-chinh,ke-toan-tai-chinh-ke-toan
11343,khach-san-nha-hang-du-lich,khach-san-nha-hang-fb
11344,nhan-su-hanh-chinh,nhan-su-hanh-chinh-van-phong
11345,ke-toan-tai-chinh,ke-toan-tai-chinh-ke-toan
11346,lao-dong-pho-thong,lao-dong-pho-thong-lai-xe
11347,dich-vu-khach-hang,dich-vu-khach-hang-cskh
11348,dich-vu-khach-hang,dich-vu-khach-hang-cskh
11349,,
11349,xay-dung,xay-dung-ky-su
11349,xay-dung,xay-dung-ky-su
11350,lao-dong-pho-thong,lao-dong-pho-thong-lai-xe
11351,cntt,cntt-phat-trien-phan-mem
11352,kinh-doanh-ban-hang,kinh-doanh-ban-hang-ban-hang
11353,,
11354,,
11355,kinh-doanh-ban-hang,kinh-doanh-ban-hang-tong-hop
11356,cntt,cntt-phan-cung-mang
11356,,
11356,,
11357,bat-dong-san,bat-dong-san-moi-gioi
11358,,
11359,nhan-su-hanh-chinh,nhan-su-hanh-chinh-van-phong
11360,kinh-doanh-ban-hang,kinh-doanh-ban-hang-sale
11361,kinh-doanh-ban-hang,kinh-doanh-ban-hang-tong-hop
11362,bat-dong-san,bat-dong-san-moi-gioi
11362,kinh-doanh-ban-hang,kinh-doanh-ban-hang-tong-hop
11362,bat-dong-san,bat-dong-san-moi-gioi
11363,,
11364,kinh-doanh-ban-hang,kinh-doanh-ban-hang-ban-hang
11365,,
11366,,
11367,kinh-doanh-ban-hang,kinh-doanh-ban-hang-tong-hop
11368,,
11369,,
11370,ke-toan-tai-chinh,ke-toan-tai-chinh-tai-chinh
11371,marketing-truyen-thong,marketing-tong-hop
11372,kinh-doanh-ban-hang,kinh-doanh-ban-hang-tong-hop
11373,kinh-doanh-ban-hang,kinh-doanh-ban-hang-ban-hang
11374,bat-dong-san,bat-dong-san-moi-gioi
11375,,
11376,cntt,cntt-phat-trien-phan-mem
11377,nhan-su-hanh-chinh,nhan-su-hanh-chinh-van-phong
11377,ke-toan-tai-chinh,ke-toan-tai-chinh-kiem-toan
11378,kinh-doanh-ban-hang,kinh-doanh-ban-hang-tong-hop
11379,kinh-doanh-ban-hang,kinh-doanh-ban-hang-sale
11380,kinh-doanh-ban-hang,kinh-doanh-ban-hang-tong-hop
11381,,
11382,dich-vu-khach-hang,dich-vu-khach-hang-cskh
11383,nhan-su-hanh-chinh,nhan-su-hanh-chinh-van-phong
11384,kinh-doanh-ban-hang,kinh-doanh-ban-hang-tong-hop
11385,khach-san-nha-hang-du-lich,khach-san-nha-hang-fb
11386,lao-dong-pho-thong,lao-dong-pho-thong-tap-vu
11387,dich-vu-khach-hang,dich-vu-khach-hang-cskh
11387,san-xuat-qa-qc,san-xuat-my-pham
11387,kinh-doanh-ban-hang,kinh-doanh-ban-hang-ban-hang
11388,dich-vu-khach-hang,dich-vu-khach-hang-cskh
11389,marketing-truyen-thong,marketing-tong-hop
11390,kinh-doanh-ban-hang,kinh-doanh-ban-hang-sale
11391,ke-toan-tai-chinh,ke-toan-tai-chinh-ngan-hang
11391,lao-dong-pho-thong,lao-dong-pho-thong-bao-ve
11391,lao-dong-pho-thong,lao-dong-pho-thong-bao-ve
11392,nhan-su-hanh-chinh,nhan-su-tuyen-dung-cb
11393,ke-toan-tai-chinh,ke-toan-tai-chinh-bao-hiem
11394,bat-dong-san,bat-dong-san-moi-gioi
11395,,
11396,,
11397,kinh-doanh-ban-hang,kinh-doanh-ban-hang-tong-hop
11398,kinh-doanh-ban-hang,kinh-doanh-ban-hang-tong-hop
11399,bat-dong-san,bat-dong-san-moi-gioi
11400,dich-vu-khach-hang,dich-vu-khach-hang-cskh
11400,bat-dong-san,bat-dong-san-moi-gioi
11400,kinh-doanh-ban-hang,kinh-doanh-ban-hang-tong-hop
11401,lao-dong-pho-thong,lao-dong-pho-thong-lai-xe
11402,kinh-doanh-ban-hang,kinh-doanh-ban-hang-tong-hop
11403,nhan-su-hanh-chinh,nhan-su-tuyen-dung-cb
11404,lao-dong-pho-thong,lao-dong-pho-thong-cong-nhan
11405,lao-dong-pho-thong,lao-dong-pho-thong-cong-nhan
11406,ke-toan-tai-chinh,ke-toan-tai-chinh-ke-toan
11407,kinh-doanh-ban-hang,kinh-doanh-ban-hang-tong-hop
11408,,
11409,kinh-doanh-ban-hang,kinh-doanh-ban-hang-ban-hang
11410,kinh-doanh-ban-hang,kinh-doanh-ban-hang-tong-hop
11411,bat-dong-san,bat-dong-san-moi-gioi
11412,dich-vu-khach-hang,dich-vu-khach-hang-cskh
11413,bat-dong-san,bat-dong-san-moi-gioi
11414,,
11415,bat-dong-san,bat-dong-san-moi-gioi
11416,,
11416,,
11416,,
11417,ke-toan-tai-chinh,ke-toan-tai-chinh-ke-toan
11418,lao-dong-pho-thong,lao-dong-pho-thong-cong-nhan
11419,bat-dong-san,bat-dong-san-moi-gioi
11420,san-xuat-qa-qc,san-xuat-qa-qc-qa-qc
11421,,
11422,bat-dong-san,bat-dong-san-moi-gioi
11423,lao-dong-pho-thong,lao-dong-pho-thong-lai-xe
11424,cntt,cntt-phat-trien-phan-mem
11424,cntt,cntt-phat-trien-phan-mem
11425,kinh-doanh-ban-hang,kinh-doanh-ban-hang-tong-hop
11426,y-te-duoc,y-te-duoc-duoc-pham
11427,,
11428,,
11429,,
11430,,
11430,marketing-truyen-thong,marketing-tong-hop
11431,bat-dong-san,bat-dong-san-moi-gioi
11432,kinh-doanh-ban-hang,kinh-doanh-ban-hang-sale
11433,bat-dong-san,bat-dong-san-moi-gioi
11434,,
11435,marketing-truyen-thong,marketing-tong-hop
11436,marketing-truyen-thong,marketing-to-chuc-su-kien
11437,dich-vu-khach-hang,dich-vu-khach-hang-cskh
11438,,
11439,kinh-doanh-ban-hang,kinh-doanh-ban-hang-tong-hop
11440,cntt,cntt-phan-cung-mang
11441,kinh-doanh-ban-hang,kinh-doanh-ban-hang-tong-hop
11442,lao-dong-pho-thong,lao-dong-pho-thong-tap-vu
11443,dich-vu-khach-hang,dich-vu-khach-hang-cskh
11444,kinh-doanh-ban-hang,kinh-doanh-ban-hang-ban-hang
11444,kinh-doanh-ban-hang,kinh-doanh-ban-hang-ban-hang
11444,kinh-doanh-ban-hang,kinh-doanh-ban-hang-thu-ngan
11445,ke-toan-tai-chinh,ke-toan-tai-chinh-ke-toan
11446,lao-dong-pho-thong,lao-dong-pho-thong-cong-nhan
11446,lao-dong-pho-thong,lao-dong-pho-thong-cong-nhan
11446,,
11447,kinh-doanh-ban-hang,kinh-doanh-ban-hang-ban-hang
11448,khach-san-nha-hang-du-lich,khach-san-khach-san
11449,dich-vu-khach-hang,dich-vu-khach-hang-cskh
11450,marketing-truyen-thong,marketing-tong-hop
11451,dich-vu-khach-hang,dich-vu-khach-hang-cskh
11452,ke-toan-tai-chinh,ke-toan-tai-chinh-bao-hiem
11453,kinh-doanh-ban-hang,kinh-doanh-ban-hang-ban-hang
11454,kinh-doanh-ban-hang,kinh-doanh-ban-hang-tong-hop
11455,kinh-doanh-ban-hang,kinh-doanh-ban-hang-ban-hang
11456,xay-dung,xay-dung-ky-su
11457,dich-vu-khach-hang,dich-vu-khach-hang-cskh
11458,kinh-doanh-ban-hang,kinh-doanh-ban-hang-ban-hang
11459,khach-san-nha-hang-du-lich,khach-san-khach-san
11460,bat-dong-san,bat-dong-san-moi-gioi
11461,marketing-truyen-thong,marketing-seo-digital
11462,bat-dong-san,bat-dong-san-moi-gioi
11463,kinh-doanh-ban-hang,kinh-doanh-ban-hang-tong-hop
11464,dich-vu-khach-hang,dich-vu-khach-hang-cskh
11464,kinh-doanh-ban-hang,kinh-doanh-ban-hang-tong-hop
11464,kinh-doanh-ban-hang,kinh-doanh-ban-hang-ban-hang
11465,nhan-su-hanh-chinh,nhan-su-hanh-chinh-van-phong
11466,ke-toan-tai-chinh,ke-toan-tai-chinh-ke-toan
11467,cntt,cntt-phat-trien-phan-mem
11468,kinh-doanh-ban-hang,kinh-doanh-ban-hang-tong-hop
11469,lao-dong-pho-thong,lao-dong-pho-thong-lai-xe
11470,,
11471,,
11472,dich-vu-khach-hang,dich-vu-khach-hang-cskh
11473,marketing-truyen-thong,marketing-seo-digital
11474,kinh-doanh-ban-hang,kinh-doanh-ban-hang-tong-hop
11475,van-tai-logistics,van-tai-logistics-kho-van
11476,ke-toan-tai-chinh,ke-toan-tai-chinh-tai-chinh
11477,ke-toan-tai-chinh,ke-toan-tai-chinh-ke-toan
11478,,
11479,dich-vu-khach-hang,dich-vu-khach-hang-cskh
11480,bat-dong-san,bat-dong-san-moi-gioi
11481,dich-vu-khach-hang,dich-vu-khach-hang-cskh
11482,,
11483,kinh-doanh-ban-hang,kinh-doanh-ban-hang-ban-hang
11484,kinh-doanh-ban-hang,kinh-doanh-ban-hang-sale
11485,kinh-doanh-ban-hang,kinh-doanh-ban-hang-sale
11486,van-tai-logistics,van-tai-giao-nhan
11487,kinh-doanh-ban-hang,kinh-doanh-ban-hang-tong-hop
11488,nhan-su-hanh-chinh,nhan-su-hanh-chinh-van-phong
11489,,
11490,bat-dong-san,bat-dong-san-moi-gioi
11491,,
11492,,
11493,cntt,cntt-phat-trien-phan-mem
11494,,
11495,co-khi-che-tao,co-khi-che-tao-co-khi
11496,,
11497,ke-toan-tai-chinh,ke-toan-tai-chinh-kiem-toan
11498,ke-toan-tai-chinh,ke-toan-tai-chinh-bao-hiem
11499,dien-dien-tu-vien-thong,dien-dien-tu-dien-lanh
11500,kinh-doanh-ban-hang,kinh-doanh-ban-hang-ban-hang
11501,kinh-doanh-ban-hang,kinh-doanh-ban-hang-sale
11502,kinh-doanh-ban-hang,kinh-doanh-ban-hang-ban-hang
11503,bat-dong-san,bat-dong-san-moi-gioi
11504,dien-dien-tu-vien-thong,dien-dien-tu-vien-thong-vt
11505,cntt,cntt-phan-cung-mang
11506,kinh-doanh-ban-hang,kinh-doanh-ban-hang-tong-hop
11507,kinh-doanh-ban-hang,kinh-doanh-ban-hang-tong-hop
11508,san-xuat-qa-qc,san-xuat-my-pham
11509,lao-dong-pho-thong,lao-dong-pho-thong-cong-nhan
11509,lao-dong-pho-thong,lao-dong-pho-thong-cong-nhan
11510,ke-toan-tai-chinh,ke-toan-tai-chinh-tai-chinh
11511,bat-dong-san,bat-dong-san-moi-gioi
11512,nhan-su-hanh-chinh,nhan-su-hanh-chinh-van-phong
11513,,
11514,marketing-truyen-thong,marketing-truyen-thong-pr
11514,marketing-truyen-thong,marketing-truyen-thong-pr
11515,,
11516,,
11517,,
11518,kinh-doanh-ban-hang,kinh-doanh-ban-hang-tong-hop
11519,nhan-su-hanh-chinh,nhan-su-hanh-chinh-van-phong
11519,nhan-su-hanh-chinh,nhan-su-hanh-chinh-van-phong
11519,nhan-su-hanh-chinh,nhan-su-hanh-chinh-van-phong
11520,lao-dong-pho-thong,lao-dong-pho-thong-lai-xe
11521,kinh-doanh-ban-hang,kinh-doanh-ban-hang-tong-hop
11522,dich-vu-khach-hang,dich-vu-khach-hang-cskh
11523,,
11524,cntt,cntt-phat-trien-phan-mem
11525,ke-toan-tai-chinh,ke-toan-tai-chinh-ke-toan
11526,kinh-doanh-ban-hang,kinh-doanh-ban-hang-tong-hop
11527,kinh-doanh-ban-hang,kinh-doanh-ban-hang-tong-hop
11527,,
11528,,
11529,kinh-doanh-ban-hang,kinh-doanh-ban-hang-ban-hang
11530,lao-dong-pho-thong,lao-dong-pho-thong-tap-vu
11531,kinh-doanh-ban-hang,kinh-doanh-ban-hang-ban-hang
11532,giao-duc-dao-tao,giao-duc-giang-day
11532,,
11532,marketing-truyen-thong,marketing-bao-chi-truyen-hinh
11533,kinh-doanh-ban-hang,kinh-doanh-ban-hang-tong-hop
11534,bat-dong-san,bat-dong-san-moi-gioi
11535,kinh-doanh-ban-hang,kinh-doanh-ban-hang-tong-hop
11536,nhan-su-hanh-chinh,nhan-su-phap-ly-phap-che
11537,cntt,cntt-phat-trien-phan-mem
11538,xay-dung,xay-dung-ky-su
11539,nhan-su-hanh-chinh,nhan-su-phap-ly-phap-che
11540,,
11541,marketing-truyen-thong,marketing-tong-hop
11542,ke-toan-tai-chinh,ke-toan-tai-chinh-bao-hiem
11543,kinh-doanh-ban-hang,kinh-doanh-ban-hang-ban-hang
11544,kinh-doanh-ban-hang,kinh-doanh-ban-hang-tong-hop
11545,kinh-doanh-ban-hang,kinh-doanh-ban-hang-tong-hop
11546,kinh-doanh-ban-hang,kinh-doanh-ban-hang-tong-hop
11547,cntt,cntt-phat-trien-phan-mem
11548,marketing-truyen-thong,marketing-tong-hop
11548,marketing-truyen-thong,marketing-tong-hop
11549,nhan-su-hanh-chinh,nhan-su-hanh-chinh-van-phong
11550,ke-toan-tai-chinh,ke-toan-tai-chinh-ke-toan
11551,marketing-truyen-thong,marketing-bien-phien-dich
11552,,
11553,kinh-doanh-ban-hang,kinh-doanh-ban-hang-tong-hop
11554,,
11555,kinh-doanh-ban-hang,kinh-doanh-ban-hang-tong-hop
11555,,
11555,dich-vu-khach-hang,dich-vu-khach-hang-cskh
11556,marketing-truyen-thong,marketing-tong-hop
11557,ke-toan-tai-chinh,ke-toan-tai-chinh-bao-hiem
11557,ke-toan-tai-chinh,ke-toan-tai-chinh-bao-hiem
11557,ke-toan-tai-chinh,ke-toan-tai-chinh-bao-hiem
11558,ke-toan-tai-chinh,ke-toan-tai-chinh-tai-chinh
11559,dich-vu-khach-hang,dich-vu-khach-hang-cskh
11560,dien-dien-tu-vien-thong,dien-dien-tu-dien-lanh
11561,kinh-doanh-ban-hang,kinh-doanh-ban-hang-tong-hop
11562,lao-dong-pho-thong,lao-dong-pho-thong-lai-xe
11563,,
11564,lao-dong-pho-thong,lao-dong-pho-thong-lai-xe
11565,lao-dong-pho-thong,lao-dong-pho-thong-cong-nhan
11566,kinh-doanh-ban-hang,kinh-doanh-ban-hang-ban-hang
11567,lao-dong-pho-thong,lao-dong-pho-thong-lai-xe
11568,kinh-doanh-ban-hang,kinh-doanh-ban-hang-tong-hop
11569,lao-dong-pho-thong,lao-dong-pho-thong-cong-nhan
11570,kinh-doanh-ban-hang,kinh-doanh-ban-hang-tong-hop
11571,,
11572,kinh-doanh-ban-hang,kinh-doanh-ban-hang-tong-hop
11573,dich-vu-khach-hang,dich-vu-khach-hang-cskh
11574,xay-dung,xay-dung-ky-su
11575,marketing-truyen-thong,marketing-tong-hop
11576,,
11577,kinh-doanh-ban-hang,kinh-doanh-ban-hang-tong-hop
11578,kinh-doanh-ban-hang,kinh-doanh-ban-hang-tong-hop
11579,co-khi-che-tao,co-khi-che-tao-co-khi
11580,,
11581,,
11582,,
11583,ke-toan-tai-chinh,ke-toan-tai-chinh-ke-toan
11584,lao-dong-pho-thong,lao-dong-pho-thong-cong-nhan
11585,bat-dong-san,bat-dong-san-moi-gioi
11586,ke-toan-tai-chinh,ke-toan-tai-chinh-ngan-hang
11587,dich-vu-khach-hang,dich-vu-khach-hang-cskh
11588,kinh-doanh-ban-hang,kinh-doanh-ban-hang-ban-hang
11589,dich-vu-khach-hang,dich-vu-khach-hang-cskh
11590,,
11591,bat-dong-san,bat-dong-san-moi-gioi
11592,lao-dong-pho-thong,lao-dong-pho-thong-cong-nhan
11593,dich-vu-khach-hang,dich-vu-khach-hang-cskh
11594,nhan-su-hanh-chinh,nhan-su-tuyen-dung-cb
11595,marketing-truyen-thong,marketing-tong-hop
11596,kinh-doanh-ban-hang,kinh-doanh-ban-hang-tong-hop
11597,ke-toan-tai-chinh,ke-toan-tai-chinh-bao-hiem
11598,nhan-su-hanh-chinh,nhan-su-tuyen-dung-cb
11599,marketing-truyen-thong,marketing-seo-digital
11600,san-xuat-qa-qc,san-xuat-thuc-pham
11601,khach-san-nha-hang-du-lich,khach-san-khach-san
11602,,
11603,lao-dong-pho-thong,lao-dong-pho-thong-cong-nhan
11604,ke-toan-tai-chinh,ke-toan-tai-chinh-chung-khoan
11604,ke-toan-tai-chinh,ke-toan-tai-chinh-tai-chinh
11604,,
11605,kinh-doanh-ban-hang,kinh-doanh-ban-hang-tong-hop
11606,ke-toan-tai-chinh,ke-toan-tai-chinh-ke-toan
11607,kinh-doanh-ban-hang,kinh-doanh-ban-hang-sale
11608,,
11609,kinh-doanh-ban-hang,kinh-doanh-ban-hang-tong-hop
11610,bat-dong-san,bat-dong-san-moi-gioi
11611,,
11612,bat-dong-san,bat-dong-san-moi-gioi
11613,lao-dong-pho-thong,lao-dong-pho-thong-cong-nhan
11614,van-tai-logistics,van-tai-giao-nhan
11615,kinh-doanh-ban-hang,kinh-doanh-ban-hang-ban-hang
11616,bat-dong-san,bat-dong-san-moi-gioi
11617,bat-dong-san,bat-dong-san-moi-gioi
11618,,
11619,giao-duc-dao-tao,giao-duc-giang-day
11620,nhan-su-hanh-chinh,nhan-su-hanh-chinh-van-phong
11621,kinh-doanh-ban-hang,kinh-doanh-ban-hang-tong-hop
11622,lao-dong-pho-thong,lao-dong-pho-thong-lai-xe
11623,,
11624,,
11625,xay-dung,xay-dung-ky-su
11626,kinh-doanh-ban-hang,kinh-doanh-ban-hang-ban-hang
11626,,
11626,kinh-doanh-ban-hang,kinh-doanh-ban-hang-tong-hop
11627,lao-dong-pho-thong,lao-dong-pho-thong-cong-nhan
11628,lao-dong-pho-thong,lao-dong-pho-thong-lai-xe
11629,nhan-su-hanh-chinh,nhan-su-hanh-chinh-van-phong
11630,marketing-truyen-thong,marketing-bao-chi-truyen-hinh
11630,marketing-truyen-thong,marketing-tong-hop
11630,marketing-truyen-thong,marketing-truyen-thong-pr
11631,,
11632,ke-toan-tai-chinh,ke-toan-tai-chinh-ngan-hang
11633,ke-toan-tai-chinh,ke-toan-tai-chinh-kiem-toan
11634,,
11635,dich-vu-khach-hang,dich-vu-khach-hang-cskh
11636,kinh-doanh-ban-hang,kinh-doanh-ban-hang-sale
11637,kinh-doanh-ban-hang,kinh-doanh-ban-hang-tong-hop
11638,cntt,cntt-phat-trien-phan-mem
11639,van-tai-logistics,van-tai-xuat-nhap-khau
11640,dien-dien-tu-vien-thong,dien-dien-tu-dien-lanh
11641,,
11642,nhan-su-hanh-chinh,nhan-su-hanh-chinh-van-phong
11643,nhan-su-hanh-chinh,nhan-su-hanh-chinh-van-phong
11644,,
11645,,
11646,kinh-doanh-ban-hang,kinh-doanh-ban-hang-tong-hop
11647,dich-vu-khach-hang,dich-vu-khach-hang-cskh
11648,marketing-truyen-thong,marketing-truyen-thong-pr
11649,,
11650,bat-dong-san,bat-dong-san-moi-gioi
11651,dich-vu-khach-hang,dich-vu-khach-hang-cskh
11652,lao-dong-pho-thong,lao-dong-pho-thong-lai-xe
11653,,
11654,marketing-truyen-thong,marketing-tong-hop
11655,kinh-doanh-ban-hang,kinh-doanh-ban-hang-tong-hop
11656,ke-toan-tai-chinh,ke-toan-tai-chinh-bao-hiem
11656,kinh-doanh-ban-hang,kinh-doanh-ban-hang-tong-hop
11656,,
11657,kinh-doanh-ban-hang,kinh-doanh-ban-hang-tong-hop
11658,lao-dong-pho-thong,lao-dong-pho-thong-lai-xe
11659,kinh-doanh-ban-hang,kinh-doanh-ban-hang-tong-hop
11659,kinh-doanh-ban-hang,kinh-doanh-ban-hang-tong-hop
11659,,
11660,kinh-doanh-ban-hang,kinh-doanh-ban-hang-ban-hang
11661,cntt,cntt-phat-trien-phan-mem
11662,kinh-doanh-ban-hang,kinh-doanh-ban-hang-ban-hang
11663,kinh-doanh-ban-hang,kinh-doanh-ban-hang-tong-hop
11664,ke-toan-tai-chinh,ke-toan-tai-chinh-tai-chinh
11665,lao-dong-pho-thong,lao-dong-pho-thong-lai-xe
11666,,
11667,,
11668,ke-toan-tai-chinh,ke-toan-tai-chinh-tai-chinh
11668,ke-toan-tai-chinh,ke-toan-tai-chinh-bao-hiem
11668,kinh-doanh-ban-hang,kinh-doanh-ban-hang-tong-hop
11669,dich-vu-khach-hang,dich-vu-khach-hang-cskh
11670,nhan-su-hanh-chinh,nhan-su-tuyen-dung-cb
11671,cntt,cntt-phat-trien-phan-mem
11672,,
11673,nhan-su-hanh-chinh,nhan-su-hanh-chinh-van-phong
11674,nhan-su-hanh-chinh,nhan-su-tuyen-dung-cb
11675,kinh-doanh-ban-hang,kinh-doanh-ban-hang-ban-hang
11676,kinh-doanh-ban-hang,kinh-doanh-ban-hang-ban-hang
11677,dien-dien-tu-vien-thong,dien-dien-tu-dien-lanh
11678,,
11679,cntt,cntt-phat-trien-phan-mem
11680,cntt,cntt-phat-trien-phan-mem
11681,dich-vu-khach-hang,dich-vu-khach-hang-cskh
11682,ke-toan-tai-chinh,ke-toan-tai-chinh-bao-hiem
11683,nhan-su-hanh-chinh,nhan-su-hanh-chinh-van-phong
11684,ke-toan-tai-chinh,ke-toan-tai-chinh-bao-hiem
11685,kinh-doanh-ban-hang,kinh-doanh-ban-hang-tong-hop
11686,nhan-su-hanh-chinh,nhan-su-hanh-chinh-van-phong
11687,kinh-doanh-ban-hang,kinh-doanh-ban-hang-tong-hop
11688,dich-vu-khach-hang,dich-vu-khach-hang-cskh
11689,kinh-doanh-ban-hang,kinh-doanh-ban-hang-tong-hop
11690,bat-dong-san,bat-dong-san-moi-gioi
11691,,
11692,lao-dong-pho-thong,lao-dong-pho-thong-lai-xe
11693,kinh-doanh-ban-hang,kinh-doanh-ban-hang-ban-hang
11694,kinh-doanh-ban-hang,kinh-doanh-ban-hang-ban-hang
11695,kinh-doanh-ban-hang,kinh-doanh-ban-hang-sale
11695,kinh-doanh-ban-hang,kinh-doanh-ban-hang-tong-hop
11695,nhan-su-hanh-chinh,nhan-su-hanh-chinh-van-phong
11696,ke-toan-tai-chinh,ke-toan-tai-chinh-tai-chinh
11697,marketing-truyen-thong,marketing-tong-hop
11698,nhan-su-hanh-chinh,nhan-su-hanh-chinh-van-phong
11699,khach-san-nha-hang-du-lich,khach-san-nha-hang-fb
11700,xay-dung,xay-dung-ky-su
11701,kinh-doanh-ban-hang,kinh-doanh-ban-hang-tong-hop
11702,y-te-duoc,y-te-duoc-y-te
11703,,
11704,bat-dong-san,bat-dong-san-moi-gioi
11705,kinh-doanh-ban-hang,kinh-doanh-ban-hang-tong-hop
11706,kinh-doanh-ban-hang,kinh-doanh-ban-hang-tong-hop
11707,kinh-doanh-ban-hang,kinh-doanh-ban-hang-thu-ngan
11708,kinh-doanh-ban-hang,kinh-doanh-ban-hang-tong-hop
11709,nhan-su-hanh-chinh,nhan-su-hanh-chinh-van-phong
11710,san-xuat-qa-qc,san-xuat-thuc-pham
11710,san-xuat-qa-qc,san-xuat-qa-qc-qa-qc
11711,ke-toan-tai-chinh,ke-toan-tai-chinh-ke-toan
11712,khach-san-nha-hang-du-lich,khach-san-nha-hang-fb
11713,nhan-su-hanh-chinh,nhan-su-hanh-chinh-van-phong
11714,,
11715,marketing-truyen-thong,marketing-seo-digital
11716,kinh-doanh-ban-hang,kinh-doanh-ban-hang-tong-hop
11717,san-xuat-qa-qc,san-xuat-quan-ly
11718,,
11719,bat-dong-san,bat-dong-san-moi-gioi
11720,kinh-doanh-ban-hang,kinh-doanh-ban-hang-tong-hop
11721,,
11722,bat-dong-san,bat-dong-san-moi-gioi
11723,lao-dong-pho-thong,lao-dong-pho-thong-cong-nhan
11724,lao-dong-pho-thong,lao-dong-pho-thong-lai-xe
11725,,
11726,nhan-su-hanh-chinh,nhan-su-hanh-chinh-van-phong
11727,nhan-su-hanh-chinh,nhan-su-thu-ky-tro-ly
11728,,
11729,kinh-doanh-ban-hang,kinh-doanh-ban-hang-tong-hop
11730,kinh-doanh-ban-hang,kinh-doanh-ban-hang-tong-hop
11731,kinh-doanh-ban-hang,kinh-doanh-ban-hang-sale
11732,kinh-doanh-ban-hang,kinh-doanh-ban-hang-ban-hang
11733,dich-vu-khach-hang,dich-vu-khach-hang-cskh
11734,dich-vu-khach-hang,dich-vu-khach-hang-cskh
11735,khach-san-nha-hang-du-lich,khach-san-nha-hang-fb
11736,ke-toan-tai-chinh,ke-toan-tai-chinh-bao-hiem
11736,kinh-doanh-ban-hang,kinh-doanh-ban-hang-tong-hop
11736,ke-toan-tai-chinh,ke-toan-tai-chinh-tai-chinh
11737,bat-dong-san,bat-dong-san-moi-gioi
11738,kinh-doanh-ban-hang,kinh-doanh-ban-hang-ban-hang
11739,co-khi-che-tao,co-khi-che-tao-co-khi
11740,dich-vu-khach-hang,dich-vu-khach-hang-cskh
11741,dich-vu-khach-hang,dich-vu-khach-hang-cskh
11742,kinh-doanh-ban-hang,kinh-doanh-ban-hang-sale
11743,kinh-doanh-ban-hang,kinh-doanh-ban-hang-tong-hop
11744,kinh-doanh-ban-hang,kinh-doanh-ban-hang-tong-hop
11745,,
11746,van-tai-logistics,van-tai-xuat-nhap-khau
11747,ke-toan-tai-chinh,ke-toan-tai-chinh-bao-hiem
11748,cntt,cntt-phat-trien-phan-mem
11749,bat-dong-san,bat-dong-san-moi-gioi
11750,kinh-doanh-ban-hang,kinh-doanh-ban-hang-tong-hop
11751,kinh-doanh-ban-hang,kinh-doanh-ban-hang-tong-hop
11752,kinh-doanh-ban-hang,kinh-doanh-ban-hang-sale
11753,nhan-su-hanh-chinh,nhan-su-hanh-chinh-van-phong
11754,,
11755,,
11756,kinh-doanh-ban-hang,kinh-doanh-ban-hang-tong-hop
11757,kinh-doanh-ban-hang,kinh-doanh-ban-hang-tong-hop
11758,lao-dong-pho-thong,lao-dong-pho-thong-tap-vu
11758,khach-san-nha-hang-du-lich,khach-san-khach-san
11758,khach-san-nha-hang-du-lich,khach-san-khach-san
11759,,
11760,kinh-doanh-ban-hang,kinh-doanh-ban-hang-ban-hang
11761,san-xuat-qa-qc,san-xuat-moi-truong
11762,nhan-su-hanh-chinh,nhan-su-hanh-chinh-van-phong
11763,bat-dong-san,bat-dong-san-moi-gioi
11764,ke-toan-tai-chinh,ke-toan-tai-chinh-bao-hiem
11764,ke-toan-tai-chinh,ke-toan-tai-chinh-bao-hiem
11765,dich-vu-khach-hang,dich-vu-khach-hang-cskh
11766,kinh-doanh-ban-hang,kinh-doanh-ban-hang-tong-hop
11767,dich-vu-khach-hang,dich-vu-khach-hang-cskh
11767,,
11767,,
11768,bat-dong-san,bat-dong-san-moi-gioi
11769,,
11770,san-xuat-qa-qc,san-xuat-thuc-pham
11771,nhan-su-hanh-chinh,nhan-su-hanh-chinh-van-phong
11772,bat-dong-san,bat-dong-san-moi-gioi
11773,lao-dong-pho-thong,lao-dong-pho-thong-cong-nhan
11774,,
11775,kinh-doanh-ban-hang,kinh-doanh-ban-hang-tong-hop
11776,kinh-doanh-ban-hang,kinh-doanh-ban-hang-tong-hop
11777,lao-dong-pho-thong,lao-dong-pho-thong-lai-xe
11778,marketing-truyen-thong,marketing-tong-hop
11779,kinh-doanh-ban-hang,kinh-doanh-ban-hang-tong-hop
11780,ke-toan-tai-chinh,ke-toan-tai-chinh-ke-toan
11781,kinh-doanh-ban-hang,kinh-doanh-ban-hang-tong-hop
11782,kinh-doanh-ban-hang,kinh-doanh-ban-hang-sale
11783,lao-dong-pho-thong,lao-dong-pho-thong-lai-xe
11784,ke-toan-tai-chinh,ke-toan-tai-chinh-ke-toan
11785,san-xuat-qa-qc,san-xuat-nong-nghiep
11786,ke-toan-tai-chinh,ke-toan-tai-chinh-ke-toan
11787,khach-san-nha-hang-du-lich,khach-san-nha-hang-fb
11788,ke-toan-tai-chinh,ke-toan-tai-chinh-bao-hiem
11788,,
11788,kinh-doanh-ban-hang,kinh-doanh-ban-hang-tong-hop
11789,bat-dong-san,bat-dong-san-moi-gioi
11790,,
11791,bat-dong-san,bat-dong-san-moi-gioi
11792,kinh-doanh-ban-hang,kinh-doanh-ban-hang-ban-hang
11793,san-xuat-qa-qc,san-xuat-thuc-pham
11794,kinh-doanh-ban-hang,kinh-doanh-ban-hang-tong-hop
11795,dich-vu-khach-hang,dich-vu-khach-hang-cskh
11796,,
11797,marketing-truyen-thong,marketing-tong-hop
11797,marketing-truyen-thong,marketing-tong-hop
11797,marketing-truyen-thong,marketing-truyen-thong-pr
11798,,
11799,,
11800,,
11801,bat-dong-san,bat-dong-san-moi-gioi
11802,bat-dong-san,bat-dong-san-moi-gioi
11803,bat-dong-san,bat-dong-san-moi-gioi
11804,bat-dong-san,bat-dong-san-moi-gioi
11804,,
11804,dich-vu-khach-hang,dich-vu-khach-hang-cskh
11805,dich-vu-khach-hang,dich-vu-khach-hang-cskh
11806,cntt,cntt-phat-trien-phan-mem
11807,,
11808,lao-dong-pho-thong,lao-dong-pho-thong-cong-nhan
11809,dich-vu-khach-hang,dich-vu-khach-hang-cskh
11810,kinh-doanh-ban-hang,kinh-doanh-ban-hang-ban-hang
11811,,
11812,lao-dong-pho-thong,lao-dong-pho-thong-tap-vu
11813,,
11814,,
11815,dich-vu-khach-hang,dich-vu-khach-hang-cskh
11815,ke-toan-tai-chinh,ke-toan-tai-chinh-bao-hiem
11815,kinh-doanh-ban-hang,kinh-doanh-ban-hang-tong-hop
11816,,
11817,kinh-doanh-ban-hang,kinh-doanh-ban-hang-tong-hop
11818,kinh-doanh-ban-hang,kinh-doanh-ban-hang-tong-hop
11819,marketing-truyen-thong,marketing-tong-hop
11820,marketing-truyen-thong,marketing-seo-digital
11821,marketing-truyen-thong,marketing-seo-digital
11822,bat-dong-san,bat-dong-san-moi-gioi
11823,nhan-su-hanh-chinh,nhan-su-tuyen-dung-cb
11824,dien-dien-tu-vien-thong,dien-dien-tu-dien-lanh
11825,kinh-doanh-ban-hang,kinh-doanh-ban-hang-ban-hang
11826,khach-san-nha-hang-du-lich,khach-san-khach-san
11827,nhan-su-hanh-chinh,nhan-su-hanh-chinh-van-phong
11828,dich-vu-khach-hang,dich-vu-khach-hang-cskh
11829,nhan-su-hanh-chinh,nhan-su-hanh-chinh-van-phong
11830,kinh-doanh-ban-hang,kinh-doanh-ban-hang-tong-hop
11831,,
11831,,
11831,nhan-su-hanh-chinh,nhan-su-tuyen-dung-cb
11832,lao-dong-pho-thong,lao-dong-pho-thong-lai-xe
11833,,
11834,cntt,cntt-phat-trien-phan-mem
11835,kinh-doanh-ban-hang,kinh-doanh-ban-hang-ban-hang
11836,ke-toan-tai-chinh,ke-toan-tai-chinh-ke-toan
11837,lao-dong-pho-thong,lao-dong-pho-thong-tap-vu
11838,khach-san-nha-hang-du-lich,khach-san-khach-san
11839,lao-dong-pho-thong,lao-dong-pho-thong-cong-nhan
11840,,
11841,bat-dong-san,bat-dong-san-moi-gioi
11842,san-xuat-qa-qc,san-xuat-thuc-pham
11843,,
11844,bat-dong-san,bat-dong-san-moi-gioi
11845,kinh-doanh-ban-hang,kinh-doanh-ban-hang-tong-hop
11846,kinh-doanh-ban-hang,kinh-doanh-ban-hang-tong-hop
11847,,
11847,,
11847,,
11848,kinh-doanh-ban-hang,kinh-doanh-ban-hang-tong-hop
11849,kinh-doanh-ban-hang,kinh-doanh-ban-hang-ban-hang
11850,lao-dong-pho-thong,lao-dong-pho-thong-cong-nhan
11851,kinh-doanh-ban-hang,kinh-doanh-ban-hang-tong-hop
11852,kinh-doanh-ban-hang,kinh-doanh-ban-hang-ban-hang
11853,khach-san-nha-hang-du-lich,khach-san-du-lich-le-hanh
11854,dich-vu-khach-hang,dich-vu-khach-hang-cskh
11855,lao-dong-pho-thong,lao-dong-pho-thong-lai-xe
11856,nhan-su-hanh-chinh,nhan-su-hanh-chinh-van-phong
11857,nhan-su-hanh-chinh,nhan-su-tuyen-dung-cb
11858,co-khi-che-tao,co-khi-che-tao-co-khi
11859,,
11860,lao-dong-pho-thong,lao-dong-pho-thong-lai-xe
11861,,
11862,nhan-su-hanh-chinh,nhan-su-hanh-chinh-van-phong
11862,ke-toan-tai-chinh,ke-toan-tai-chinh-kiem-toan
11863,nhan-su-hanh-chinh,nhan-su-hanh-chinh-van-phong
11864,nhan-su-hanh-chinh,nhan-su-thu-ky-tro-ly
11865,lao-dong-pho-thong,lao-dong-pho-thong-lai-xe
11866,,
11867,kinh-doanh-ban-hang,kinh-doanh-ban-hang-tong-hop
11868,dich-vu-khach-hang,dich-vu-khach-hang-cskh
11869,marketing-truyen-thong,marketing-seo-digital
11870,,
11871,lao-dong-pho-thong,lao-dong-pho-thong-tap-vu
11872,san-xuat-qa-qc,san-xuat-thuc-pham
11873,marketing-truyen-thong,marketing-tong-hop
11874,lao-dong-pho-thong,lao-dong-pho-thong-cong-nhan
11874,lao-dong-pho-thong,lao-dong-pho-thong-cong-nhan
11874,lao-dong-pho-thong,lao-dong-pho-thong-cong-nhan
11875,kinh-doanh-ban-hang,kinh-doanh-ban-hang-tong-hop
11876,lao-dong-pho-thong,lao-dong-pho-thong-cong-nhan
11877,kinh-doanh-ban-hang,kinh-doanh-ban-hang-ban-hang
11878,,
11879,,
11880,khach-san-nha-hang-du-lich,khach-san-nha-hang-fb
11881,,
11882,nhan-su-hanh-chinh,nhan-su-phap-ly-phap-che
11883,dich-vu-khach-hang,dich-vu-khach-hang-cskh
11884,,
11885,nhan-su-hanh-chinh,nhan-su-hanh-chinh-van-phong
11886,,
11887,marketing-truyen-thong,marketing-tong-hop
11888,bat-dong-san,bat-dong-san-moi-gioi
11888,kinh-doanh-ban-hang,kinh-doanh-ban-hang-tong-hop
11888,,
11889,dich-vu-khach-hang,dich-vu-khach-hang-cskh
11890,,
11891,,
11891,lao-dong-pho-thong,lao-dong-pho-thong-lai-xe
11892,nhan-su-hanh-chinh,nhan-su-hanh-chinh-van-phong
11893,kinh-doanh-ban-hang,kinh-doanh-ban-hang-tong-hop
11894,nhan-su-hanh-chinh,nhan-su-phap-ly-phap-che
11895,lao-dong-pho-thong,lao-dong-pho-thong-tap-vu
11896,bat-dong-san,bat-dong-san-moi-gioi
11897,lao-dong-pho-thong,lao-dong-pho-thong-lai-xe
11898,kinh-doanh-ban-hang,kinh-doanh-ban-hang-ban-hang
11899,ke-toan-tai-chinh,ke-toan-tai-chinh-tai-chinh
11900,y-te-duoc,y-te-duoc-duoc-pham
11901,,
11902,lao-dong-pho-thong,lao-dong-pho-thong-cong-nhan
11903,y-te-duoc,y-te-duoc-duoc-pham
11904,marketing-truyen-thong,marketing-seo-digital
11905,dich-vu-khach-hang,dich-vu-khach-hang-cskh
11906,,
11907,,
11908,,
11909,bat-dong-san,bat-dong-san-moi-gioi
11909,kinh-doanh-ban-hang,kinh-doanh-ban-hang-tong-hop
11910,bat-dong-san,bat-dong-san-moi-gioi
11911,khach-san-nha-hang-du-lich,khach-san-nha-hang-fb
11912,nhan-su-hanh-chinh,nhan-su-hanh-chinh-van-phong
11913,lao-dong-pho-thong,lao-dong-pho-thong-lai-xe
11914,,
11915,,
11916,,
11917,,
11918,kinh-doanh-ban-hang,kinh-doanh-ban-hang-tong-hop
11919,dich-vu-khach-hang,dich-vu-khach-hang-cskh
11919,ke-toan-tai-chinh,ke-toan-tai-chinh-bao-hiem
11920,ke-toan-tai-chinh,ke-toan-tai-chinh-chung-khoan
11920,,
11920,,
11921,lao-dong-pho-thong,lao-dong-pho-thong-tap-vu
11922,ke-toan-tai-chinh,ke-toan-tai-chinh-tai-chinh
11922,,
11922,ke-toan-tai-chinh,ke-toan-tai-chinh-bao-hiem
11923,ke-toan-tai-chinh,ke-toan-tai-chinh-bao-hiem
11924,lao-dong-pho-thong,lao-dong-pho-thong-lai-xe
11925,,
11926,,
11927,kinh-doanh-ban-hang,kinh-doanh-ban-hang-ban-hang
11928,,
11929,kinh-doanh-ban-hang,kinh-doanh-ban-hang-ban-hang
11930,san-xuat-qa-qc,san-xuat-nong-nghiep
11931,kinh-doanh-ban-hang,kinh-doanh-ban-hang-tong-hop
11932,dich-vu-khach-hang,dich-vu-khach-hang-cskh
11933,kinh-doanh-ban-hang,kinh-doanh-ban-hang-ban-hang
11934,lao-dong-pho-thong,lao-dong-pho-thong-bao-ve
11935,bat-dong-san,bat-dong-san-moi-gioi
11935,kinh-doanh-ban-hang,kinh-doanh-ban-hang-tong-hop
11935,,
11936,kinh-doanh-ban-hang,kinh-doanh-ban-hang-tong-hop
11936,kinh-doanh-ban-hang,kinh-doanh-ban-hang-tong-hop
11936,kinh-doanh-ban-hang,kinh-doanh-ban-hang-tong-hop
11937,lao-dong-pho-thong,lao-dong-pho-thong-lai-xe
11938,dich-vu-khach-hang,dich-vu-khach-hang-cskh
11939,kinh-doanh-ban-hang,kinh-doanh-ban-hang-sale
11940,kinh-doanh-ban-hang,kinh-doanh-ban-hang-sale
11941,dich-vu-khach-hang,dich-vu-khach-hang-cskh
11942,,
11943,kinh-doanh-ban-hang,kinh-doanh-ban-hang-tong-hop
11944,,
11945,xay-dung,xay-dung-ky-su
11946,kinh-doanh-ban-hang,kinh-doanh-ban-hang-tong-hop
11947,kinh-doanh-ban-hang,kinh-doanh-ban-hang-tong-hop
11948,kinh-doanh-ban-hang,kinh-doanh-ban-hang-ban-hang
11949,kinh-doanh-ban-hang,kinh-doanh-ban-hang-ban-hang
11950,nhan-su-hanh-chinh,nhan-su-tuyen-dung-cb
11951,,
11952,,
11953,,
11954,ke-toan-tai-chinh,ke-toan-tai-chinh-ke-toan
11955,marketing-truyen-thong,marketing-seo-digital
11956,cntt,cntt-phat-trien-phan-mem
11957,bat-dong-san,bat-dong-san-moi-gioi
11958,lao-dong-pho-thong,lao-dong-pho-thong-lai-xe
11959,giao-duc-dao-tao,giao-duc-giang-day
11960,kinh-doanh-ban-hang,kinh-doanh-ban-hang-tong-hop
11961,nhan-su-hanh-chinh,nhan-su-hanh-chinh-van-phong
11962,ke-toan-tai-chinh,ke-toan-tai-chinh-bao-hiem
11963,kinh-doanh-ban-hang,kinh-doanh-ban-hang-ban-hang
11964,giao-duc-dao-tao,giao-duc-giang-day
11965,kinh-doanh-ban-hang,kinh-doanh-ban-hang-ban-hang
11966,kinh-doanh-ban-hang,kinh-doanh-ban-hang-tong-hop
11967,ke-toan-tai-chinh,ke-toan-tai-chinh-ke-toan
11968,lao-dong-pho-thong,lao-dong-pho-thong-cong-nhan
11968,lao-dong-pho-thong,lao-dong-pho-thong-cong-nhan
11969,bat-dong-san,bat-dong-san-moi-gioi
11970,marketing-truyen-thong,marketing-tong-hop
11971,ke-toan-tai-chinh,ke-toan-tai-chinh-bao-hiem
11971,kinh-doanh-ban-hang,kinh-doanh-ban-hang-tong-hop
11971,,
11972,bat-dong-san,bat-dong-san-moi-gioi
11973,bat-dong-san,bat-dong-san-moi-gioi
11974,nhan-su-hanh-chinh,nhan-su-hanh-chinh-van-phong
11975,kinh-doanh-ban-hang,kinh-doanh-ban-hang-tong-hop
11976,kinh-doanh-ban-hang,kinh-doanh-ban-hang-tong-hop
11977,kinh-doanh-ban-hang,kinh-doanh-ban-hang-ban-hang
11978,,
11979,kinh-doanh-ban-hang,kinh-doanh-ban-hang-tong-hop
11980,dich-vu-khach-hang,dich-vu-khach-hang-cskh
11981,kinh-doanh-ban-hang,kinh-doanh-ban-hang-tong-hop
11982,marketing-truyen-thong,marketing-seo-digital
11983,san-xuat-qa-qc,san-xuat-nong-nghiep
11984,ke-toan-tai-chinh,ke-toan-tai-chinh-ke-toan
11985,khach-san-nha-hang-du-lich,khach-san-nha-hang-fb
11986,marketing-truyen-thong,marketing-seo-digital
11987,lao-dong-pho-thong,lao-dong-pho-thong-cong-nhan
11988,ke-toan-tai-chinh,ke-toan-tai-chinh-ngan-hang
11988,,
11988,ke-toan-tai-chinh,ke-toan-tai-chinh-ngan-hang
11989,kinh-doanh-ban-hang,kinh-doanh-ban-hang-ban-hang
11990,giao-duc-dao-tao,giao-duc-giang-day
11991,,
11992,kinh-doanh-ban-hang,kinh-doanh-ban-hang-tong-hop
11993,kinh-doanh-ban-hang,kinh-doanh-ban-hang-tong-hop
11993,nhan-su-hanh-chinh,nhan-su-thu-ky-tro-ly
11993,nhan-su-hanh-chinh,nhan-su-thu-ky-tro-ly
11994,,
11995,kinh-doanh-ban-hang,kinh-doanh-ban-hang-ban-hang
11996,kinh-doanh-ban-hang,kinh-doanh-ban-hang-ban-hang
11997,khach-san-nha-hang-du-lich,khach-san-khach-san
11998,,
11999,dich-vu-khach-hang,dich-vu-khach-hang-cskh
11999,kinh-doanh-ban-hang,kinh-doanh-ban-hang-tong-hop
11999,kinh-doanh-ban-hang,kinh-doanh-ban-hang-ban-hang
12000,kinh-doanh-ban-hang,kinh-doanh-ban-hang-ban-hang
12001,giao-duc-dao-tao,giao-duc-giang-day
12002,,
12003,,
12004,bat-dong-san,bat-dong-san-moi-gioi
12004,kinh-doanh-ban-hang,kinh-doanh-ban-hang-tong-hop
12005,kinh-doanh-ban-hang,kinh-doanh-ban-hang-tong-hop
12005,kinh-doanh-ban-hang,kinh-doanh-ban-hang-tong-hop
12005,kinh-doanh-ban-hang,kinh-doanh-ban-hang-tong-hop
12006,,
12007,marketing-truyen-thong,marketing-tong-hop
12008,kinh-doanh-ban-hang,kinh-doanh-ban-hang-tong-hop
12009,kinh-doanh-ban-hang,kinh-doanh-ban-hang-tong-hop
12010,nhan-su-hanh-chinh,nhan-su-hanh-chinh-van-phong
12011,lao-dong-pho-thong,lao-dong-pho-thong-cong-nhan
12012,lao-dong-pho-thong,lao-dong-pho-thong-tap-vu
12013,khach-san-nha-hang-du-lich,khach-san-spa-lam-dep
12013,,
12013,y-te-duoc,y-te-duoc-y-te
12014,kinh-doanh-ban-hang,kinh-doanh-ban-hang-tong-hop
12015,bat-dong-san,bat-dong-san-moi-gioi
12015,kinh-doanh-ban-hang,kinh-doanh-ban-hang-tong-hop
12015,kinh-doanh-ban-hang,kinh-doanh-ban-hang-tong-hop
12016,dich-vu-khach-hang,dich-vu-khach-hang-cskh
12017,marketing-truyen-thong,marketing-bien-phien-dich
12018,,
12019,khach-san-nha-hang-du-lich,khach-san-nha-hang-fb
12020,lao-dong-pho-thong,lao-dong-pho-thong-cong-nhan
12020,lao-dong-pho-thong,lao-dong-pho-thong-cong-nhan
12020,lao-dong-pho-thong,lao-dong-pho-thong-cong-nhan
12021,san-xuat-qa-qc,san-xuat-thuc-pham
12022,,
12023,nhan-su-hanh-chinh,nhan-su-tuyen-dung-cb
12024,dien-dien-tu-vien-thong,dien-dien-tu-dien-lanh
12025,,
12026,dich-vu-khach-hang,dich-vu-khach-hang-cskh
12027,kinh-doanh-ban-hang,kinh-doanh-ban-hang-ban-hang
12028,kinh-doanh-ban-hang,kinh-doanh-ban-hang-tong-hop
12029,kinh-doanh-ban-hang,kinh-doanh-ban-hang-tong-hop
12029,,
12029,kinh-doanh-ban-hang,kinh-doanh-ban-hang-ban-hang
12030,,
12031,,
12032,,
12033,nhan-su-hanh-chinh,nhan-su-hanh-chinh-van-phong
12034,ke-toan-tai-chinh,ke-toan-tai-chinh-ke-toan
12034,ke-toan-tai-chinh,ke-toan-tai-chinh-ke-toan
12034,nhan-su-hanh-chinh,nhan-su-hanh-chinh-van-phong
12035,kinh-doanh-ban-hang,kinh-doanh-ban-hang-tong-hop
12036,nhan-su-hanh-chinh,nhan-su-hanh-chinh-van-phong
12037,dich-vu-khach-hang,dich-vu-khach-hang-cskh
12037,ke-toan-tai-chinh,ke-toan-tai-chinh-ngan-hang
12038,san-xuat-qa-qc,san-xuat-thuc-pham
12039,kinh-doanh-ban-hang,kinh-doanh-ban-hang-tong-hop
12040,lao-dong-pho-thong,lao-dong-pho-thong-cong-nhan
12041,marketing-truyen-thong,marketing-tong-hop
12042,marketing-truyen-thong,marketing-tong-hop
12043,kinh-doanh-ban-hang,kinh-doanh-ban-hang-tong-hop
12044,kinh-doanh-ban-hang,kinh-doanh-ban-hang-sale
12045,ke-toan-tai-chinh,ke-toan-tai-chinh-tai-chinh
12046,dich-vu-khach-hang,dich-vu-khach-hang-cskh
12047,lao-dong-pho-thong,lao-dong-pho-thong-tap-vu
12048,lao-dong-pho-thong,lao-dong-pho-thong-cong-nhan
12049,san-xuat-qa-qc,san-xuat-nong-nghiep
12050,,
12051,lao-dong-pho-thong,lao-dong-pho-thong-lai-xe
12052,kinh-doanh-ban-hang,kinh-doanh-ban-hang-tong-hop
12053,bat-dong-san,bat-dong-san-moi-gioi
12054,ke-toan-tai-chinh,ke-toan-tai-chinh-ke-toan
12055,,
12056,kinh-doanh-ban-hang,kinh-doanh-ban-hang-ban-hang
12057,,
12058,kinh-doanh-ban-hang,kinh-doanh-ban-hang-tong-hop
12059,ke-toan-tai-chinh,ke-toan-tai-chinh-ke-toan
12060,lao-dong-pho-thong,lao-dong-pho-thong-cong-nhan
12061,kinh-doanh-ban-hang,kinh-doanh-ban-hang-tong-hop
12062,kinh-doanh-ban-hang,kinh-doanh-ban-hang-ban-hang
12063,lao-dong-pho-thong,lao-dong-pho-thong-lai-xe
12064,kinh-doanh-ban-hang,kinh-doanh-ban-hang-ban-hang
12065,,
12066,cntt,cntt-phat-trien-phan-mem
12067,ke-toan-tai-chinh,ke-toan-tai-chinh-tai-chinh
12068,dich-vu-khach-hang,dich-vu-khach-hang-cskh
12069,,
12070,,
12071,dich-vu-khach-hang,dich-vu-khach-hang-cskh
12072,bat-dong-san,bat-dong-san-moi-gioi
12073,,
12074,kinh-doanh-ban-hang,kinh-doanh-ban-hang-ban-hang
12075,ke-toan-tai-chinh,ke-toan-tai-chinh-ke-toan
12076,nhan-su-hanh-chinh,nhan-su-thu-ky-tro-ly
12077,van-tai-logistics,van-tai-giao-nhan
12078,kinh-doanh-ban-hang,kinh-doanh-ban-hang-tong-hop
12079,lao-dong-pho-thong,lao-dong-pho-thong-lai-xe
12080,,
12081,lao-dong-pho-thong,lao-dong-pho-thong-lai-xe
12082,,
12083,,
12084,,
12085,kinh-doanh-ban-hang,kinh-doanh-ban-hang-tong-hop
12086,dich-vu-khach-hang,dich-vu-khach-hang-cskh
12087,,
12088,kinh-doanh-ban-hang,kinh-doanh-ban-hang-tong-hop
12089,,
12090,co-khi-che-tao,co-khi-che-tao-co-khi
12091,kinh-doanh-ban-hang,kinh-doanh-ban-hang-tong-hop
12092,nhan-su-hanh-chinh,nhan-su-hanh-chinh-van-phong
12093,bat-dong-san,bat-dong-san-moi-gioi
12094,dich-vu-khach-hang,dich-vu-khach-hang-cskh
12095,,
12096,thiet-ke-kien-truc,thiet-ke-noi-that
12097,kinh-doanh-ban-hang,kinh-doanh-ban-hang-ban-hang
12098,bat-dong-san,bat-dong-san-moi-gioi
12099,kinh-doanh-ban-hang,kinh-doanh-ban-hang-tong-hop
12100,cntt,cntt-phat-trien-phan-mem
12101,nhan-su-hanh-chinh,nhan-su-hanh-chinh-van-phong
12102,bat-dong-san,bat-dong-san-moi-gioi
12103,dich-vu-khach-hang,dich-vu-khach-hang-cskh
12104,bat-dong-san,bat-dong-san-moi-gioi
12105,bat-dong-san,bat-dong-san-moi-gioi
12106,dich-vu-khach-hang,dich-vu-khach-hang-cskh
12106,,
12106,kinh-doanh-ban-hang,kinh-doanh-ban-hang-ban-hang
12107,,
12108,kinh-doanh-ban-hang,kinh-doanh-ban-hang-tong-hop
12109,ke-toan-tai-chinh,ke-toan-tai-chinh-chung-khoan
12109,ke-toan-tai-chinh,ke-toan-tai-chinh-tai-chinh
12109,,
12110,,
12111,kinh-doanh-ban-hang,kinh-doanh-ban-hang-tong-hop
12112,,
12113,kinh-doanh-ban-hang,kinh-doanh-ban-hang-ban-hang
12114,thiet-ke-kien-truc,thiet-ke-do-hoa
12115,dich-vu-khach-hang,dich-vu-khach-hang-cskh
12116,cntt,cntt-phat-trien-phan-mem
12117,kinh-doanh-ban-hang,kinh-doanh-ban-hang-tong-hop
12118,cntt,cntt-phat-trien-phan-mem
12119,ke-toan-tai-chinh,ke-toan-tai-chinh-kiem-toan
12120,kinh-doanh-ban-hang,kinh-doanh-ban-hang-ban-hang
12121,,
12122,kinh-doanh-ban-hang,kinh-doanh-ban-hang-tong-hop
12123,kinh-doanh-ban-hang,kinh-doanh-ban-hang-tong-hop
12124,kinh-doanh-ban-hang,kinh-doanh-ban-hang-tong-hop
12125,kinh-doanh-ban-hang,kinh-doanh-ban-hang-sale
12126,,
12127,,
12128,nhan-su-hanh-chinh,nhan-su-hanh-chinh-van-phong
12129,kinh-doanh-ban-hang,kinh-doanh-ban-hang-sale
12130,ke-toan-tai-chinh,ke-toan-tai-chinh-kiem-toan
12131,dich-vu-khach-hang,dich-vu-khach-hang-cskh
12132,dich-vu-khach-hang,dich-vu-khach-hang-cskh
12133,kinh-doanh-ban-hang,kinh-doanh-ban-hang-tong-hop
12134,co-khi-che-tao,co-khi-che-tao-co-khi
12135,ke-toan-tai-chinh,ke-toan-tai-chinh-ke-toan
12136,,
12137,dich-vu-khach-hang,dich-vu-khach-hang-cskh
12138,,
12139,xay-dung,xay-dung-ky-su
12140,xay-dung,xay-dung-ky-su
12141,ke-toan-tai-chinh,ke-toan-tai-chinh-ke-toan
12142,kinh-doanh-ban-hang,kinh-doanh-ban-hang-tong-hop
12143,lao-dong-pho-thong,lao-dong-pho-thong-cong-nhan
12144,bat-dong-san,bat-dong-san-moi-gioi
12145,san-xuat-qa-qc,san-xuat-moi-truong
12146,dien-dien-tu-vien-thong,dien-dien-tu-dien-lanh
12147,kinh-doanh-ban-hang,kinh-doanh-ban-hang-tong-hop
12148,kinh-doanh-ban-hang,kinh-doanh-ban-hang-sale
12149,nhan-su-hanh-chinh,nhan-su-hanh-chinh-van-phong
12150,kinh-doanh-ban-hang,kinh-doanh-ban-hang-sale
12151,thiet-ke-kien-truc,thiet-ke-my-thuat
12151,marketing-truyen-thong,marketing-tong-hop
12151,san-xuat-qa-qc,san-xuat-quan-ly
12152,kinh-doanh-ban-hang,kinh-doanh-ban-hang-ban-hang
12153,bat-dong-san,bat-dong-san-moi-gioi
12154,bat-dong-san,bat-dong-san-moi-gioi
12155,,
12156,nhan-su-hanh-chinh,nhan-su-hanh-chinh-van-phong
12157,kinh-doanh-ban-hang,kinh-doanh-ban-hang-ban-hang
12158,bat-dong-san,bat-dong-san-moi-gioi
12159,xay-dung,xay-dung-ky-su
12160,kinh-doanh-ban-hang,kinh-doanh-ban-hang-tong-hop
12161,kinh-doanh-ban-hang,kinh-doanh-ban-hang-tong-hop
12162,ke-toan-tai-chinh,ke-toan-tai-chinh-kiem-toan
12163,bat-dong-san,bat-dong-san-moi-gioi
12164,xay-dung,xay-dung-ky-su
12165,lao-dong-pho-thong,lao-dong-pho-thong-tap-vu
12166,thiet-ke-kien-truc,thiet-ke-kien-truc-kien-truc
12167,thiet-ke-kien-truc,thiet-ke-noi-that
12168,kinh-doanh-ban-hang,kinh-doanh-ban-hang-tong-hop
12168,kinh-doanh-ban-hang,kinh-doanh-ban-hang-sale
12169,,
12170,kinh-doanh-ban-hang,kinh-doanh-ban-hang-tong-hop
12171,lao-dong-pho-thong,lao-dong-pho-thong-lai-xe
12172,,
12172,ke-toan-tai-chinh,ke-toan-tai-chinh-ngan-hang
12172,,
12173,marketing-truyen-thong,marketing-tong-hop
12174,ke-toan-tai-chinh,ke-toan-tai-chinh-kiem-toan
12175,lao-dong-pho-thong,lao-dong-pho-thong-cong-nhan
12176,ke-toan-tai-chinh,ke-toan-tai-chinh-tai-chinh
12177,,
12178,kinh-doanh-ban-hang,kinh-doanh-ban-hang-tong-hop
12178,kinh-doanh-ban-hang,kinh-doanh-ban-hang-tong-hop
12178,ke-toan-tai-chinh,ke-toan-tai-chinh-tai-chinh
12179,kinh-doanh-ban-hang,kinh-doanh-ban-hang-tong-hop
12180,khach-san-nha-hang-du-lich,khach-san-spa-lam-dep
12181,kinh-doanh-ban-hang,kinh-doanh-ban-hang-tong-hop
12182,xay-dung,xay-dung-ky-su
12183,marketing-truyen-thong,marketing-seo-digital
12184,lao-dong-pho-thong,lao-dong-pho-thong-cong-nhan
12185,,
12186,bat-dong-san,bat-dong-san-moi-gioi
12187,kinh-doanh-ban-hang,kinh-doanh-ban-hang-tong-hop
12188,kinh-doanh-ban-hang,kinh-doanh-ban-hang-sale
12189,bat-dong-san,bat-dong-san-moi-gioi
12190,kinh-doanh-ban-hang,kinh-doanh-ban-hang-ban-hang
12191,lao-dong-pho-thong,lao-dong-pho-thong-cong-nhan
12192,dich-vu-khach-hang,dich-vu-khach-hang-cskh
12193,kinh-doanh-ban-hang,kinh-doanh-ban-hang-tong-hop
12194,,
12195,,
12196,kinh-doanh-ban-hang,kinh-doanh-ban-hang-tong-hop
12197,kinh-doanh-ban-hang,kinh-doanh-ban-hang-tong-hop
12198,,
12199,xay-dung,xay-dung-ky-su
12200,co-khi-che-tao,co-khi-che-tao-co-khi
12201,giao-duc-dao-tao,giao-duc-giang-day
12202,nhan-su-hanh-chinh,nhan-su-thu-ky-tro-ly
12203,san-xuat-qa-qc,san-xuat-qa-qc-qa-qc
12204,nhan-su-hanh-chinh,nhan-su-hanh-chinh-van-phong
12204,nhan-su-hanh-chinh,nhan-su-thu-ky-tro-ly
12205,bat-dong-san,bat-dong-san-moi-gioi
12206,san-xuat-qa-qc,san-xuat-qa-qc-qa-qc
12206,san-xuat-qa-qc,san-xuat-qa-qc-qa-qc
12207,lao-dong-pho-thong,lao-dong-pho-thong-lai-xe
12208,ke-toan-tai-chinh,ke-toan-tai-chinh-bao-hiem
12209,khach-san-nha-hang-du-lich,khach-san-nha-hang-fb
12210,kinh-doanh-ban-hang,kinh-doanh-ban-hang-tong-hop
12211,khach-san-nha-hang-du-lich,khach-san-nha-hang-fb
12212,kinh-doanh-ban-hang,kinh-doanh-ban-hang-tong-hop
12213,kinh-doanh-ban-hang,kinh-doanh-ban-hang-ban-hang
12214,kinh-doanh-ban-hang,kinh-doanh-ban-hang-tong-hop
12215,lao-dong-pho-thong,lao-dong-pho-thong-lai-xe
12216,,
12217,,
12218,lao-dong-pho-thong,lao-dong-pho-thong-lai-xe
12219,van-tai-logistics,van-tai-xuat-nhap-khau
12220,ke-toan-tai-chinh,ke-toan-tai-chinh-bao-hiem
12221,,
12222,kinh-doanh-ban-hang,kinh-doanh-ban-hang-thu-ngan
12223,nhan-su-hanh-chinh,nhan-su-tuyen-dung-cb
12224,kinh-doanh-ban-hang,kinh-doanh-ban-hang-ban-hang
12225,dich-vu-khach-hang,dich-vu-khach-hang-cskh
12225,,
12226,cntt,cntt-phat-trien-phan-mem
12227,kinh-doanh-ban-hang,kinh-doanh-ban-hang-ban-hang
12228,lao-dong-pho-thong,lao-dong-pho-thong-cong-nhan
12229,nhan-su-hanh-chinh,nhan-su-tuyen-dung-cb
12230,kinh-doanh-ban-hang,kinh-doanh-ban-hang-tong-hop
12231,bat-dong-san,bat-dong-san-moi-gioi
12232,,
12233,kinh-doanh-ban-hang,kinh-doanh-ban-hang-tong-hop
12234,san-xuat-qa-qc,san-xuat-moi-truong
12235,bat-dong-san,bat-dong-san-moi-gioi
12236,dich-vu-khach-hang,dich-vu-khach-hang-cskh
12236,kinh-doanh-ban-hang,kinh-doanh-ban-hang-tong-hop
12236,kinh-doanh-ban-hang,kinh-doanh-ban-hang-tong-hop
12237,kinh-doanh-ban-hang,kinh-doanh-ban-hang-sale
12238,,
12239,nhan-su-hanh-chinh,nhan-su-hanh-chinh-van-phong
12240,kinh-doanh-ban-hang,kinh-doanh-ban-hang-tong-hop
12241,,
12242,co-khi-che-tao,co-khi-che-tao-co-khi
12243,ke-toan-tai-chinh,ke-toan-tai-chinh-ngan-hang
12244,bat-dong-san,bat-dong-san-moi-gioi
12245,kinh-doanh-ban-hang,kinh-doanh-ban-hang-ban-hang
12246,marketing-truyen-thong,marketing-seo-digital
12247,kinh-doanh-ban-hang,kinh-doanh-ban-hang-tong-hop
12248,,
12249,kinh-doanh-ban-hang,kinh-doanh-ban-hang-tong-hop
12250,nhan-su-hanh-chinh,nhan-su-hanh-chinh-van-phong
12251,khach-san-nha-hang-du-lich,khach-san-spa-lam-dep
12251,san-xuat-qa-qc,san-xuat-my-pham
12251,kinh-doanh-ban-hang,kinh-doanh-ban-hang-tong-hop
12252,kinh-doanh-ban-hang,kinh-doanh-ban-hang-tong-hop
12252,,
12252,dich-vu-khach-hang,dich-vu-khach-hang-cskh
12253,dich-vu-khach-hang,dich-vu-khach-hang-cskh
12254,lao-dong-pho-thong,lao-dong-pho-thong-tap-vu
12255,,
12256,thiet-ke-kien-truc,thiet-ke-do-hoa
12257,lao-dong-pho-thong,lao-dong-pho-thong-lai-xe
12258,kinh-doanh-ban-hang,kinh-doanh-ban-hang-tong-hop
12259,bat-dong-san,bat-dong-san-moi-gioi
12260,kinh-doanh-ban-hang,kinh-doanh-ban-hang-tong-hop
12261,,
12262,y-te-duoc,y-te-duoc-duoc-pham
12263,ke-toan-tai-chinh,ke-toan-tai-chinh-kiem-toan
12264,dich-vu-khach-hang,dich-vu-khach-hang-cskh
12265,y-te-duoc,y-te-duoc-duoc-pham
12266,,
12267,cntt,cntt-phat-trien-phan-mem
12268,nhan-su-hanh-chinh,nhan-su-hanh-chinh-van-phong
12268,nhan-su-hanh-chinh,nhan-su-tuyen-dung-cb
12269,nhan-su-hanh-chinh,nhan-su-hanh-chinh-van-phong
12270,marketing-truyen-thong,marketing-to-chuc-su-kien
12271,lao-dong-pho-thong,lao-dong-pho-thong-tap-vu
12272,lao-dong-pho-thong,lao-dong-pho-thong-cong-nhan
12273,,
12274,kinh-doanh-ban-hang,kinh-doanh-ban-hang-ban-hang
12275,ke-toan-tai-chinh,ke-toan-tai-chinh-ke-toan
12276,,
12277,kinh-doanh-ban-hang,kinh-doanh-ban-hang-sale
12278,bat-dong-san,bat-dong-san-moi-gioi
12279,bat-dong-san,bat-dong-san-moi-gioi
12280,,
12281,dien-dien-tu-vien-thong,dien-dien-tu-dien-lanh
12282,kinh-doanh-ban-hang,kinh-doanh-ban-hang-tong-hop
12283,khach-san-nha-hang-du-lich,khach-san-khach-san
12284,bat-dong-san,bat-dong-san-moi-gioi
12285,lao-dong-pho-thong,lao-dong-pho-thong-lai-xe
12286,ke-toan-tai-chinh,ke-toan-tai-chinh-ke-toan
12287,kinh-doanh-ban-hang,kinh-doanh-ban-hang-tong-hop
12288,kinh-doanh-ban-hang,kinh-doanh-ban-hang-tong-hop
12289,san-xuat-qa-qc,san-xuat-det-may
12290,kinh-doanh-ban-hang,kinh-doanh-ban-hang-tong-hop
12291,kinh-doanh-ban-hang,kinh-doanh-ban-hang-tong-hop
12292,kinh-doanh-ban-hang,kinh-doanh-ban-hang-ban-hang
12293,lao-dong-pho-thong,lao-dong-pho-thong-cong-nhan
12294,,
12295,lao-dong-pho-thong,lao-dong-pho-thong-tap-vu
12296,kinh-doanh-ban-hang,kinh-doanh-ban-hang-tong-hop
12296,kinh-doanh-ban-hang,kinh-doanh-ban-hang-tong-hop
12297,dich-vu-khach-hang,dich-vu-khach-hang-cskh
12298,kinh-doanh-ban-hang,kinh-doanh-ban-hang-tong-hop
12298,,
12298,,
12299,kinh-doanh-ban-hang,kinh-doanh-ban-hang-tong-hop
12300,xay-dung,xay-dung-ky-su
12301,xay-dung,xay-dung-ky-su
12301,,
12301,dien-dien-tu-vien-thong,dien-dien-tu-vien-thong-vt
12302,dich-vu-khach-hang,dich-vu-khach-hang-cskh
12303,lao-dong-pho-thong,lao-dong-pho-thong-cong-nhan
12304,,
12305,bat-dong-san,bat-dong-san-moi-gioi
12306,dich-vu-khach-hang,dich-vu-khach-hang-cskh
12307,lao-dong-pho-thong,lao-dong-pho-thong-lai-xe
12308,lao-dong-pho-thong,lao-dong-pho-thong-lai-xe
12309,lao-dong-pho-thong,lao-dong-pho-thong-lai-xe
12310,marketing-truyen-thong,marketing-bien-phien-dich
12311,,
12312,lao-dong-pho-thong,lao-dong-pho-thong-lai-xe
12313,,
12314,xay-dung,xay-dung-ky-su
12314,,
12314,,
12315,cntt,cntt-phat-trien-phan-mem
12316,ke-toan-tai-chinh,ke-toan-tai-chinh-tai-chinh
12317,lao-dong-pho-thong,lao-dong-pho-thong-cong-nhan
12318,bat-dong-san,bat-dong-san-moi-gioi
12319,marketing-truyen-thong,marketing-bien-phien-dich
12320,,
12320,khach-san-nha-hang-du-lich,khach-san-spa-lam-dep
12320,,
12321,dich-vu-khach-hang,dich-vu-khach-hang-cskh
12322,bat-dong-san,bat-dong-san-moi-gioi
12323,,
12323,xay-dung,xay-dung-ky-su
12324,,
12325,kinh-doanh-ban-hang,kinh-doanh-ban-hang-tong-hop
12326,,
12326,kinh-doanh-ban-hang,kinh-doanh-ban-hang-tong-hop
12326,,
12327,kinh-doanh-ban-hang,kinh-doanh-ban-hang-tong-hop
12328,ke-toan-tai-chinh,ke-toan-tai-chinh-ke-toan
12329,kinh-doanh-ban-hang,kinh-doanh-ban-hang-thu-ngan
12330,kinh-doanh-ban-hang,kinh-doanh-ban-hang-ban-hang
12331,san-xuat-qa-qc,san-xuat-quan-ly
12332,kinh-doanh-ban-hang,kinh-doanh-ban-hang-tong-hop
12333,dich-vu-khach-hang,dich-vu-khach-hang-cskh
12334,lao-dong-pho-thong,lao-dong-pho-thong-lai-xe
12335,ke-toan-tai-chinh,ke-toan-tai-chinh-ke-toan
12336,kinh-doanh-ban-hang,kinh-doanh-ban-hang-tong-hop
12337,marketing-truyen-thong,marketing-seo-digital
12338,van-tai-logistics,van-tai-giao-nhan
12339,kinh-doanh-ban-hang,kinh-doanh-ban-hang-tong-hop
12340,nhan-su-hanh-chinh,nhan-su-tuyen-dung-cb
12341,kinh-doanh-ban-hang,kinh-doanh-ban-hang-ban-hang
12342,,
12343,lao-dong-pho-thong,lao-dong-pho-thong-lai-xe
12344,bat-dong-san,bat-dong-san-moi-gioi
12345,,
12346,bat-dong-san,bat-dong-san-moi-gioi
12347,thiet-ke-kien-truc,thiet-ke-noi-that
12348,kinh-doanh-ban-hang,kinh-doanh-ban-hang-tong-hop
12349,bat-dong-san,bat-dong-san-moi-gioi
12350,bat-dong-san,bat-dong-san-moi-gioi
12351,,
12351,,
12351,dich-vu-khach-hang,dich-vu-khach-hang-cskh
12352,marketing-truyen-thong,marketing-tong-hop
12353,,
12354,xay-dung,xay-dung-ky-su
12355,bat-dong-san,bat-dong-san-moi-gioi
12356,,
12357,co-khi-che-tao,co-khi-che-tao-co-khi
12357,co-khi-che-tao,co-khi-che-tao-co-khi
12357,co-khi-che-tao,co-khi-che-tao-co-khi
12358,,
12359,ke-toan-tai-chinh,ke-toan-tai-chinh-bao-hiem
12360,dich-vu-khach-hang,dich-vu-khach-hang-cskh
12361,ke-toan-tai-chinh,ke-toan-tai-chinh-bao-hiem
12362,ke-toan-tai-chinh,ke-toan-tai-chinh-ke-toan
12363,,
12364,co-khi-che-tao,co-khi-che-tao-co-khi
12365,nhan-su-hanh-chinh,nhan-su-hanh-chinh-van-phong
12366,kinh-doanh-ban-hang,kinh-doanh-ban-hang-tong-hop
12367,lao-dong-pho-thong,lao-dong-pho-thong-tap-vu
12368,bat-dong-san,bat-dong-san-moi-gioi
12369,,
12370,khach-san-nha-hang-du-lich,khach-san-nha-hang-fb
12371,lao-dong-pho-thong,lao-dong-pho-thong-bao-ve
12372,,
12373,,
12374,kinh-doanh-ban-hang,kinh-doanh-ban-hang-tong-hop
12375,kinh-doanh-ban-hang,kinh-doanh-ban-hang-ban-hang
12376,lao-dong-pho-thong,lao-dong-pho-thong-lai-xe
12377,kinh-doanh-ban-hang,kinh-doanh-ban-hang-tong-hop
12378,,
12379,lao-dong-pho-thong,lao-dong-pho-thong-lai-xe
12380,kinh-doanh-ban-hang,kinh-doanh-ban-hang-ban-hang
12381,kinh-doanh-ban-hang,kinh-doanh-ban-hang-tong-hop
12382,kinh-doanh-ban-hang,kinh-doanh-ban-hang-tong-hop
12383,marketing-truyen-thong,marketing-truyen-thong-pr
12384,,
12385,,
12386,,
12387,,
12388,lao-dong-pho-thong,lao-dong-pho-thong-cong-nhan
12389,dien-dien-tu-vien-thong,dien-dien-tu-dien-lanh
12389,xay-dung,xay-dung-ky-su
12389,xay-dung,xay-dung-ky-su
12390,,
12391,bat-dong-san,bat-dong-san-moi-gioi
12392,kinh-doanh-ban-hang,kinh-doanh-ban-hang-tong-hop
12393,bat-dong-san,bat-dong-san-moi-gioi
12394,van-tai-logistics,van-tai-xuat-nhap-khau
12395,,
12396,bat-dong-san,bat-dong-san-moi-gioi
12397,kinh-doanh-ban-hang,kinh-doanh-ban-hang-tong-hop
12398,giao-duc-dao-tao,giao-duc-giang-day
12399,bat-dong-san,bat-dong-san-moi-gioi
12400,kinh-doanh-ban-hang,kinh-doanh-ban-hang-ban-hang
12401,marketing-truyen-thong,marketing-tong-hop
12402,,
12403,ke-toan-tai-chinh,ke-toan-tai-chinh-ke-toan
12404,dien-dien-tu-vien-thong,dien-dien-tu-vien-thong-vt
12405,,
12406,ke-toan-tai-chinh,ke-toan-tai-chinh-ke-toan
12407,ke-toan-tai-chinh,ke-toan-tai-chinh-ke-toan
12408,kinh-doanh-ban-hang,kinh-doanh-ban-hang-ban-hang
12409,kinh-doanh-ban-hang,kinh-doanh-ban-hang-thu-ngan
12409,kinh-doanh-ban-hang,kinh-doanh-ban-hang-ban-hang
12409,kinh-doanh-ban-hang,kinh-doanh-ban-hang-thu-ngan
12410,,
12411,bat-dong-san,bat-dong-san-moi-gioi
12412,giao-duc-dao-tao,giao-duc-giang-day
12413,lao-dong-pho-thong,lao-dong-pho-thong-cong-nhan
12414,lao-dong-pho-thong,lao-dong-pho-thong-lai-xe
12415,,
12416,kinh-doanh-ban-hang,kinh-doanh-ban-hang-tong-hop
12417,,
12418,kinh-doanh-ban-hang,kinh-doanh-ban-hang-ban-hang
12419,,
12420,kinh-doanh-ban-hang,kinh-doanh-ban-hang-tong-hop
12421,lao-dong-pho-thong,lao-dong-pho-thong-lai-xe
12422,kinh-doanh-ban-hang,kinh-doanh-ban-hang-tong-hop
12423,kinh-doanh-ban-hang,kinh-doanh-ban-hang-sale
12424,kinh-doanh-ban-hang,kinh-doanh-ban-hang-ban-hang
12425,kinh-doanh-ban-hang,kinh-doanh-ban-hang-tong-hop
12426,dich-vu-khach-hang,dich-vu-khach-hang-cskh
12427,kinh-doanh-ban-hang,kinh-doanh-ban-hang-tong-hop
12428,,
12429,bat-dong-san,bat-dong-san-moi-gioi
12430,,
12431,lao-dong-pho-thong,lao-dong-pho-thong-lai-xe
12432,kinh-doanh-ban-hang,kinh-doanh-ban-hang-tong-hop
12433,kinh-doanh-ban-hang,kinh-doanh-ban-hang-ban-hang
12434,,
12435,kinh-doanh-ban-hang,kinh-doanh-ban-hang-tong-hop
12436,kinh-doanh-ban-hang,kinh-doanh-ban-hang-ban-hang
12437,kinh-doanh-ban-hang,kinh-doanh-ban-hang-tong-hop
12438,,
12439,xay-dung,xay-dung-ky-su
12440,bat-dong-san,bat-dong-san-moi-gioi
12441,kinh-doanh-ban-hang,kinh-doanh-ban-hang-tong-hop
12442,lao-dong-pho-thong,lao-dong-pho-thong-bao-ve
12443,,
12443,,
12443,san-xuat-qa-qc,san-xuat-nong-nghiep
12444,,
12445,,
12446,nhan-su-hanh-chinh,nhan-su-hanh-chinh-van-phong
12447,bat-dong-san,bat-dong-san-moi-gioi
12448,ke-toan-tai-chinh,ke-toan-tai-chinh-kiem-toan
12449,,
12450,dich-vu-khach-hang,dich-vu-khach-hang-cskh
12451,dich-vu-khach-hang,dich-vu-khach-hang-cskh
12452,,
12453,,
12454,lao-dong-pho-thong,lao-dong-pho-thong-lai-xe
12455,dich-vu-khach-hang,dich-vu-khach-hang-cskh
12456,kinh-doanh-ban-hang,kinh-doanh-ban-hang-ban-hang
12457,kinh-doanh-ban-hang,kinh-doanh-ban-hang-ban-hang
12458,lao-dong-pho-thong,lao-dong-pho-thong-cong-nhan
12459,bat-dong-san,bat-dong-san-moi-gioi
12460,nhan-su-hanh-chinh,nhan-su-hanh-chinh-van-phong
12461,kinh-doanh-ban-hang,kinh-doanh-ban-hang-tong-hop
12462,lao-dong-pho-thong,lao-dong-pho-thong-lai-xe
12463,,
12464,khach-san-nha-hang-du-lich,khach-san-nha-hang-fb
12465,kinh-doanh-ban-hang,kinh-doanh-ban-hang-tong-hop
12466,lao-dong-pho-thong,lao-dong-pho-thong-lai-xe
12467,lao-dong-pho-thong,lao-dong-pho-thong-cong-nhan
12468,kinh-doanh-ban-hang,kinh-doanh-ban-hang-tong-hop
12469,giao-duc-dao-tao,giao-duc-giang-day
12470,kinh-doanh-ban-hang,kinh-doanh-ban-hang-sale
12471,kinh-doanh-ban-hang,kinh-doanh-ban-hang-ban-hang
12472,,
12473,nhan-su-hanh-chinh,nhan-su-hanh-chinh-van-phong
12474,,
12475,thiet-ke-kien-truc,thiet-ke-do-hoa
12476,,
12477,bat-dong-san,bat-dong-san-moi-gioi
12478,,
12479,ke-toan-tai-chinh,ke-toan-tai-chinh-bao-hiem
12479,kinh-doanh-ban-hang,kinh-doanh-ban-hang-tong-hop
12479,ke-toan-tai-chinh,ke-toan-tai-chinh-tai-chinh
12480,kinh-doanh-ban-hang,kinh-doanh-ban-hang-tong-hop
12480,,
12480,dich-vu-khach-hang,dich-vu-khach-hang-cskh
12481,san-xuat-qa-qc,san-xuat-nong-nghiep
12482,marketing-truyen-thong,marketing-tong-hop
12483,san-xuat-qa-qc,san-xuat-moi-truong
12484,kinh-doanh-ban-hang,kinh-doanh-ban-hang-tong-hop
12485,ke-toan-tai-chinh,ke-toan-tai-chinh-ke-toan
12486,,
12487,dich-vu-khach-hang,dich-vu-khach-hang-cskh
12487,kinh-doanh-ban-hang,kinh-doanh-ban-hang-tong-hop
12487,,
12488,kinh-doanh-ban-hang,kinh-doanh-ban-hang-tong-hop
12489,nhan-su-hanh-chinh,nhan-su-thu-ky-tro-ly
12490,kinh-doanh-ban-hang,kinh-doanh-ban-hang-sale
12491,kinh-doanh-ban-hang,kinh-doanh-ban-hang-ban-hang
12491,kinh-doanh-ban-hang,kinh-doanh-ban-hang-ban-hang
12491,kinh-doanh-ban-hang,kinh-doanh-ban-hang-thu-ngan
12492,lao-dong-pho-thong,lao-dong-pho-thong-lai-xe
12493,thiet-ke-kien-truc,thiet-ke-do-hoa
12494,san-xuat-qa-qc,san-xuat-thuc-pham
12495,,
12496,,
12497,cntt,cntt-phat-trien-phan-mem
12498,kinh-doanh-ban-hang,kinh-doanh-ban-hang-thu-ngan
12499,kinh-doanh-ban-hang,kinh-doanh-ban-hang-sale
12500,dich-vu-khach-hang,dich-vu-khach-hang-cskh
12501,xay-dung,xay-dung-ky-su
12502,nhan-su-hanh-chinh,nhan-su-tuyen-dung-cb
12503,y-te-duoc,y-te-duoc-y-te
12504,,
12505,,
12506,bat-dong-san,bat-dong-san-moi-gioi
12507,,
12508,kinh-doanh-ban-hang,kinh-doanh-ban-hang-tong-hop
12509,kinh-doanh-ban-hang,kinh-doanh-ban-hang-tong-hop
12510,kinh-doanh-ban-hang,kinh-doanh-ban-hang-ban-hang
12511,kinh-doanh-ban-hang,kinh-doanh-ban-hang-sale
12512,ke-toan-tai-chinh,ke-toan-tai-chinh-ke-toan
12512,kinh-doanh-ban-hang,kinh-doanh-ban-hang-ban-hang
12512,ke-toan-tai-chinh,ke-toan-tai-chinh-ke-toan
12513,marketing-truyen-thong,marketing-tong-hop
12514,cntt,cntt-phat-trien-phan-mem
12515,kinh-doanh-ban-hang,kinh-doanh-ban-hang-ban-hang
12516,lao-dong-pho-thong,lao-dong-pho-thong-cong-nhan
12517,nhan-su-hanh-chinh,nhan-su-hanh-chinh-van-phong
12518,bat-dong-san,bat-dong-san-moi-gioi
12519,bat-dong-san,bat-dong-san-moi-gioi
12520,kinh-doanh-ban-hang,kinh-doanh-ban-hang-ban-hang
12521,kinh-doanh-ban-hang,kinh-doanh-ban-hang-tong-hop
12522,nhan-su-hanh-chinh,nhan-su-phap-ly-phap-che
12523,kinh-doanh-ban-hang,kinh-doanh-ban-hang-ban-hang
12524,cntt,cntt-phan-cung-mang
12524,cntt,cntt-phat-trien-phan-mem
12524,,
12525,san-xuat-qa-qc,san-xuat-det-may
12526,kinh-doanh-ban-hang,kinh-doanh-ban-hang-ban-hang
12527,kinh-doanh-ban-hang,kinh-doanh-ban-hang-ban-hang
12528,bat-dong-san,bat-dong-san-moi-gioi
12529,,
12530,,
12531,marketing-truyen-thong,marketing-tong-hop
12532,kinh-doanh-ban-hang,kinh-doanh-ban-hang-ban-hang
12533,kinh-doanh-ban-hang,kinh-doanh-ban-hang-tong-hop
12534,kinh-doanh-ban-hang,kinh-doanh-ban-hang-tong-hop
12535,kinh-doanh-ban-hang,kinh-doanh-ban-hang-tong-hop
12536,dich-vu-khach-hang,dich-vu-khach-hang-cskh
12537,lao-dong-pho-thong,lao-dong-pho-thong-cong-nhan
12538,kinh-doanh-ban-hang,kinh-doanh-ban-hang-ban-hang
12539,,
12539,,
12540,,
12541,,
12542,khach-san-nha-hang-du-lich,khach-san-nha-hang-fb
12543,,
12544,kinh-doanh-ban-hang,kinh-doanh-ban-hang-ban-hang
12545,dich-vu-khach-hang,dich-vu-khach-hang-cskh
12546,nhan-su-hanh-chinh,nhan-su-hanh-chinh-van-phong
12546,ke-toan-tai-chinh,ke-toan-tai-chinh-kiem-toan
12547,lao-dong-pho-thong,lao-dong-pho-thong-lai-xe
12548,kinh-doanh-ban-hang,kinh-doanh-ban-hang-ban-hang
12549,lao-dong-pho-thong,lao-dong-pho-thong-lai-xe
12550,marketing-truyen-thong,marketing-tong-hop
12551,kinh-doanh-ban-hang,kinh-doanh-ban-hang-tong-hop
12552,marketing-truyen-thong,marketing-seo-digital
12553,khach-san-nha-hang-du-lich,khach-san-nha-hang-fb
12554,marketing-truyen-thong,marketing-seo-digital
12555,dich-vu-khach-hang,dich-vu-khach-hang-cskh
12556,dich-vu-khach-hang,dich-vu-khach-hang-cskh
12557,marketing-truyen-thong,marketing-tong-hop
12558,,
12558,,
12559,kinh-doanh-ban-hang,kinh-doanh-ban-hang-sale
12560,bat-dong-san,bat-dong-san-moi-gioi
12561,khach-san-nha-hang-du-lich,khach-san-nha-hang-fb
12562,nhan-su-hanh-chinh,nhan-su-hanh-chinh-van-phong
12563,ke-toan-tai-chinh,ke-toan-tai-chinh-ke-toan
12564,nhan-su-hanh-chinh,nhan-su-phap-ly-phap-che
12565,,
12566,san-xuat-qa-qc,san-xuat-thuc-pham
12567,,
12567,,
12567,,
12568,kinh-doanh-ban-hang,kinh-doanh-ban-hang-tong-hop
12569,marketing-truyen-thong,marketing-truyen-thong-pr
12570,nhan-su-hanh-chinh,nhan-su-hanh-chinh-van-phong
12571,dich-vu-khach-hang,dich-vu-khach-hang-cskh
12572,kinh-doanh-ban-hang,kinh-doanh-ban-hang-ban-hang
12573,san-xuat-qa-qc,san-xuat-thuc-pham
12574,dich-vu-khach-hang,dich-vu-khach-hang-cskh
12575,ke-toan-tai-chinh,ke-toan-tai-chinh-ke-toan
12576,,
12577,marketing-truyen-thong,marketing-seo-digital
12578,lao-dong-pho-thong,lao-dong-pho-thong-tap-vu
12579,nhan-su-hanh-chinh,nhan-su-tuyen-dung-cb
12580,,
12581,nhan-su-hanh-chinh,nhan-su-hanh-chinh-van-phong
12582,,
12582,,
12583,kinh-doanh-ban-hang,kinh-doanh-ban-hang-tong-hop
12584,y-te-duoc,y-te-duoc-duoc-pham
12585,kinh-doanh-ban-hang,kinh-doanh-ban-hang-tong-hop
12586,dich-vu-khach-hang,dich-vu-khach-hang-cskh
12587,,
12587,kinh-doanh-ban-hang,kinh-doanh-ban-hang-ban-hang
12587,kinh-doanh-ban-hang,kinh-doanh-ban-hang-ban-hang
12588,kinh-doanh-ban-hang,kinh-doanh-ban-hang-ban-hang
12588,dich-vu-khach-hang,dich-vu-khach-hang-cskh
12588,,
12589,kinh-doanh-ban-hang,kinh-doanh-ban-hang-ban-hang
12590,kinh-doanh-ban-hang,kinh-doanh-ban-hang-tong-hop
12591,ke-toan-tai-chinh,ke-toan-tai-chinh-kiem-toan
12592,,
12593,,
12594,nhan-su-hanh-chinh,nhan-su-thu-ky-tro-ly
12595,bat-dong-san,bat-dong-san-moi-gioi
12596,dich-vu-khach-hang,dich-vu-khach-hang-cskh
12597,thiet-ke-kien-truc,thiet-ke-kien-truc-kien-truc
12597,,
12598,ke-toan-tai-chinh,ke-toan-tai-chinh-ke-toan
12599,nhan-su-hanh-chinh,nhan-su-tuyen-dung-cb
12600,nhan-su-hanh-chinh,nhan-su-hanh-chinh-van-phong
12601,lao-dong-pho-thong,lao-dong-pho-thong-lai-xe
12602,kinh-doanh-ban-hang,kinh-doanh-ban-hang-tong-hop
12603,,
12604,lao-dong-pho-thong,lao-dong-pho-thong-tap-vu
12605,,
12606,,
12607,khach-san-nha-hang-du-lich,khach-san-nha-hang-fb
12608,kinh-doanh-ban-hang,kinh-doanh-ban-hang-ban-hang
12609,co-khi-che-tao,co-khi-che-tao-co-khi
12610,kinh-doanh-ban-hang,kinh-doanh-ban-hang-tong-hop
12611,san-xuat-qa-qc,san-xuat-thuc-pham
12612,kinh-doanh-ban-hang,kinh-doanh-ban-hang-ban-hang
12613,kinh-doanh-ban-hang,kinh-doanh-ban-hang-ban-hang
12614,,
12615,kinh-doanh-ban-hang,kinh-doanh-ban-hang-tong-hop
12616,ke-toan-tai-chinh,ke-toan-tai-chinh-ke-toan
12617,,
12618,nhan-su-hanh-chinh,nhan-su-hanh-chinh-van-phong
12619,kinh-doanh-ban-hang,kinh-doanh-ban-hang-ban-hang
12620,,
12621,,
12622,marketing-truyen-thong,marketing-tong-hop
12623,kinh-doanh-ban-hang,kinh-doanh-ban-hang-ban-hang
12624,kinh-doanh-ban-hang,kinh-doanh-ban-hang-ban-hang
12625,,
12626,,
12627,nhan-su-hanh-chinh,nhan-su-hanh-chinh-van-phong
12628,san-xuat-qa-qc,san-xuat-thuc-pham
12629,,
12630,lao-dong-pho-thong,lao-dong-pho-thong-tap-vu
12631,kinh-doanh-ban-hang,kinh-doanh-ban-hang-tong-hop
12631,khach-san-nha-hang-du-lich,khach-san-spa-lam-dep
12631,,
12632,kinh-doanh-ban-hang,kinh-doanh-ban-hang-tong-hop
12633,,
12634,,
12635,ke-toan-tai-chinh,ke-toan-tai-chinh-chung-khoan
12635,kinh-doanh-ban-hang,kinh-doanh-ban-hang-tong-hop
12635,,
12636,nhan-su-hanh-chinh,nhan-su-thu-ky-tro-ly
12637,nhan-su-hanh-chinh,nhan-su-thu-ky-tro-ly
12638,nhan-su-hanh-chinh,nhan-su-hanh-chinh-van-phong
12639,kinh-doanh-ban-hang,kinh-doanh-ban-hang-ban-hang
12640,kinh-doanh-ban-hang,kinh-doanh-ban-hang-tong-hop
12641,marketing-truyen-thong,marketing-bien-phien-dich
12642,kinh-doanh-ban-hang,kinh-doanh-ban-hang-ban-hang
12643,kinh-doanh-ban-hang,kinh-doanh-ban-hang-tong-hop
12644,dich-vu-khach-hang,dich-vu-khach-hang-cskh
12644,,
12644,ke-toan-tai-chinh,ke-toan-tai-chinh-tai-chinh
12645,dich-vu-khach-hang,dich-vu-khach-hang-cskh
12646,nhan-su-hanh-chinh,nhan-su-hanh-chinh-van-phong
12647,xay-dung,xay-dung-ky-su
12648,kinh-doanh-ban-hang,kinh-doanh-ban-hang-ban-hang
12649,bat-dong-san,bat-dong-san-moi-gioi
12650,marketing-truyen-thong,marketing-truyen-thong-pr
12650,,
12650,marketing-truyen-thong,marketing-truyen-thong-pr
12651,marketing-truyen-thong,marketing-truyen-thong-pr
12652,lao-dong-pho-thong,lao-dong-pho-thong-lai-xe
12653,kinh-doanh-ban-hang,kinh-doanh-ban-hang-tong-hop
12653,,
12653,,
12654,nhan-su-hanh-chinh,nhan-su-tuyen-dung-cb
12655,bat-dong-san,bat-dong-san-moi-gioi
12655,dich-vu-khach-hang,dich-vu-khach-hang-cskh
12655,,
12656,cntt,cntt-phat-trien-phan-mem
12657,dich-vu-khach-hang,dich-vu-khach-hang-cskh
12658,kinh-doanh-ban-hang,kinh-doanh-ban-hang-tong-hop
12659,ke-toan-tai-chinh,ke-toan-tai-chinh-bao-hiem
12660,kinh-doanh-ban-hang,kinh-doanh-ban-hang-ban-hang
12661,,
12661,khach-san-nha-hang-du-lich,khach-san-du-lich-le-hanh
12661,,
12662,bat-dong-san,bat-dong-san-moi-gioi
12663,dich-vu-khach-hang,dich-vu-khach-hang-cskh
12664,marketing-truyen-thong,marketing-tong-hop
12665,marketing-truyen-thong,marketing-seo-digital
12666,kinh-doanh-ban-hang,kinh-doanh-ban-hang-sale
12667,lao-dong-pho-thong,lao-dong-pho-thong-bao-ve
12668,,
12669,kinh-doanh-ban-hang,kinh-doanh-ban-hang-tong-hop
12670,,
12671,ke-toan-tai-chinh,ke-toan-tai-chinh-ke-toan
12672,kinh-doanh-ban-hang,kinh-doanh-ban-hang-ban-hang
12673,nhan-su-hanh-chinh,nhan-su-tuyen-dung-cb
12674,,
12675,,
12676,nhan-su-hanh-chinh,nhan-su-tuyen-dung-cb
12676,kinh-doanh-ban-hang,kinh-doanh-ban-hang-tong-hop
12676,,
12677,bat-dong-san,bat-dong-san-moi-gioi
12678,ke-toan-tai-chinh,ke-toan-tai-chinh-bao-hiem
12679,san-xuat-qa-qc,san-xuat-quan-ly
12680,,
12681,kinh-doanh-ban-hang,kinh-doanh-ban-hang-ban-hang
12682,nhan-su-hanh-chinh,nhan-su-tuyen-dung-cb
12683,kinh-doanh-ban-hang,kinh-doanh-ban-hang-tong-hop
12684,bat-dong-san,bat-dong-san-moi-gioi
12685,kinh-doanh-ban-hang,kinh-doanh-ban-hang-tong-hop
12686,dich-vu-khach-hang,dich-vu-khach-hang-cskh
12687,kinh-doanh-ban-hang,kinh-doanh-ban-hang-ban-hang
12688,,
12689,,
12690,ke-toan-tai-chinh,ke-toan-tai-chinh-bao-hiem
12691,khach-san-nha-hang-du-lich,khach-san-du-lich-le-hanh
12692,kinh-doanh-ban-hang,kinh-doanh-ban-hang-thu-ngan
12692,kinh-doanh-ban-hang,kinh-doanh-ban-hang-ban-hang
12692,kinh-doanh-ban-hang,kinh-doanh-ban-hang-thu-ngan
12693,san-xuat-qa-qc,san-xuat-qa-qc-qa-qc
12694,ke-toan-tai-chinh,ke-toan-tai-chinh-ke-toan
12695,bat-dong-san,bat-dong-san-moi-gioi
12696,kinh-doanh-ban-hang,kinh-doanh-ban-hang-tong-hop
12697,kinh-doanh-ban-hang,kinh-doanh-ban-hang-ban-hang
12698,,
12699,dich-vu-khach-hang,dich-vu-khach-hang-cskh
12700,,
12701,kinh-doanh-ban-hang,kinh-doanh-ban-hang-ban-hang
12702,bat-dong-san,bat-dong-san-moi-gioi
12703,ke-toan-tai-chinh,ke-toan-tai-chinh-tai-chinh
12704,dich-vu-khach-hang,dich-vu-khach-hang-cskh
12704,dich-vu-khach-hang,dich-vu-khach-hang-cskh
12704,dich-vu-khach-hang,dich-vu-khach-hang-cskh
12705,,
12706,nhan-su-hanh-chinh,nhan-su-hanh-chinh-van-phong
12707,kinh-doanh-ban-hang,kinh-doanh-ban-hang-tong-hop
12708,kinh-doanh-ban-hang,kinh-doanh-ban-hang-ban-hang
12709,lao-dong-pho-thong,lao-dong-pho-thong-tap-vu
12710,nhan-su-hanh-chinh,nhan-su-hanh-chinh-van-phong
12711,ke-toan-tai-chinh,ke-toan-tai-chinh-ke-toan
12712,,
12713,ke-toan-tai-chinh,ke-toan-tai-chinh-tai-chinh
12714,marketing-truyen-thong,marketing-tong-hop
12715,ke-toan-tai-chinh,ke-toan-tai-chinh-ke-toan
12716,kinh-doanh-ban-hang,kinh-doanh-ban-hang-tong-hop
12717,,
12718,kinh-doanh-ban-hang,kinh-doanh-ban-hang-tong-hop
12719,ke-toan-tai-chinh,ke-toan-tai-chinh-ke-toan
12720,dich-vu-khach-hang,dich-vu-khach-hang-cskh
12721,kinh-doanh-ban-hang,kinh-doanh-ban-hang-ban-hang
12722,kinh-doanh-ban-hang,kinh-doanh-ban-hang-ban-hang
12723,kinh-doanh-ban-hang,kinh-doanh-ban-hang-tong-hop
12724,,
12725,lao-dong-pho-thong,lao-dong-pho-thong-lai-xe
12726,lao-dong-pho-thong,lao-dong-pho-thong-bao-ve
12727,,
12728,,
12729,lao-dong-pho-thong,lao-dong-pho-thong-cong-nhan
12730,giao-duc-dao-tao,giao-duc-giang-day
12731,san-xuat-qa-qc,san-xuat-my-pham
12731,kinh-doanh-ban-hang,kinh-doanh-ban-hang-tong-hop
12731,,
12732,xay-dung,xay-dung-ky-su
12733,ke-toan-tai-chinh,ke-toan-tai-chinh-chung-khoan
12734,ke-toan-tai-chinh,ke-toan-tai-chinh-ke-toan
12735,kinh-doanh-ban-hang,kinh-doanh-ban-hang-sale
12736,,
12737,dich-vu-khach-hang,dich-vu-khach-hang-cskh
12738,,
12739,kinh-doanh-ban-hang,kinh-doanh-ban-hang-tong-hop
12740,nhan-su-hanh-chinh,nhan-su-hanh-chinh-van-phong
12741,dich-vu-khach-hang,dich-vu-khach-hang-cskh
12742,kinh-doanh-ban-hang,kinh-doanh-ban-hang-tong-hop
12742,kinh-doanh-ban-hang,kinh-doanh-ban-hang-ban-hang
12743,ke-toan-tai-chinh,ke-toan-tai-chinh-ke-toan
12744,bat-dong-san,bat-dong-san-moi-gioi
12745,giao-duc-dao-tao,giao-duc-giang-day
12746,dich-vu-khach-hang,dich-vu-khach-hang-cskh
12747,nhan-su-hanh-chinh,nhan-su-tuyen-dung-cb
12748,kinh-doanh-ban-hang,kinh-doanh-ban-hang-tong-hop
12749,san-xuat-qa-qc,san-xuat-nong-nghiep
12749,san-xuat-qa-qc,san-xuat-nong-nghiep
12749,san-xuat-qa-qc,san-xuat-nong-nghiep
12750,thiet-ke-kien-truc,thiet-ke-do-hoa
12751,marketing-truyen-thong,marketing-tong-hop
12752,kinh-doanh-ban-hang,kinh-doanh-ban-hang-tong-hop
12753,marketing-truyen-thong,marketing-seo-digital
12754,lao-dong-pho-thong,lao-dong-pho-thong-lai-xe
12755,thiet-ke-kien-truc,thiet-ke-do-hoa
12756,kinh-doanh-ban-hang,kinh-doanh-ban-hang-tong-hop
12757,ke-toan-tai-chinh,ke-toan-tai-chinh-ngan-hang
12757,ke-toan-tai-chinh,ke-toan-tai-chinh-ngan-hang
12757,kinh-doanh-ban-hang,kinh-doanh-ban-hang-tong-hop
12758,marketing-truyen-thong,marketing-seo-digital
12759,,
12759,,
12759,kinh-doanh-ban-hang,kinh-doanh-ban-hang-ban-hang
12760,nhan-su-hanh-chinh,nhan-su-hanh-chinh-van-phong
12761,,
12762,lao-dong-pho-thong,lao-dong-pho-thong-lai-xe
12763,bat-dong-san,bat-dong-san-moi-gioi
12764,kinh-doanh-ban-hang,kinh-doanh-ban-hang-tong-hop
12765,y-te-duoc,y-te-duoc-duoc-pham
12766,marketing-truyen-thong,marketing-tong-hop
12767,kinh-doanh-ban-hang,kinh-doanh-ban-hang-tong-hop
12768,marketing-truyen-thong,marketing-tong-hop
12769,lao-dong-pho-thong,lao-dong-pho-thong-tap-vu
12770,kinh-doanh-ban-hang,kinh-doanh-ban-hang-ban-hang
12771,,
12772,kinh-doanh-ban-hang,kinh-doanh-ban-hang-tong-hop
12773,,
12774,,
12775,ke-toan-tai-chinh,ke-toan-tai-chinh-kiem-toan
12776,,
12777,kinh-doanh-ban-hang,kinh-doanh-ban-hang-ban-hang
12778,co-khi-che-tao,co-khi-che-tao-co-khi
12779,nhan-su-hanh-chinh,nhan-su-hanh-chinh-van-phong
12780,,
12781,kinh-doanh-ban-hang,kinh-doanh-ban-hang-ban-hang
12782,,
12783,dich-vu-khach-hang,dich-vu-khach-hang-cskh
12784,kinh-doanh-ban-hang,kinh-doanh-ban-hang-tong-hop
12785,dich-vu-khach-hang,dich-vu-khach-hang-cskh
12786,nhan-su-hanh-chinh,nhan-su-hanh-chinh-van-phong
12787,nhan-su-hanh-chinh,nhan-su-hanh-chinh-van-phong
12788,marketing-truyen-thong,marketing-tong-hop
12789,,
12790,,
12791,nhan-su-hanh-chinh,nhan-su-hanh-chinh-van-phong
12792,,
12793,,
12794,bat-dong-san,bat-dong-san-moi-gioi
12795,kinh-doanh-ban-hang,kinh-doanh-ban-hang-tong-hop
12796,kinh-doanh-ban-hang,kinh-doanh-ban-hang-ban-hang
12796,kinh-doanh-ban-hang,kinh-doanh-ban-hang-thu-ngan
12797,bat-dong-san,bat-dong-san-moi-gioi
12798,kinh-doanh-ban-hang,kinh-doanh-ban-hang-tong-hop
12799,ke-toan-tai-chinh,ke-toan-tai-chinh-ke-toan
12800,bat-dong-san,bat-dong-san-moi-gioi
12801,lao-dong-pho-thong,lao-dong-pho-thong-lai-xe
12802,dich-vu-khach-hang,dich-vu-khach-hang-cskh
12803,san-xuat-qa-qc,san-xuat-nong-nghiep
12804,kinh-doanh-ban-hang,kinh-doanh-ban-hang-tong-hop
12805,giao-duc-dao-tao,giao-duc-giang-day
12806,kinh-doanh-ban-hang,kinh-doanh-ban-hang-tong-hop
12807,khach-san-nha-hang-du-lich,khach-san-spa-lam-dep
12808,kinh-doanh-ban-hang,kinh-doanh-ban-hang-tong-hop
12809,bat-dong-san,bat-dong-san-moi-gioi
12810,lao-dong-pho-thong,lao-dong-pho-thong-lai-xe
12811,kinh-doanh-ban-hang,kinh-doanh-ban-hang-tong-hop
12812,ke-toan-tai-chinh,ke-toan-tai-chinh-ke-toan
12813,nhan-su-hanh-chinh,nhan-su-hanh-chinh-van-phong
12814,y-te-duoc,y-te-duoc-y-te
12815,nhan-su-hanh-chinh,nhan-su-hanh-chinh-van-phong
12816,kinh-doanh-ban-hang,kinh-doanh-ban-hang-ban-hang
12817,ke-toan-tai-chinh,ke-toan-tai-chinh-ke-toan
12818,san-xuat-qa-qc,san-xuat-quan-ly
12819,kinh-doanh-ban-hang,kinh-doanh-ban-hang-sale
12820,lao-dong-pho-thong,lao-dong-pho-thong-cong-nhan
12821,bat-dong-san,bat-dong-san-moi-gioi
12822,san-xuat-qa-qc,san-xuat-my-pham
12823,nhan-su-hanh-chinh,nhan-su-hanh-chinh-van-phong
12824,nhan-su-hanh-chinh,nhan-su-hanh-chinh-van-phong
12825,kinh-doanh-ban-hang,kinh-doanh-ban-hang-ban-hang
12826,nhan-su-hanh-chinh,nhan-su-hanh-chinh-van-phong
12827,nhan-su-hanh-chinh,nhan-su-hanh-chinh-van-phong
12828,lao-dong-pho-thong,lao-dong-pho-thong-lai-xe
12829,kinh-doanh-ban-hang,kinh-doanh-ban-hang-ban-hang
12830,,
12831,lao-dong-pho-thong,lao-dong-pho-thong-cong-nhan
12831,lao-dong-pho-thong,lao-dong-pho-thong-cong-nhan
12831,lao-dong-pho-thong,lao-dong-pho-thong-cong-nhan
12832,ke-toan-tai-chinh,ke-toan-tai-chinh-ke-toan
12832,san-xuat-qa-qc,san-xuat-qa-qc-qa-qc
12832,san-xuat-qa-qc,san-xuat-quan-ly
12833,kinh-doanh-ban-hang,kinh-doanh-ban-hang-ban-hang
12834,,
12835,nhan-su-hanh-chinh,nhan-su-tuyen-dung-cb
12835,,
12835,kinh-doanh-ban-hang,kinh-doanh-ban-hang-ban-hang
12836,ke-toan-tai-chinh,ke-toan-tai-chinh-tai-chinh
12837,kinh-doanh-ban-hang,kinh-doanh-ban-hang-ban-hang
12838,,
12839,,
12840,kinh-doanh-ban-hang,kinh-doanh-ban-hang-tong-hop
12841,kinh-doanh-ban-hang,kinh-doanh-ban-hang-tong-hop
12842,kinh-doanh-ban-hang,kinh-doanh-ban-hang-ban-hang
12843,,
12844,bat-dong-san,bat-dong-san-moi-gioi
12845,,
12846,,
12847,marketing-truyen-thong,marketing-tong-hop
12848,,
12849,lao-dong-pho-thong,lao-dong-pho-thong-tap-vu
12850,kinh-doanh-ban-hang,kinh-doanh-ban-hang-ban-hang
12851,bat-dong-san,bat-dong-san-moi-gioi
12852,ke-toan-tai-chinh,ke-toan-tai-chinh-tai-chinh
12853,,
12854,,
12855,kinh-doanh-ban-hang,kinh-doanh-ban-hang-sale
12856,kinh-doanh-ban-hang,kinh-doanh-ban-hang-ban-hang
12857,bat-dong-san,bat-dong-san-moi-gioi
12858,kinh-doanh-ban-hang,kinh-doanh-ban-hang-tong-hop
12859,nhan-su-hanh-chinh,nhan-su-hanh-chinh-van-phong
12860,kinh-doanh-ban-hang,kinh-doanh-ban-hang-ban-hang
12861,,
12862,dien-dien-tu-vien-thong,dien-dien-tu-dien-lanh
12863,dich-vu-khach-hang,dich-vu-khach-hang-cskh
12864,ke-toan-tai-chinh,ke-toan-tai-chinh-ke-toan
12865,,
12866,kinh-doanh-ban-hang,kinh-doanh-ban-hang-tong-hop
12867,khach-san-nha-hang-du-lich,khach-san-spa-lam-dep
12868,san-xuat-qa-qc,san-xuat-thuc-pham
12869,ke-toan-tai-chinh,ke-toan-tai-chinh-ke-toan
12870,,
12871,lao-dong-pho-thong,lao-dong-pho-thong-lai-xe
12872,kinh-doanh-ban-hang,kinh-doanh-ban-hang-tong-hop
12873,kinh-doanh-ban-hang,kinh-doanh-ban-hang-tong-hop
12874,kinh-doanh-ban-hang,kinh-doanh-ban-hang-tong-hop
12875,nhan-su-hanh-chinh,nhan-su-hanh-chinh-van-phong
12876,,
12877,xay-dung,xay-dung-ky-su
12878,,
12878,co-khi-che-tao,co-khi-che-tao-co-khi
12879,dich-vu-khach-hang,dich-vu-khach-hang-cskh
12880,lao-dong-pho-thong,lao-dong-pho-thong-cong-nhan
12881,kinh-doanh-ban-hang,kinh-doanh-ban-hang-ban-hang
12882,lao-dong-pho-thong,lao-dong-pho-thong-tap-vu
12883,kinh-doanh-ban-hang,kinh-doanh-ban-hang-tong-hop
12883,,
12883,ke-toan-tai-chinh,ke-toan-tai-chinh-tai-chinh
12884,thiet-ke-kien-truc,thiet-ke-do-hoa
12885,lao-dong-pho-thong,lao-dong-pho-thong-lai-xe
12886,marketing-truyen-thong,marketing-tong-hop
12887,,
12888,khach-san-nha-hang-du-lich,khach-san-nha-hang-fb
12889,lao-dong-pho-thong,lao-dong-pho-thong-tap-vu
12890,dien-dien-tu-vien-thong,dien-dien-tu-vien-thong-vt
12891,kinh-doanh-ban-hang,kinh-doanh-ban-hang-tong-hop
12892,bat-dong-san,bat-dong-san-moi-gioi
12893,kinh-doanh-ban-hang,kinh-doanh-ban-hang-sale
12894,dich-vu-khach-hang,dich-vu-khach-hang-cskh
12895,,
12896,kinh-doanh-ban-hang,kinh-doanh-ban-hang-thu-ngan
12896,kinh-doanh-ban-hang,kinh-doanh-ban-hang-ban-hang
12896,kinh-doanh-ban-hang,kinh-doanh-ban-hang-thu-ngan
12897,lao-dong-pho-thong,lao-dong-pho-thong-cong-nhan
12898,kinh-doanh-ban-hang,kinh-doanh-ban-hang-ban-hang
12899,bat-dong-san,bat-dong-san-moi-gioi
12899,kinh-doanh-ban-hang,kinh-doanh-ban-hang-tong-hop
12899,,
12900,ke-toan-tai-chinh,ke-toan-tai-chinh-kiem-toan
12901,kinh-doanh-ban-hang,kinh-doanh-ban-hang-sale
12902,,
12903,,
12904,ke-toan-tai-chinh,ke-toan-tai-chinh-ke-toan
12905,,
12906,,
12907,bat-dong-san,bat-dong-san-moi-gioi
12908,,
12909,,
12910,lao-dong-pho-thong,lao-dong-pho-thong-cong-nhan
12911,kinh-doanh-ban-hang,kinh-doanh-ban-hang-tong-hop
12912,kinh-doanh-ban-hang,kinh-doanh-ban-hang-sale
12913,kinh-doanh-ban-hang,kinh-doanh-ban-hang-tong-hop
12914,kinh-doanh-ban-hang,kinh-doanh-ban-hang-tong-hop
12915,lao-dong-pho-thong,lao-dong-pho-thong-lai-xe
12916,kinh-doanh-ban-hang,kinh-doanh-ban-hang-tong-hop
12917,lao-dong-pho-thong,lao-dong-pho-thong-lai-xe
12918,kinh-doanh-ban-hang,kinh-doanh-ban-hang-tong-hop
12918,,
12919,,
12920,lao-dong-pho-thong,lao-dong-pho-thong-cong-nhan
12921,bat-dong-san,bat-dong-san-moi-gioi
12922,nhan-su-hanh-chinh,nhan-su-hanh-chinh-van-phong
12923,,
12924,lao-dong-pho-thong,lao-dong-pho-thong-lai-xe
12925,kinh-doanh-ban-hang,kinh-doanh-ban-hang-tong-hop
12926,nhan-su-hanh-chinh,nhan-su-tuyen-dung-cb
12927,nhan-su-hanh-chinh,nhan-su-hanh-chinh-van-phong
12927,nhan-su-hanh-chinh,nhan-su-tuyen-dung-cb
12928,,
12929,kinh-doanh-ban-hang,kinh-doanh-ban-hang-tong-hop
12930,kinh-doanh-ban-hang,kinh-doanh-ban-hang-ban-hang
12931,kinh-doanh-ban-hang,kinh-doanh-ban-hang-ban-hang
12932,lao-dong-pho-thong,lao-dong-pho-thong-bao-ve
12932,,
12932,,
12933,kinh-doanh-ban-hang,kinh-doanh-ban-hang-tong-hop
12934,,
12934,,
12934,,
12935,xay-dung,xay-dung-ky-su
12936,bat-dong-san,bat-dong-san-moi-gioi
12937,bat-dong-san,bat-dong-san-moi-gioi
12938,kinh-doanh-ban-hang,kinh-doanh-ban-hang-tong-hop
12939,,
12940,,
12941,kinh-doanh-ban-hang,kinh-doanh-ban-hang-ban-hang
12942,,
12943,ke-toan-tai-chinh,ke-toan-tai-chinh-chung-khoan
12944,cntt,cntt-phat-trien-phan-mem
12945,dich-vu-khach-hang,dich-vu-khach-hang-cskh
12946,,
12947,bat-dong-san,bat-dong-san-moi-gioi
12948,,
12949,lao-dong-pho-thong,lao-dong-pho-thong-cong-nhan
12950,bat-dong-san,bat-dong-san-moi-gioi
12951,nhan-su-hanh-chinh,nhan-su-hanh-chinh-van-phong
12952,,
12953,kinh-doanh-ban-hang,kinh-doanh-ban-hang-ban-hang
12954,,
12955,ke-toan-tai-chinh,ke-toan-tai-chinh-ke-toan
12956,,
12957,,
12958,,
12959,,
12960,,
12961,lao-dong-pho-thong,lao-dong-pho-thong-lai-xe
12962,,
12963,lao-dong-pho-thong,lao-dong-pho-thong-tap-vu
12964,cntt,cntt-phat-trien-phan-mem
12965,ke-toan-tai-chinh,ke-toan-tai-chinh-ke-toan
12966,ke-toan-tai-chinh,ke-toan-tai-chinh-kiem-toan
12967,nhan-su-hanh-chinh,nhan-su-hanh-chinh-van-phong
12968,dich-vu-khach-hang,dich-vu-khach-hang-cskh
12969,dich-vu-khach-hang,dich-vu-khach-hang-cskh
12970,kinh-doanh-ban-hang,kinh-doanh-ban-hang-ban-hang
12971,marketing-truyen-thong,marketing-seo-digital
12972,lao-dong-pho-thong,lao-dong-pho-thong-tap-vu
12973,nhan-su-hanh-chinh,nhan-su-hanh-chinh-van-phong
12974,marketing-truyen-thong,marketing-seo-digital
12975,nhan-su-hanh-chinh,nhan-su-hanh-chinh-van-phong
12976,ke-toan-tai-chinh,ke-toan-tai-chinh-bao-hiem
12977,bat-dong-san,bat-dong-san-moi-gioi
12978,,
12979,cntt,cntt-phat-trien-phan-mem
12980,bat-dong-san,bat-dong-san-moi-gioi
12981,giao-duc-dao-tao,giao-duc-giang-day
12982,lao-dong-pho-thong,lao-dong-pho-thong-bao-ve
12983,,
12984,khach-san-nha-hang-du-lich,khach-san-nha-hang-fb
12985,bat-dong-san,bat-dong-san-moi-gioi
12986,co-khi-che-tao,co-khi-che-tao-co-khi
12986,,
12986,,
12987,,
12988,kinh-doanh-ban-hang,kinh-doanh-ban-hang-tong-hop
12989,marketing-truyen-thong,marketing-tong-hop
12990,kinh-doanh-ban-hang,kinh-doanh-ban-hang-tong-hop
12991,nhan-su-hanh-chinh,nhan-su-hanh-chinh-van-phong
12992,,
12993,,
12993,marketing-truyen-thong,marketing-tong-hop
12993,,
12994,ke-toan-tai-chinh,ke-toan-tai-chinh-ke-toan
12995,kinh-doanh-ban-hang,kinh-doanh-ban-hang-tong-hop
12996,van-tai-logistics,van-tai-giao-nhan
12996,,
12997,,
12998,bat-dong-san,bat-dong-san-moi-gioi
12999,khach-san-nha-hang-du-lich,khach-san-khach-san
13000,ke-toan-tai-chinh,ke-toan-tai-chinh-bao-hiem
13001,,
13002,dien-dien-tu-vien-thong,dien-dien-tu-vien-thong-vt
13003,kinh-doanh-ban-hang,kinh-doanh-ban-hang-sale
13004,nhan-su-hanh-chinh,nhan-su-tuyen-dung-cb
13005,kinh-doanh-ban-hang,kinh-doanh-ban-hang-tong-hop
13006,kinh-doanh-ban-hang,kinh-doanh-ban-hang-tong-hop
13007,bat-dong-san,bat-dong-san-moi-gioi
13008,lao-dong-pho-thong,lao-dong-pho-thong-lai-xe
13009,lao-dong-pho-thong,lao-dong-pho-thong-lai-xe
13010,lao-dong-pho-thong,lao-dong-pho-thong-cong-nhan
13011,lao-dong-pho-thong,lao-dong-pho-thong-lai-xe
13012,ke-toan-tai-chinh,ke-toan-tai-chinh-tai-chinh
13013,xay-dung,xay-dung-ky-su
13013,xay-dung,xay-dung-ky-su
13014,ke-toan-tai-chinh,ke-toan-tai-chinh-bao-hiem
13015,,
13016,,
13017,,
13018,bat-dong-san,bat-dong-san-moi-gioi
13019,bat-dong-san,bat-dong-san-moi-gioi
13020,nhan-su-hanh-chinh,nhan-su-hanh-chinh-van-phong
13021,,
13022,kinh-doanh-ban-hang,kinh-doanh-ban-hang-ban-hang
13023,kinh-doanh-ban-hang,kinh-doanh-ban-hang-tong-hop
13024,kinh-doanh-ban-hang,kinh-doanh-ban-hang-tong-hop
13025,,
13026,cntt,cntt-phat-trien-phan-mem
13027,kinh-doanh-ban-hang,kinh-doanh-ban-hang-tong-hop
13028,ke-toan-tai-chinh,ke-toan-tai-chinh-ke-toan
13029,,
13030,kinh-doanh-ban-hang,kinh-doanh-ban-hang-sale
13030,,
13030,kinh-doanh-ban-hang,kinh-doanh-ban-hang-tong-hop
13031,,
13032,ke-toan-tai-chinh,ke-toan-tai-chinh-tai-chinh
13033,marketing-truyen-thong,marketing-tong-hop
13034,marketing-truyen-thong,marketing-bien-phien-dich
13035,bat-dong-san,bat-dong-san-moi-gioi
13036,,
13037,lao-dong-pho-thong,lao-dong-pho-thong-cong-nhan
13038,,
13039,nhan-su-hanh-chinh,nhan-su-hanh-chinh-van-phong
13040,,
13041,dich-vu-khach-hang,dich-vu-khach-hang-cskh
13042,nhan-su-hanh-chinh,nhan-su-hanh-chinh-van-phong
13043,kinh-doanh-ban-hang,kinh-doanh-ban-hang-tong-hop
13044,giao-duc-dao-tao,giao-duc-giang-day
13045,,
13046,khach-san-nha-hang-du-lich,khach-san-khach-san
13047,,
13047,xay-dung,xay-dung-ky-su
13048,xay-dung,xay-dung-ky-su
13049,marketing-truyen-thong,marketing-tong-hop
13050,kinh-doanh-ban-hang,kinh-doanh-ban-hang-ban-hang
13051,dich-vu-khach-hang,dich-vu-khach-hang-cskh
13052,san-xuat-qa-qc,san-xuat-my-pham
13053,lao-dong-pho-thong,lao-dong-pho-thong-tap-vu
13054,xay-dung,xay-dung-ky-su
13055,kinh-doanh-ban-hang,kinh-doanh-ban-hang-tong-hop
13056,marketing-truyen-thong,marketing-seo-digital
13057,lao-dong-pho-thong,lao-dong-pho-thong-cong-nhan
13058,kinh-doanh-ban-hang,kinh-doanh-ban-hang-tong-hop
13059,ke-toan-tai-chinh,ke-toan-tai-chinh-ke-toan
13060,co-khi-che-tao,co-khi-che-tao-co-khi
13060,lao-dong-pho-thong,lao-dong-pho-thong-cong-nhan
13061,,
13062,khach-san-nha-hang-du-lich,khach-san-nha-hang-fb
13063,kinh-doanh-ban-hang,kinh-doanh-ban-hang-tong-hop
13064,lao-dong-pho-thong,lao-dong-pho-thong-cong-nhan
13064,lao-dong-pho-thong,lao-dong-pho-thong-cong-nhan
13064,lao-dong-pho-thong,lao-dong-pho-thong-cong-nhan
13065,cntt,cntt-phat-trien-phan-mem
13066,kinh-doanh-ban-hang,kinh-doanh-ban-hang-ban-hang
13067,nhan-su-hanh-chinh,nhan-su-hanh-chinh-van-phong
13068,ke-toan-tai-chinh,ke-toan-tai-chinh-ke-toan
13069,kinh-doanh-ban-hang,kinh-doanh-ban-hang-tong-hop
13070,khach-san-nha-hang-du-lich,khach-san-khach-san
13071,dich-vu-khach-hang,dich-vu-khach-hang-cskh
13072,ke-toan-tai-chinh,ke-toan-tai-chinh-ke-toan
13073,san-xuat-qa-qc,san-xuat-qa-qc-qa-qc
13074,kinh-doanh-ban-hang,kinh-doanh-ban-hang-tong-hop
13075,dich-vu-khach-hang,dich-vu-khach-hang-cskh
13076,khach-san-nha-hang-du-lich,khach-san-nha-hang-fb
13077,kinh-doanh-ban-hang,kinh-doanh-ban-hang-tong-hop
13078,,
13079,,
13080,,
13081,bat-dong-san,bat-dong-san-moi-gioi
13082,kinh-doanh-ban-hang,kinh-doanh-ban-hang-ban-hang
13083,lao-dong-pho-thong,lao-dong-pho-thong-lai-xe
13084,van-tai-logistics,van-tai-xuat-nhap-khau
13084,van-tai-logistics,van-tai-xuat-nhap-khau
13084,,
13085,,
13086,dien-dien-tu-vien-thong,dien-dien-tu-dien-lanh
13087,nhan-su-hanh-chinh,nhan-su-hanh-chinh-van-phong
13088,ke-toan-tai-chinh,ke-toan-tai-chinh-chung-khoan
13089,,
13090,ke-toan-tai-chinh,ke-toan-tai-chinh-kiem-toan
13091,kinh-doanh-ban-hang,kinh-doanh-ban-hang-tong-hop
13091,,
13091,,
13092,,
13093,lao-dong-pho-thong,lao-dong-pho-thong-lai-xe
13094,kinh-doanh-ban-hang,kinh-doanh-ban-hang-tong-hop
13095,,
13096,kinh-doanh-ban-hang,kinh-doanh-ban-hang-tong-hop
13097,ke-toan-tai-chinh,ke-toan-tai-chinh-tai-chinh
13098,,
13099,thiet-ke-kien-truc,thiet-ke-noi-that
13100,kinh-doanh-ban-hang,kinh-doanh-ban-hang-ban-hang
13101,dich-vu-khach-hang,dich-vu-khach-hang-cskh
13102,dich-vu-khach-hang,dich-vu-khach-hang-cskh
13103,,
13103,san-xuat-qa-qc,san-xuat-nong-nghiep
13103,san-xuat-qa-qc,san-xuat-nong-nghiep
13104,ke-toan-tai-chinh,ke-toan-tai-chinh-kiem-toan
13105,marketing-truyen-thong,marketing-tong-hop
13106,,
13107,xay-dung,xay-dung-ky-su
13108,kinh-doanh-ban-hang,kinh-doanh-ban-hang-ban-hang
13109,kinh-doanh-ban-hang,kinh-doanh-ban-hang-ban-hang
13110,marketing-truyen-thong,marketing-seo-digital
13111,nhan-su-hanh-chinh,nhan-su-hanh-chinh-van-phong
13112,bat-dong-san,bat-dong-san-moi-gioi
13113,kinh-doanh-ban-hang,kinh-doanh-ban-hang-ban-hang
13114,bat-dong-san,bat-dong-san-moi-gioi
13115,,
13116,lao-dong-pho-thong,lao-dong-pho-thong-lai-xe
13117,lao-dong-pho-thong,lao-dong-pho-thong-cong-nhan
13118,,
13118,,
13118,,
13119,lao-dong-pho-thong,lao-dong-pho-thong-lai-xe
13120,,
13121,kinh-doanh-ban-hang,kinh-doanh-ban-hang-sale
13122,,
13123,ke-toan-tai-chinh,ke-toan-tai-chinh-kiem-toan
13124,ke-toan-tai-chinh,ke-toan-tai-chinh-ke-toan
13125,nhan-su-hanh-chinh,nhan-su-hanh-chinh-van-phong
13126,nhan-su-hanh-chinh,nhan-su-hanh-chinh-van-phong
13126,nhan-su-hanh-chinh,nhan-su-tuyen-dung-cb
13126,bat-dong-san,bat-dong-san-moi-gioi
13127,nhan-su-hanh-chinh,nhan-su-hanh-chinh-van-phong
13128,marketing-truyen-thong,marketing-bien-phien-dich
13129,giao-duc-dao-tao,giao-duc-giang-day
13130,dien-dien-tu-vien-thong,dien-dien-tu-dien-lanh
13131,kinh-doanh-ban-hang,kinh-doanh-ban-hang-tong-hop
13132,dich-vu-khach-hang,dich-vu-khach-hang-cskh
13133,,
13134,marketing-truyen-thong,marketing-seo-digital
13135,ke-toan-tai-chinh,ke-toan-tai-chinh-bao-hiem
13135,kinh-doanh-ban-hang,kinh-doanh-ban-hang-tong-hop
13135,,
13136,lao-dong-pho-thong,lao-dong-pho-thong-lai-xe
13137,kinh-doanh-ban-hang,kinh-doanh-ban-hang-sale
13138,bat-dong-san,bat-dong-san-moi-gioi
13139,bat-dong-san,bat-dong-san-moi-gioi
13140,lao-dong-pho-thong,lao-dong-pho-thong-cong-nhan
13140,,
13141,y-te-duoc,y-te-duoc-duoc-pham
13142,kinh-doanh-ban-hang,kinh-doanh-ban-hang-tong-hop
13143,kinh-doanh-ban-hang,kinh-doanh-ban-hang-tong-hop
13144,kinh-doanh-ban-hang,kinh-doanh-ban-hang-ban-hang
13145,,
13146,san-xuat-qa-qc,san-xuat-my-pham
13147,kinh-doanh-ban-hang,kinh-doanh-ban-hang-tong-hop
13148,,
13149,bat-dong-san,bat-dong-san-moi-gioi
13150,,
13151,xay-dung,xay-dung-ky-su
13152,khach-san-nha-hang-du-lich,khach-san-du-lich-le-hanh
13153,dich-vu-khach-hang,dich-vu-khach-hang-cskh
13154,y-te-duoc,y-te-duoc-duoc-pham
13155,,
13156,,
13157,lao-dong-pho-thong,lao-dong-pho-thong-bao-ve
13158,ke-toan-tai-chinh,ke-toan-tai-chinh-tai-chinh
13159,ke-toan-tai-chinh,ke-toan-tai-chinh-ke-toan
13160,ke-toan-tai-chinh,ke-toan-tai-chinh-ke-toan
13161,lao-dong-pho-thong,lao-dong-pho-thong-lai-xe
13162,nhan-su-hanh-chinh,nhan-su-hanh-chinh-van-phong
13163,san-xuat-qa-qc,san-xuat-my-pham
13164,giao-duc-dao-tao,giao-duc-giang-day
13165,kinh-doanh-ban-hang,kinh-doanh-ban-hang-tong-hop
13166,kinh-doanh-ban-hang,kinh-doanh-ban-hang-tong-hop
13167,kinh-doanh-ban-hang,kinh-doanh-ban-hang-tong-hop
13168,marketing-truyen-thong,marketing-tong-hop
13169,kinh-doanh-ban-hang,kinh-doanh-ban-hang-tong-hop
13170,van-tai-logistics,van-tai-xuat-nhap-khau
13171,lao-dong-pho-thong,lao-dong-pho-thong-cong-nhan
13172,kinh-doanh-ban-hang,kinh-doanh-ban-hang-tong-hop
13173,nhan-su-hanh-chinh,nhan-su-hanh-chinh-van-phong
13174,lao-dong-pho-thong,lao-dong-pho-thong-cong-nhan
13175,lao-dong-pho-thong,lao-dong-pho-thong-tap-vu
13176,dich-vu-khach-hang,dich-vu-khach-hang-cskh
13176,kinh-doanh-ban-hang,kinh-doanh-ban-hang-tong-hop
13176,,
13177,marketing-truyen-thong,marketing-seo-digital
13178,nhan-su-hanh-chinh,nhan-su-hanh-chinh-van-phong
13179,kinh-doanh-ban-hang,kinh-doanh-ban-hang-tong-hop
13180,,
13180,,
13181,nhan-su-hanh-chinh,nhan-su-hanh-chinh-van-phong
13182,kinh-doanh-ban-hang,kinh-doanh-ban-hang-ban-hang
13183,,
13184,dich-vu-khach-hang,dich-vu-khach-hang-cskh
13184,kinh-doanh-ban-hang,kinh-doanh-ban-hang-tong-hop
13184,ke-toan-tai-chinh,ke-toan-tai-chinh-tai-chinh
13185,dich-vu-khach-hang,dich-vu-khach-hang-cskh
13186,dich-vu-khach-hang,dich-vu-khach-hang-cskh
13187,kinh-doanh-ban-hang,kinh-doanh-ban-hang-tong-hop
13188,kinh-doanh-ban-hang,kinh-doanh-ban-hang-ban-hang
13189,,
13189,kinh-doanh-ban-hang,kinh-doanh-ban-hang-tong-hop
13189,ke-toan-tai-chinh,ke-toan-tai-chinh-tai-chinh
13190,dich-vu-khach-hang,dich-vu-khach-hang-cskh
13191,bat-dong-san,bat-dong-san-moi-gioi
13192,ke-toan-tai-chinh,ke-toan-tai-chinh-kiem-toan
13193,kinh-doanh-ban-hang,kinh-doanh-ban-hang-tong-hop
13194,kinh-doanh-ban-hang,kinh-doanh-ban-hang-tong-hop
13195,nhan-su-hanh-chinh,nhan-su-hanh-chinh-van-phong
13195,ke-toan-tai-chinh,ke-toan-tai-chinh-kiem-toan
13196,,
13197,kinh-doanh-ban-hang,kinh-doanh-ban-hang-tong-hop
13198,lao-dong-pho-thong,lao-dong-pho-thong-bao-ve
13198,,
13198,,
13199,kinh-doanh-ban-hang,kinh-doanh-ban-hang-tong-hop
13200,kinh-doanh-ban-hang,kinh-doanh-ban-hang-tong-hop
13201,kinh-doanh-ban-hang,kinh-doanh-ban-hang-thu-ngan
13202,kinh-doanh-ban-hang,kinh-doanh-ban-hang-thu-ngan
13203,nhan-su-hanh-chinh,nhan-su-hanh-chinh-van-phong
13204,lao-dong-pho-thong,lao-dong-pho-thong-lai-xe
13205,,
13206,,
13207,marketing-truyen-thong,marketing-seo-digital
13208,,
13209,cntt,cntt-phat-trien-phan-mem
13210,nhan-su-hanh-chinh,nhan-su-hanh-chinh-van-phong
13211,cntt,cntt-phat-trien-phan-mem
13212,kinh-doanh-ban-hang,kinh-doanh-ban-hang-tong-hop
13213,,
13214,kinh-doanh-ban-hang,kinh-doanh-ban-hang-tong-hop
13215,kinh-doanh-ban-hang,kinh-doanh-ban-hang-tong-hop
13216,,
13217,bat-dong-san,bat-dong-san-moi-gioi
13218,nhan-su-hanh-chinh,nhan-su-hanh-chinh-van-phong
13218,nhan-su-hanh-chinh,nhan-su-tuyen-dung-cb
13218,kinh-doanh-ban-hang,kinh-doanh-ban-hang-thu-ngan
13219,bat-dong-san,bat-dong-san-moi-gioi
13220,,
13221,dich-vu-khach-hang,dich-vu-khach-hang-cskh
13221,,
13221,san-xuat-qa-qc,san-xuat-qa-qc-qa-qc
13222,,
13223,marketing-truyen-thong,marketing-tong-hop
13223,kinh-doanh-ban-hang,kinh-doanh-ban-hang-tong-hop
13223,,
13224,kinh-doanh-ban-hang,kinh-doanh-ban-hang-tong-hop
13225,dich-vu-khach-hang,dich-vu-khach-hang-cskh
13226,giao-duc-dao-tao,giao-duc-giang-day
13227,bat-dong-san,bat-dong-san-moi-gioi
13228,,
13229,cntt,cntt-phat-trien-phan-mem
13230,san-xuat-qa-qc,san-xuat-quan-ly
13231,san-xuat-qa-qc,san-xuat-thuc-pham
13232,van-tai-logistics,van-tai-xuat-nhap-khau
13233,nhan-su-hanh-chinh,nhan-su-hanh-chinh-van-phong
13234,nhan-su-hanh-chinh,nhan-su-hanh-chinh-van-phong
13234,nhan-su-hanh-chinh,nhan-su-tuyen-dung-cb
13235,ke-toan-tai-chinh,ke-toan-tai-chinh-tai-chinh
13236,khach-san-nha-hang-du-lich,khach-san-spa-lam-dep
13237,xay-dung,xay-dung-ky-su
13238,giao-duc-dao-tao,giao-duc-giang-day
13239,ke-toan-tai-chinh,ke-toan-tai-chinh-chung-khoan
13240,lao-dong-pho-thong,lao-dong-pho-thong-lai-xe
13241,thiet-ke-kien-truc,thiet-ke-do-hoa
13242,,
13243,khach-san-nha-hang-du-lich,khach-san-khach-san
13244,cntt,cntt-phat-trien-phan-mem
13245,,
13246,bat-dong-san,bat-dong-san-moi-gioi
13247,,
13247,dich-vu-khach-hang,dich-vu-khach-hang-cskh
13247,giao-duc-dao-tao,giao-duc-giang-day
13248,,
13249,kinh-doanh-ban-hang,kinh-doanh-ban-hang-tong-hop
13250,thiet-ke-kien-truc,thiet-ke-kien-truc-kien-truc
13250,xay-dung,xay-dung-ky-su
13251,marketing-truyen-thong,marketing-seo-digital
13252,,
13253,,
13254,kinh-doanh-ban-hang,kinh-doanh-ban-hang-tong-hop
13255,ke-toan-tai-chinh,ke-toan-tai-chinh-ke-toan
13256,,
13257,khach-san-nha-hang-du-lich,khach-san-du-lich-le-hanh
13258,kinh-doanh-ban-hang,kinh-doanh-ban-hang-tong-hop
13259,kinh-doanh-ban-hang,kinh-doanh-ban-hang-tong-hop
13260,ke-toan-tai-chinh,ke-toan-tai-chinh-ngan-hang
13261,cntt,cntt-phat-trien-phan-mem
13262,marketing-truyen-thong,marketing-seo-digital
13263,bat-dong-san,bat-dong-san-moi-gioi
13264,kinh-doanh-ban-hang,kinh-doanh-ban-hang-tong-hop
13264,,
13265,cntt,cntt-phat-trien-phan-mem
13266,kinh-doanh-ban-hang,kinh-doanh-ban-hang-ban-hang
13267,ke-toan-tai-chinh,ke-toan-tai-chinh-ngan-hang
13268,,
13269,kinh-doanh-ban-hang,kinh-doanh-ban-hang-tong-hop
13270,bat-dong-san,bat-dong-san-moi-gioi
13271,nhan-su-hanh-chinh,nhan-su-hanh-chinh-van-phong
13272,,
13272,,
13272,,
13273,san-xuat-qa-qc,san-xuat-quan-ly
13274,kinh-doanh-ban-hang,kinh-doanh-ban-hang-ban-hang
13275,cntt,cntt-phat-trien-phan-mem
13276,dich-vu-khach-hang,dich-vu-khach-hang-cskh
13277,cntt,cntt-phan-cung-mang
13278,ke-toan-tai-chinh,ke-toan-tai-chinh-ke-toan
13279,lao-dong-pho-thong,lao-dong-pho-thong-lai-xe
13280,kinh-doanh-ban-hang,kinh-doanh-ban-hang-tong-hop
13280,,
13280,kinh-doanh-ban-hang,kinh-doanh-ban-hang-ban-hang
13281,bat-dong-san,bat-dong-san-moi-gioi
13282,dich-vu-khach-hang,dich-vu-khach-hang-cskh
13283,san-xuat-qa-qc,san-xuat-thuc-pham
13284,ke-toan-tai-chinh,ke-toan-tai-chinh-ke-toan
13285,,
13286,marketing-truyen-thong,marketing-tong-hop
13287,cntt,cntt-phat-trien-phan-mem
13288,nhan-su-hanh-chinh,nhan-su-hanh-chinh-van-phong
13288,kinh-doanh-ban-hang,kinh-doanh-ban-hang-tong-hop
13288,nhan-su-hanh-chinh,nhan-su-hanh-chinh-van-phong
13289,,
13290,ke-toan-tai-chinh,ke-toan-tai-chinh-ke-toan
13291,ke-toan-tai-chinh,ke-toan-tai-chinh-bao-hiem
13291,nhan-su-hanh-chinh,nhan-su-tuyen-dung-cb
13291,,
13292,kinh-doanh-ban-hang,kinh-doanh-ban-hang-tong-hop
13293,kinh-doanh-ban-hang,kinh-doanh-ban-hang-tong-hop
13294,kinh-doanh-ban-hang,kinh-doanh-ban-hang-sale
13295,kinh-doanh-ban-hang,kinh-doanh-ban-hang-ban-hang
13296,kinh-doanh-ban-hang,kinh-doanh-ban-hang-tong-hop
13297,kinh-doanh-ban-hang,kinh-doanh-ban-hang-tong-hop
13298,kinh-doanh-ban-hang,kinh-doanh-ban-hang-tong-hop
13299,dich-vu-khach-hang,dich-vu-khach-hang-cskh
13300,co-khi-che-tao,co-khi-che-tao-co-khi
13301,ke-toan-tai-chinh,ke-toan-tai-chinh-ke-toan
13302,khach-san-nha-hang-du-lich,khach-san-nha-hang-fb
13303,kinh-doanh-ban-hang,kinh-doanh-ban-hang-tong-hop
13304,marketing-truyen-thong,marketing-seo-digital
13305,lao-dong-pho-thong,lao-dong-pho-thong-lai-xe
13306,kinh-doanh-ban-hang,kinh-doanh-ban-hang-ban-hang
13307,ke-toan-tai-chinh,ke-toan-tai-chinh-ke-toan
13308,dich-vu-khach-hang,dich-vu-khach-hang-cskh
13309,lao-dong-pho-thong,lao-dong-pho-thong-lai-xe
13310,marketing-truyen-thong,marketing-tong-hop
13311,giao-duc-dao-tao,giao-duc-giang-day
13312,kinh-doanh-ban-hang,kinh-doanh-ban-hang-tong-hop
13313,marketing-truyen-thong,marketing-seo-digital
13314,bat-dong-san,bat-dong-san-moi-gioi
13315,kinh-doanh-ban-hang,kinh-doanh-ban-hang-ban-hang
13316,ke-toan-tai-chinh,ke-toan-tai-chinh-bao-hiem
13316,kinh-doanh-ban-hang,kinh-doanh-ban-hang-tong-hop
13316,ke-toan-tai-chinh,ke-toan-tai-chinh-tai-chinh
13317,kinh-doanh-ban-hang,kinh-doanh-ban-hang-tong-hop
13318,dich-vu-khach-hang,dich-vu-khach-hang-cskh
13319,dien-dien-tu-vien-thong,dien-dien-tu-vien-thong-vt
13320,ke-toan-tai-chinh,ke-toan-tai-chinh-ke-toan
13321,nhan-su-hanh-chinh,nhan-su-tuyen-dung-cb
13322,,
13323,ke-toan-tai-chinh,ke-toan-tai-chinh-ke-toan
13324,,
13325,,
13326,kinh-doanh-ban-hang,kinh-doanh-ban-hang-tong-hop
13327,kinh-doanh-ban-hang,kinh-doanh-ban-hang-tong-hop
13328,kinh-doanh-ban-hang,kinh-doanh-ban-hang-ban-hang
13329,marketing-truyen-thong,marketing-tong-hop
13330,bat-dong-san,bat-dong-san-moi-gioi
13331,,
13332,marketing-truyen-thong,marketing-tong-hop
13333,,
13334,khach-san-nha-hang-du-lich,khach-san-nha-hang-fb
13335,kinh-doanh-ban-hang,kinh-doanh-ban-hang-tong-hop
13336,san-xuat-qa-qc,san-xuat-thuc-pham
13337,giao-duc-dao-tao,giao-duc-giang-day
13338,,
13339,,
13340,dich-vu-khach-hang,dich-vu-khach-hang-cskh
13341,nhan-su-hanh-chinh,nhan-su-hanh-chinh-van-phong
13342,nhan-su-hanh-chinh,nhan-su-hanh-chinh-van-phong
13343,kinh-doanh-ban-hang,kinh-doanh-ban-hang-ban-hang
13344,ke-toan-tai-chinh,ke-toan-tai-chinh-tai-chinh
13345,lao-dong-pho-thong,lao-dong-pho-thong-lai-xe
13346,kinh-doanh-ban-hang,kinh-doanh-ban-hang-tong-hop
13347,dich-vu-khach-hang,dich-vu-khach-hang-cskh
13348,bat-dong-san,bat-dong-san-moi-gioi
13349,kinh-doanh-ban-hang,kinh-doanh-ban-hang-tong-hop
13350,lao-dong-pho-thong,lao-dong-pho-thong-lai-xe
13351,,
13352,,
13353,dich-vu-khach-hang,dich-vu-khach-hang-cskh
13354,lao-dong-pho-thong,lao-dong-pho-thong-lai-xe
13355,,
13356,nhan-su-hanh-chinh,nhan-su-hanh-chinh-van-phong
13356,nhan-su-hanh-chinh,nhan-su-tuyen-dung-cb
13356,nhan-su-hanh-chinh,nhan-su-tuyen-dung-cb
13357,kinh-doanh-ban-hang,kinh-doanh-ban-hang-tong-hop
13358,co-khi-che-tao,co-khi-che-tao-co-khi
13359,,
13360,marketing-truyen-thong,marketing-bien-phien-dich
13361,y-te-duoc,y-te-duoc-duoc-pham
13362,kinh-doanh-ban-hang,kinh-doanh-ban-hang-tong-hop
13363,kinh-doanh-ban-hang,kinh-doanh-ban-hang-ban-hang
13364,van-tai-logistics,van-tai-xuat-nhap-khau
13365,xay-dung,xay-dung-ky-su
13365,,
13365,lao-dong-pho-thong,lao-dong-pho-thong-lai-xe
13366,marketing-truyen-thong,marketing-tong-hop
13367,,
13368,lao-dong-pho-thong,lao-dong-pho-thong-lai-xe
13369,marketing-truyen-thong,marketing-bao-chi-truyen-hinh
13370,lao-dong-pho-thong,lao-dong-pho-thong-lai-xe
13371,ke-toan-tai-chinh,ke-toan-tai-chinh-bao-hiem
13372,kinh-doanh-ban-hang,kinh-doanh-ban-hang-tong-hop
13373,dich-vu-khach-hang,dich-vu-khach-hang-cskh
13374,nhan-su-hanh-chinh,nhan-su-hanh-chinh-van-phong
13375,lao-dong-pho-thong,lao-dong-pho-thong-cong-nhan
13376,kinh-doanh-ban-hang,kinh-doanh-ban-hang-tong-hop
13377,kinh-doanh-ban-hang,kinh-doanh-ban-hang-tong-hop
13378,kinh-doanh-ban-hang,kinh-doanh-ban-hang-ban-hang
13379,xay-dung,xay-dung-ky-su
13380,giao-duc-dao-tao,giao-duc-giang-day
13381,nhan-su-hanh-chinh,nhan-su-hanh-chinh-van-phong
13382,cntt,cntt-phan-cung-mang
13383,,
13384,,
13385,ke-toan-tai-chinh,ke-toan-tai-chinh-ke-toan
13386,kinh-doanh-ban-hang,kinh-doanh-ban-hang-tong-hop
13387,,
13388,,
13389,san-xuat-qa-qc,san-xuat-my-pham
13390,marketing-truyen-thong,marketing-truyen-thong-pr
13391,ke-toan-tai-chinh,ke-toan-tai-chinh-tai-chinh
13392,kinh-doanh-ban-hang,kinh-doanh-ban-hang-ban-hang
13393,lao-dong-pho-thong,lao-dong-pho-thong-cong-nhan
13394,kinh-doanh-ban-hang,kinh-doanh-ban-hang-tong-hop
13395,nhan-su-hanh-chinh,nhan-su-hanh-chinh-van-phong
13396,kinh-doanh-ban-hang,kinh-doanh-ban-hang-tong-hop
13396,kinh-doanh-ban-hang,kinh-doanh-ban-hang-tong-hop
13396,kinh-doanh-ban-hang,kinh-doanh-ban-hang-tong-hop
13397,marketing-truyen-thong,marketing-seo-digital
13398,kinh-doanh-ban-hang,kinh-doanh-ban-hang-tong-hop
13399,ke-toan-tai-chinh,ke-toan-tai-chinh-ngan-hang
13400,dich-vu-khach-hang,dich-vu-khach-hang-cskh
13401,san-xuat-qa-qc,san-xuat-my-pham
13402,xay-dung,xay-dung-ky-su
13403,,
13403,,
13404,nhan-su-hanh-chinh,nhan-su-hanh-chinh-van-phong
13405,xay-dung,xay-dung-ky-su
13406,,
13407,dich-vu-khach-hang,dich-vu-khach-hang-cskh
13408,kinh-doanh-ban-hang,kinh-doanh-ban-hang-tong-hop
13409,kinh-doanh-ban-hang,kinh-doanh-ban-hang-tong-hop
13410,lao-dong-pho-thong,lao-dong-pho-thong-bao-ve
13411,kinh-doanh-ban-hang,kinh-doanh-ban-hang-sale
13412,,
13413,,
13414,lao-dong-pho-thong,lao-dong-pho-thong-lai-xe
13415,dich-vu-khach-hang,dich-vu-khach-hang-cskh
13416,nhan-su-hanh-chinh,nhan-su-tuyen-dung-cb
13417,dich-vu-khach-hang,dich-vu-khach-hang-cskh
13418,,
13419,,
13420,san-xuat-qa-qc,san-xuat-nong-nghiep
13421,lao-dong-pho-thong,lao-dong-pho-thong-cong-nhan
13422,,
13423,,
13424,,
13425,bat-dong-san,bat-dong-san-moi-gioi
13426,bat-dong-san,bat-dong-san-moi-gioi
13427,,
13428,nhan-su-hanh-chinh,nhan-su-hanh-chinh-van-phong
13429,ke-toan-tai-chinh,ke-toan-tai-chinh-tai-chinh
13429,ke-toan-tai-chinh,ke-toan-tai-chinh-tai-chinh
13429,ke-toan-tai-chinh,ke-toan-tai-chinh-tai-chinh
13430,,
13431,,
13432,lao-dong-pho-thong,lao-dong-pho-thong-lai-xe
13433,marketing-truyen-thong,marketing-tong-hop
13434,,
13435,,
13436,lao-dong-pho-thong,lao-dong-pho-thong-cong-nhan
13437,giao-duc-dao-tao,giao-duc-giang-day
13438,nhan-su-hanh-chinh,nhan-su-tuyen-dung-cb
13439,,
13440,lao-dong-pho-thong,lao-dong-pho-thong-lai-xe
13441,kinh-doanh-ban-hang,kinh-doanh-ban-hang-tong-hop
13442,khach-san-nha-hang-du-lich,khach-san-nha-hang-fb
13443,ke-toan-tai-chinh,ke-toan-tai-chinh-ke-toan
13444,kinh-doanh-ban-hang,kinh-doanh-ban-hang-tong-hop
13445,,
13446,thiet-ke-kien-truc,thiet-ke-do-hoa
13447,giao-duc-dao-tao,giao-duc-giang-day
13448,marketing-truyen-thong,marketing-seo-digital
13449,lao-dong-pho-thong,lao-dong-pho-thong-lai-xe
13450,,
13451,dich-vu-khach-hang,dich-vu-khach-hang-cskh
13452,kinh-doanh-ban-hang,kinh-doanh-ban-hang-tong-hop
13453,ke-toan-tai-chinh,ke-toan-tai-chinh-ke-toan
13453,ke-toan-tai-chinh,ke-toan-tai-chinh-ke-toan
13453,ke-toan-tai-chinh,ke-toan-tai-chinh-ke-toan
13454,nhan-su-hanh-chinh,nhan-su-hanh-chinh-van-phong
13455,,
13456,nhan-su-hanh-chinh,nhan-su-hanh-chinh-van-phong
13457,kinh-doanh-ban-hang,kinh-doanh-ban-hang-sale
13458,kinh-doanh-ban-hang,kinh-doanh-ban-hang-tong-hop
13459,lao-dong-pho-thong,lao-dong-pho-thong-lai-xe
13460,lao-dong-pho-thong,lao-dong-pho-thong-lai-xe
13461,khach-san-nha-hang-du-lich,khach-san-khach-san
13462,lao-dong-pho-thong,lao-dong-pho-thong-tap-vu
13463,bat-dong-san,bat-dong-san-moi-gioi
13464,marketing-truyen-thong,marketing-tong-hop
13465,dien-dien-tu-vien-thong,dien-dien-tu-dien-lanh
13466,,
13467,,
13468,lao-dong-pho-thong,lao-dong-pho-thong-cong-nhan
13469,nhan-su-hanh-chinh,nhan-su-hanh-chinh-van-phong
13470,marketing-truyen-thong,marketing-tong-hop
13471,giao-duc-dao-tao,giao-duc-giang-day
13472,kinh-doanh-ban-hang,kinh-doanh-ban-hang-sale
13473,kinh-doanh-ban-hang,kinh-doanh-ban-hang-ban-hang
13474,kinh-doanh-ban-hang,kinh-doanh-ban-hang-tong-hop
13475,dich-vu-khach-hang,dich-vu-khach-hang-cskh
13476,ke-toan-tai-chinh,ke-toan-tai-chinh-bao-hiem
13476,kinh-doanh-ban-hang,kinh-doanh-ban-hang-tong-hop
13476,,
13477,nhan-su-hanh-chinh,nhan-su-hanh-chinh-van-phong
13478,,
13479,,
13480,kinh-doanh-ban-hang,kinh-doanh-ban-hang-tong-hop
13481,ke-toan-tai-chinh,ke-toan-tai-chinh-bao-hiem
13482,nhan-su-hanh-chinh,nhan-su-tuyen-dung-cb
13483,,
13483,,
13484,van-tai-logistics,van-tai-giao-nhan
13485,khach-san-nha-hang-du-lich,khach-san-nha-hang-fb
13486,,
13487,dich-vu-khach-hang,dich-vu-khach-hang-cskh
13488,nhan-su-hanh-chinh,nhan-su-tuyen-dung-cb
13489,cntt,cntt-phat-trien-phan-mem
13490,,
13491,,
13492,marketing-truyen-thong,marketing-tong-hop
13492,marketing-truyen-thong,marketing-truyen-thong-pr
13492,marketing-truyen-thong,marketing-tong-hop
13493,kinh-doanh-ban-hang,kinh-doanh-ban-hang-tong-hop
13494,lao-dong-pho-thong,lao-dong-pho-thong-lai-xe
13495,nhan-su-hanh-chinh,nhan-su-hanh-chinh-van-phong
13496,marketing-truyen-thong,marketing-tong-hop
13497,kinh-doanh-ban-hang,kinh-doanh-ban-hang-tong-hop
13498,ke-toan-tai-chinh,ke-toan-tai-chinh-bao-hiem
13499,lao-dong-pho-thong,lao-dong-pho-thong-tap-vu
13500,kinh-doanh-ban-hang,kinh-doanh-ban-hang-tong-hop
13501,bat-dong-san,bat-dong-san-moi-gioi
13502,marketing-truyen-thong,marketing-truyen-thong-pr
13502,marketing-truyen-thong,marketing-truyen-thong-pr
13502,marketing-truyen-thong,marketing-truyen-thong-pr
13503,thiet-ke-kien-truc,thiet-ke-do-hoa
13504,ke-toan-tai-chinh,ke-toan-tai-chinh-ngan-hang
13504,lao-dong-pho-thong,lao-dong-pho-thong-bao-ve
13504,lao-dong-pho-thong,lao-dong-pho-thong-bao-ve
13505,,
13506,dich-vu-khach-hang,dich-vu-khach-hang-cskh
13507,khach-san-nha-hang-du-lich,khach-san-nha-hang-fb
13508,dich-vu-khach-hang,dich-vu-khach-hang-cskh
13508,kinh-doanh-ban-hang,kinh-doanh-ban-hang-tong-hop
13508,y-te-duoc,y-te-duoc-y-te
13509,bat-dong-san,bat-dong-san-moi-gioi
13510,ke-toan-tai-chinh,ke-toan-tai-chinh-ke-toan
13511,ke-toan-tai-chinh,ke-toan-tai-chinh-ke-toan
13512,kinh-doanh-ban-hang,kinh-doanh-ban-hang-tong-hop
13513,xay-dung,xay-dung-ky-su
13514,bat-dong-san,bat-dong-san-moi-gioi
13515,kinh-doanh-ban-hang,kinh-doanh-ban-hang-ban-hang
13516,san-xuat-qa-qc,san-xuat-quan-ly
13517,kinh-doanh-ban-hang,kinh-doanh-ban-hang-ban-hang
13518,lao-dong-pho-thong,lao-dong-pho-thong-lai-xe
13519,lao-dong-pho-thong,lao-dong-pho-thong-lai-xe
13520,lao-dong-pho-thong,lao-dong-pho-thong-bao-ve
13520,,
13520,,
13521,dich-vu-khach-hang,dich-vu-khach-hang-cskh
13522,lao-dong-pho-thong,lao-dong-pho-thong-cong-nhan
13523,cntt,cntt-phat-trien-phan-mem
13524,nhan-su-hanh-chinh,nhan-su-hanh-chinh-van-phong
13524,,
13524,,
13525,bat-dong-san,bat-dong-san-moi-gioi
13526,,
13527,khach-san-nha-hang-du-lich,khach-san-khach-san
13528,kinh-doanh-ban-hang,kinh-doanh-ban-hang-tong-hop
13529,nhan-su-hanh-chinh,nhan-su-hanh-chinh-van-phong
13530,kinh-doanh-ban-hang,kinh-doanh-ban-hang-ban-hang
13531,dich-vu-khach-hang,dich-vu-khach-hang-cskh
13532,xay-dung,xay-dung-ky-su
13533,kinh-doanh-ban-hang,kinh-doanh-ban-hang-tong-hop
13534,cntt,cntt-phan-cung-mang
13535,marketing-truyen-thong,marketing-tong-hop
13536,ke-toan-tai-chinh,ke-toan-tai-chinh-ke-toan
13537,cntt,cntt-phat-trien-phan-mem
13538,ke-toan-tai-chinh,ke-toan-tai-chinh-ke-toan
13539,,
13540,marketing-truyen-thong,marketing-seo-digital
13541,nhan-su-hanh-chinh,nhan-su-hanh-chinh-van-phong
13542,,
13542,lao-dong-pho-thong,lao-dong-pho-thong-lai-xe
13543,khach-san-nha-hang-du-lich,khach-san-nha-hang-fb
13544,,
13545,dich-vu-khach-hang,dich-vu-khach-hang-cskh
13546,bat-dong-san,bat-dong-san-moi-gioi
13547,ke-toan-tai-chinh,ke-toan-tai-chinh-ke-toan
13548,,
13549,kinh-doanh-ban-hang,kinh-doanh-ban-hang-ban-hang
13550,kinh-doanh-ban-hang,kinh-doanh-ban-hang-tong-hop
13551,marketing-truyen-thong,marketing-bao-chi-truyen-hinh
13551,marketing-truyen-thong,marketing-tong-hop
13551,thiet-ke-kien-truc,thiet-ke-my-thuat
13552,dich-vu-khach-hang,dich-vu-khach-hang-cskh
13553,lao-dong-pho-thong,lao-dong-pho-thong-tap-vu
13554,bat-dong-san,bat-dong-san-moi-gioi
13555,bat-dong-san,bat-dong-san-moi-gioi
13556,lao-dong-pho-thong,lao-dong-pho-thong-lai-xe
13557,ke-toan-tai-chinh,ke-toan-tai-chinh-ngan-hang
13558,dich-vu-khach-hang,dich-vu-khach-hang-cskh
13559,marketing-truyen-thong,marketing-tong-hop
13560,marketing-truyen-thong,marketing-seo-digital
13561,khach-san-nha-hang-du-lich,khach-san-spa-lam-dep
13562,lao-dong-pho-thong,lao-dong-pho-thong-lai-xe
13563,nhan-su-hanh-chinh,nhan-su-hanh-chinh-van-phong
13564,san-xuat-qa-qc,san-xuat-moi-truong
13565,giao-duc-dao-tao,giao-duc-giang-day
13566,kinh-doanh-ban-hang,kinh-doanh-ban-hang-thu-ngan
13567,bat-dong-san,bat-dong-san-moi-gioi
13568,dich-vu-khach-hang,dich-vu-khach-hang-cskh
13569,marketing-truyen-thong,marketing-tong-hop
13570,,
13571,kinh-doanh-ban-hang,kinh-doanh-ban-hang-tong-hop
13572,dich-vu-khach-hang,dich-vu-khach-hang-cskh
13572,kinh-doanh-ban-hang,kinh-doanh-ban-hang-tong-hop
13573,,
13574,kinh-doanh-ban-hang,kinh-doanh-ban-hang-ban-hang
13575,bat-dong-san,bat-dong-san-moi-gioi
13575,kinh-doanh-ban-hang,kinh-doanh-ban-hang-tong-hop
13575,,
13576,cntt,cntt-phat-trien-phan-mem
13577,kinh-doanh-ban-hang,kinh-doanh-ban-hang-tong-hop
13578,dich-vu-khach-hang,dich-vu-khach-hang-cskh
13579,kinh-doanh-ban-hang,kinh-doanh-ban-hang-ban-hang
13580,kinh-doanh-ban-hang,kinh-doanh-ban-hang-ban-hang
13581,marketing-truyen-thong,marketing-tong-hop
13582,kinh-doanh-ban-hang,kinh-doanh-ban-hang-ban-hang
13583,dich-vu-khach-hang,dich-vu-khach-hang-cskh
13584,nhan-su-hanh-chinh,nhan-su-hanh-chinh-van-phong
13585,marketing-truyen-thong,marketing-tong-hop
13586,ke-toan-tai-chinh,ke-toan-tai-chinh-ke-toan
13587,cntt,cntt-phan-cung-mang
13588,nhan-su-hanh-chinh,nhan-su-hanh-chinh-van-phong
13589,marketing-truyen-thong,marketing-tong-hop
13590,kinh-doanh-ban-hang,kinh-doanh-ban-hang-tong-hop
13591,lao-dong-pho-thong,lao-dong-pho-thong-cong-nhan
13592,lao-dong-pho-thong,lao-dong-pho-thong-lai-xe
13593,kinh-doanh-ban-hang,kinh-doanh-ban-hang-tong-hop
13594,dich-vu-khach-hang,dich-vu-khach-hang-cskh
13595,nhan-su-hanh-chinh,nhan-su-hanh-chinh-van-phong
13596,bat-dong-san,bat-dong-san-moi-gioi
13597,kinh-doanh-ban-hang,kinh-doanh-ban-hang-ban-hang
13598,dich-vu-khach-hang,dich-vu-khach-hang-cskh
13599,lao-dong-pho-thong,lao-dong-pho-thong-lai-xe
13600,lao-dong-pho-thong,lao-dong-pho-thong-lai-xe
13601,ke-toan-tai-chinh,ke-toan-tai-chinh-ke-toan
13602,lao-dong-pho-thong,lao-dong-pho-thong-tap-vu
13603,kinh-doanh-ban-hang,kinh-doanh-ban-hang-tong-hop
13604,kinh-doanh-ban-hang,kinh-doanh-ban-hang-tong-hop
13605,,
13606,bat-dong-san,bat-dong-san-moi-gioi
13607,dich-vu-khach-hang,dich-vu-khach-hang-cskh
13608,nhan-su-hanh-chinh,nhan-su-hanh-chinh-van-phong
13609,dich-vu-khach-hang,dich-vu-khach-hang-cskh
13610,,
13611,kinh-doanh-ban-hang,kinh-doanh-ban-hang-tong-hop
13612,,
13613,marketing-truyen-thong,marketing-seo-digital
13614,lao-dong-pho-thong,lao-dong-pho-thong-lai-xe
13615,dich-vu-khach-hang,dich-vu-khach-hang-cskh
13616,,
13617,kinh-doanh-ban-hang,kinh-doanh-ban-hang-tong-hop
13618,kinh-doanh-ban-hang,kinh-doanh-ban-hang-tong-hop
13619,kinh-doanh-ban-hang,kinh-doanh-ban-hang-tong-hop
13620,,
13621,dich-vu-khach-hang,dich-vu-khach-hang-cskh
13622,y-te-duoc,y-te-duoc-duoc-pham
13623,bat-dong-san,bat-dong-san-moi-gioi
13624,kinh-doanh-ban-hang,kinh-doanh-ban-hang-ban-hang
13625,,
13626,,
13627,kinh-doanh-ban-hang,kinh-doanh-ban-hang-tong-hop
13628,,
13629,co-khi-che-tao,co-khi-che-tao-co-khi
13629,,
13630,marketing-truyen-thong,marketing-tong-hop
13631,kinh-doanh-ban-hang,kinh-doanh-ban-hang-ban-hang
13632,nhan-su-hanh-chinh,nhan-su-hanh-chinh-van-phong
13633,kinh-doanh-ban-hang,kinh-doanh-ban-hang-tong-hop
13634,,
13635,kinh-doanh-ban-hang,kinh-doanh-ban-hang-tong-hop
13636,dich-vu-khach-hang,dich-vu-khach-hang-cskh
13637,ke-toan-tai-chinh,ke-toan-tai-chinh-tai-chinh
13638,khach-san-nha-hang-du-lich,khach-san-nha-hang-fb
13639,dich-vu-khach-hang,dich-vu-khach-hang-cskh
13640,,
13641,,
13642,y-te-duoc,y-te-duoc-duoc-pham
13643,nhan-su-hanh-chinh,nhan-su-thu-ky-tro-ly
13644,ke-toan-tai-chinh,ke-toan-tai-chinh-ke-toan
13645,kinh-doanh-ban-hang,kinh-doanh-ban-hang-tong-hop
13646,dich-vu-khach-hang,dich-vu-khach-hang-cskh
13647,marketing-truyen-thong,marketing-bien-phien-dich
13648,co-khi-che-tao,co-khi-che-tao-co-khi
13649,kinh-doanh-ban-hang,kinh-doanh-ban-hang-tong-hop
13650,,
13651,dich-vu-khach-hang,dich-vu-khach-hang-cskh
13652,,
13653,dich-vu-khach-hang,dich-vu-khach-hang-cskh
13654,lao-dong-pho-thong,lao-dong-pho-thong-lai-xe
13655,kinh-doanh-ban-hang,kinh-doanh-ban-hang-ban-hang
13656,kinh-doanh-ban-hang,kinh-doanh-ban-hang-tong-hop
13657,,
13658,ke-toan-tai-chinh,ke-toan-tai-chinh-ke-toan
13659,kinh-doanh-ban-hang,kinh-doanh-ban-hang-tong-hop
13660,kinh-doanh-ban-hang,kinh-doanh-ban-hang-tong-hop
13661,,
13662,kinh-doanh-ban-hang,kinh-doanh-ban-hang-tong-hop
13663,nhan-su-hanh-chinh,nhan-su-tuyen-dung-cb
13664,,
13664,dich-vu-khach-hang,dich-vu-khach-hang-cskh
13664,nhan-su-hanh-chinh,nhan-su-hanh-chinh-van-phong
13665,nhan-su-hanh-chinh,nhan-su-hanh-chinh-van-phong
13666,kinh-doanh-ban-hang,kinh-doanh-ban-hang-tong-hop
13667,marketing-truyen-thong,marketing-truyen-thong-pr
13668,ke-toan-tai-chinh,ke-toan-tai-chinh-kiem-toan
13669,dich-vu-khach-hang,dich-vu-khach-hang-cskh
13670,co-khi-che-tao,co-khi-che-tao-co-khi
13671,,
13672,nhan-su-hanh-chinh,nhan-su-tuyen-dung-cb
13673,ke-toan-tai-chinh,ke-toan-tai-chinh-ngan-hang
13674,nhan-su-hanh-chinh,nhan-su-hanh-chinh-van-phong
13675,bat-dong-san,bat-dong-san-moi-gioi
13676,lao-dong-pho-thong,lao-dong-pho-thong-lai-xe
13677,bat-dong-san,bat-dong-san-moi-gioi
13678,,
13679,marketing-truyen-thong,marketing-tong-hop
13680,nhan-su-hanh-chinh,nhan-su-hanh-chinh-van-phong
13680,,
13680,kinh-doanh-ban-hang,kinh-doanh-ban-hang-ban-hang
13681,,
13682,ke-toan-tai-chinh,ke-toan-tai-chinh-bao-hiem
13683,nhan-su-hanh-chinh,nhan-su-hanh-chinh-van-phong
13684,ke-toan-tai-chinh,ke-toan-tai-chinh-ngan-hang
13684,nhan-su-hanh-chinh,nhan-su-hanh-chinh-van-phong
13684,lao-dong-pho-thong,lao-dong-pho-thong-bao-ve
13685,san-xuat-qa-qc,san-xuat-nong-nghiep
13686,dich-vu-khach-hang,dich-vu-khach-hang-cskh
13686,kinh-doanh-ban-hang,kinh-doanh-ban-hang-tong-hop
13686,,
13687,nhan-su-hanh-chinh,nhan-su-hanh-chinh-van-phong
13688,nhan-su-hanh-chinh,nhan-su-hanh-chinh-van-phong
13689,kinh-doanh-ban-hang,kinh-doanh-ban-hang-ban-hang
13690,kinh-doanh-ban-hang,kinh-doanh-ban-hang-ban-hang
13691,marketing-truyen-thong,marketing-tong-hop
13692,kinh-doanh-ban-hang,kinh-doanh-ban-hang-tong-hop
13693,,
13694,nhan-su-hanh-chinh,nhan-su-hanh-chinh-van-phong
13695,lao-dong-pho-thong,lao-dong-pho-thong-lai-xe
13696,,
13697,kinh-doanh-ban-hang,kinh-doanh-ban-hang-tong-hop
13698,nhan-su-hanh-chinh,nhan-su-hanh-chinh-van-phong
13698,kinh-doanh-ban-hang,kinh-doanh-ban-hang-tong-hop
13698,,
13699,ke-toan-tai-chinh,ke-toan-tai-chinh-ke-toan
13700,kinh-doanh-ban-hang,kinh-doanh-ban-hang-sale
13701,nhan-su-hanh-chinh,nhan-su-hanh-chinh-van-phong
13702,kinh-doanh-ban-hang,kinh-doanh-ban-hang-tong-hop
13703,kinh-doanh-ban-hang,kinh-doanh-ban-hang-tong-hop
13704,bat-dong-san,bat-dong-san-moi-gioi
13705,lao-dong-pho-thong,lao-dong-pho-thong-tap-vu
13706,nhan-su-hanh-chinh,nhan-su-hanh-chinh-van-phong
13706,kinh-doanh-ban-hang,kinh-doanh-ban-hang-tong-hop
13706,,
13707,kinh-doanh-ban-hang,kinh-doanh-ban-hang-tong-hop
13708,kinh-doanh-ban-hang,kinh-doanh-ban-hang-tong-hop
13709,lao-dong-pho-thong,lao-dong-pho-thong-cong-nhan
13710,kinh-doanh-ban-hang,kinh-doanh-ban-hang-ban-hang
13711,ke-toan-tai-chinh,ke-toan-tai-chinh-tai-chinh
13712,marketing-truyen-thong,marketing-bien-phien-dich
13713,dich-vu-khach-hang,dich-vu-khach-hang-cskh
13714,ke-toan-tai-chinh,ke-toan-tai-chinh-tai-chinh
13715,,
13716,kinh-doanh-ban-hang,kinh-doanh-ban-hang-ban-hang
13717,giao-duc-dao-tao,giao-duc-giang-day
13718,,
13719,,
13720,marketing-truyen-thong,marketing-tong-hop
13721,san-xuat-qa-qc,san-xuat-thuc-pham
13722,kinh-doanh-ban-hang,kinh-doanh-ban-hang-ban-hang
13723,kinh-doanh-ban-hang,kinh-doanh-ban-hang-tong-hop
13723,ke-toan-tai-chinh,ke-toan-tai-chinh-tai-chinh
13723,,
13724,,
13725,kinh-doanh-ban-hang,kinh-doanh-ban-hang-tong-hop
13726,kinh-doanh-ban-hang,kinh-doanh-ban-hang-tong-hop
13727,kinh-doanh-ban-hang,kinh-doanh-ban-hang-tong-hop
13728,,
13729,kinh-doanh-ban-hang,kinh-doanh-ban-hang-ban-hang
13730,kinh-doanh-ban-hang,kinh-doanh-ban-hang-ban-hang
13731,ke-toan-tai-chinh,ke-toan-tai-chinh-tai-chinh
13732,kinh-doanh-ban-hang,kinh-doanh-ban-hang-ban-hang
13733,,
13734,bat-dong-san,bat-dong-san-moi-gioi
13735,ke-toan-tai-chinh,ke-toan-tai-chinh-ngan-hang
13736,ke-toan-tai-chinh,ke-toan-tai-chinh-chung-khoan
13737,kinh-doanh-ban-hang,kinh-doanh-ban-hang-sale
13737,,
13737,marketing-truyen-thong,marketing-tong-hop
13738,bat-dong-san,bat-dong-san-moi-gioi
13739,thiet-ke-kien-truc,thiet-ke-kien-truc-kien-truc
13740,marketing-truyen-thong,marketing-seo-digital
13741,nhan-su-hanh-chinh,nhan-su-hanh-chinh-van-phong
13742,,
13743,van-tai-logistics,van-tai-xuat-nhap-khau
13744,bat-dong-san,bat-dong-san-moi-gioi
13745,bat-dong-san,bat-dong-san-moi-gioi
13746,kinh-doanh-ban-hang,kinh-doanh-ban-hang-tong-hop
13747,,
13748,dich-vu-khach-hang,dich-vu-khach-hang-cskh
13749,,
13750,dich-vu-khach-hang,dich-vu-khach-hang-cskh
13751,bat-dong-san,bat-dong-san-moi-gioi
13752,kinh-doanh-ban-hang,kinh-doanh-ban-hang-tong-hop
13753,,
13754,,
13755,kinh-doanh-ban-hang,kinh-doanh-ban-hang-ban-hang
13756,,
13757,kinh-doanh-ban-hang,kinh-doanh-ban-hang-ban-hang
13758,dich-vu-khach-hang,dich-vu-khach-hang-cskh
13759,ke-toan-tai-chinh,ke-toan-tai-chinh-tai-chinh
13760,nhan-su-hanh-chinh,nhan-su-hanh-chinh-van-phong
13761,kinh-doanh-ban-hang,kinh-doanh-ban-hang-tong-hop
13762,marketing-truyen-thong,marketing-seo-digital
13763,dich-vu-khach-hang,dich-vu-khach-hang-cskh
13764,lao-dong-pho-thong,lao-dong-pho-thong-cong-nhan
13764,,
13764,,
13765,nhan-su-hanh-chinh,nhan-su-hanh-chinh-van-phong
13765,marketing-truyen-thong,marketing-tong-hop
13766,bat-dong-san,bat-dong-san-moi-gioi
13767,,
13768,dich-vu-khach-hang,dich-vu-khach-hang-cskh
13769,ke-toan-tai-chinh,ke-toan-tai-chinh-bao-hiem
13770,dich-vu-khach-hang,dich-vu-khach-hang-cskh
13771,lao-dong-pho-thong,lao-dong-pho-thong-cong-nhan
13772,ke-toan-tai-chinh,ke-toan-tai-chinh-kiem-toan
13773,kinh-doanh-ban-hang,kinh-doanh-ban-hang-ban-hang
13774,cntt,cntt-phan-cung-mang
13774,,
13774,cntt,cntt-phat-trien-phan-mem
13775,lao-dong-pho-thong,lao-dong-pho-thong-lai-xe
13776,dich-vu-khach-hang,dich-vu-khach-hang-cskh
13777,,
13778,,
13779,y-te-duoc,y-te-duoc-duoc-pham
13780,kinh-doanh-ban-hang,kinh-doanh-ban-hang-tong-hop
13781,co-khi-che-tao,co-khi-tu-dong-hoa
13782,dich-vu-khach-hang,dich-vu-khach-hang-cskh
13783,,
13784,kinh-doanh-ban-hang,kinh-doanh-ban-hang-ban-hang
13785,,
13786,,
13787,cntt,cntt-phan-cung-mang
13788,dich-vu-khach-hang,dich-vu-khach-hang-cskh
13789,kinh-doanh-ban-hang,kinh-doanh-ban-hang-ban-hang
13790,lao-dong-pho-thong,lao-dong-pho-thong-lai-xe
13791,dich-vu-khach-hang,dich-vu-khach-hang-cskh
13792,ke-toan-tai-chinh,ke-toan-tai-chinh-ke-toan
13793,bat-dong-san,bat-dong-san-moi-gioi
13794,kinh-doanh-ban-hang,kinh-doanh-ban-hang-tong-hop
13795,kinh-doanh-ban-hang,kinh-doanh-ban-hang-tong-hop
13796,,
13797,kinh-doanh-ban-hang,kinh-doanh-ban-hang-tong-hop
13798,lao-dong-pho-thong,lao-dong-pho-thong-lai-xe
13799,ke-toan-tai-chinh,ke-toan-tai-chinh-ngan-hang
13800,kinh-doanh-ban-hang,kinh-doanh-ban-hang-tong-hop
13801,kinh-doanh-ban-hang,kinh-doanh-ban-hang-tong-hop
13802,bat-dong-san,bat-dong-san-moi-gioi
13803,ke-toan-tai-chinh,ke-toan-tai-chinh-kiem-toan
13803,kinh-doanh-ban-hang,kinh-doanh-ban-hang-tong-hop
13804,,
13805,kinh-doanh-ban-hang,kinh-doanh-ban-hang-sale
13806,ke-toan-tai-chinh,ke-toan-tai-chinh-ke-toan
13807,kinh-doanh-ban-hang,kinh-doanh-ban-hang-tong-hop
13808,ke-toan-tai-chinh,ke-toan-tai-chinh-bao-hiem
13808,kinh-doanh-ban-hang,kinh-doanh-ban-hang-tong-hop
13808,kinh-doanh-ban-hang,kinh-doanh-ban-hang-tong-hop
13809,kinh-doanh-ban-hang,kinh-doanh-ban-hang-sale
13810,san-xuat-qa-qc,san-xuat-qa-qc-qa-qc
13811,,
13812,san-xuat-qa-qc,san-xuat-det-may
13813,co-khi-che-tao,co-khi-che-tao-co-khi
13814,bat-dong-san,bat-dong-san-moi-gioi
13814,kinh-doanh-ban-hang,kinh-doanh-ban-hang-tong-hop
13814,,
13815,marketing-truyen-thong,marketing-truyen-thong-pr
13816,kinh-doanh-ban-hang,kinh-doanh-ban-hang-tong-hop
13816,nhan-su-hanh-chinh,nhan-su-hanh-chinh-van-phong
13817,bat-dong-san,bat-dong-san-moi-gioi
13818,kinh-doanh-ban-hang,kinh-doanh-ban-hang-tong-hop
13819,kinh-doanh-ban-hang,kinh-doanh-ban-hang-tong-hop
13820,xay-dung,xay-dung-ky-su
13821,marketing-truyen-thong,marketing-bao-chi-truyen-hinh
13822,ke-toan-tai-chinh,ke-toan-tai-chinh-tai-chinh
13823,dich-vu-khach-hang,dich-vu-khach-hang-cskh
13824,kinh-doanh-ban-hang,kinh-doanh-ban-hang-tong-hop
13825,kinh-doanh-ban-hang,kinh-doanh-ban-hang-tong-hop
13826,xay-dung,xay-dung-ky-su
13827,,
13828,,
13829,bat-dong-san,bat-dong-san-moi-gioi
13830,nhan-su-hanh-chinh,nhan-su-thu-ky-tro-ly
13831,cntt,cntt-phat-trien-phan-mem
13832,nhan-su-hanh-chinh,nhan-su-phap-ly-phap-che
13833,kinh-doanh-ban-hang,kinh-doanh-ban-hang-sale
13834,nhan-su-hanh-chinh,nhan-su-hanh-chinh-van-phong
13835,ke-toan-tai-chinh,ke-toan-tai-chinh-bao-hiem
13836,lao-dong-pho-thong,lao-dong-pho-thong-lai-xe
13837,ke-toan-tai-chinh,ke-toan-tai-chinh-ke-toan
13837,ke-toan-tai-chinh,ke-toan-tai-chinh-ke-toan
13838,kinh-doanh-ban-hang,kinh-doanh-ban-hang-tong-hop
13839,bat-dong-san,bat-dong-san-moi-gioi
13840,xay-dung,xay-dung-ky-su
13841,,
13842,dich-vu-khach-hang,dich-vu-khach-hang-cskh
13843,kinh-doanh-ban-hang,kinh-doanh-ban-hang-sale
13844,dich-vu-khach-hang,dich-vu-khach-hang-cskh
13845,marketing-truyen-thong,marketing-tong-hop
13846,dich-vu-khach-hang,dich-vu-khach-hang-cskh
13847,xay-dung,xay-dung-ky-su
13848,bat-dong-san,bat-dong-san-moi-gioi
13849,lao-dong-pho-thong,lao-dong-pho-thong-cong-nhan
13850,kinh-doanh-ban-hang,kinh-doanh-ban-hang-ban-hang
13851,,
13852,nhan-su-hanh-chinh,nhan-su-hanh-chinh-van-phong
13853,kinh-doanh-ban-hang,kinh-doanh-ban-hang-tong-hop
13854,ke-toan-tai-chinh,ke-toan-tai-chinh-bao-hiem
13855,kinh-doanh-ban-hang,kinh-doanh-ban-hang-ban-hang
13856,kinh-doanh-ban-hang,kinh-doanh-ban-hang-sale
13857,dich-vu-khach-hang,dich-vu-khach-hang-cskh
13858,dich-vu-khach-hang,dich-vu-khach-hang-cskh
13859,kinh-doanh-ban-hang,kinh-doanh-ban-hang-tong-hop
13860,lao-dong-pho-thong,lao-dong-pho-thong-lai-xe
13861,lao-dong-pho-thong,lao-dong-pho-thong-cong-nhan
13862,,
13862,san-xuat-qa-qc,san-xuat-quan-ly
13862,nhan-su-hanh-chinh,nhan-su-hanh-chinh-van-phong
13863,,
13864,,
13865,bat-dong-san,bat-dong-san-moi-gioi
13866,,
13866,van-tai-logistics,van-tai-giao-nhan
13867,ke-toan-tai-chinh,ke-toan-tai-chinh-ke-toan
13868,,
13868,lao-dong-pho-thong,lao-dong-pho-thong-bao-ve
13868,lao-dong-pho-thong,lao-dong-pho-thong-bao-ve
13869,cntt,cntt-phat-trien-phan-mem
13870,kinh-doanh-ban-hang,kinh-doanh-ban-hang-tong-hop
13871,,
13872,marketing-truyen-thong,marketing-bien-phien-dich
13873,kinh-doanh-ban-hang,kinh-doanh-ban-hang-ban-hang
13874,,
13875,kinh-doanh-ban-hang,kinh-doanh-ban-hang-sale
13876,bat-dong-san,bat-dong-san-moi-gioi
13877,,
13878,lao-dong-pho-thong,lao-dong-pho-thong-cong-nhan
13879,ke-toan-tai-chinh,ke-toan-tai-chinh-ke-toan
13880,bat-dong-san,bat-dong-san-moi-gioi
13881,,
13882,dien-dien-tu-vien-thong,dien-dien-tu-dien-lanh
13882,co-khi-che-tao,co-khi-tu-dong-hoa
13882,dien-dien-tu-vien-thong,dien-dien-tu-dien-lanh
13883,ke-toan-tai-chinh,ke-toan-tai-chinh-kiem-toan
13884,xay-dung,xay-dung-ky-su
13885,dich-vu-khach-hang,dich-vu-khach-hang-cskh
13886,van-tai-logistics,van-tai-xuat-nhap-khau
13887,cntt,cntt-phat-trien-phan-mem
13888,lao-dong-pho-thong,lao-dong-pho-thong-cong-nhan
13889,nhan-su-hanh-chinh,nhan-su-hanh-chinh-van-phong
13890,kinh-doanh-ban-hang,kinh-doanh-ban-hang-tong-hop
13891,kinh-doanh-ban-hang,kinh-doanh-ban-hang-tong-hop
13892,kinh-doanh-ban-hang,kinh-doanh-ban-hang-tong-hop
13893,,
13894,lao-dong-pho-thong,lao-dong-pho-thong-lai-xe
13895,lao-dong-pho-thong,lao-dong-pho-thong-lai-xe
13896,,
13897,dich-vu-khach-hang,dich-vu-khach-hang-cskh
13897,,
13898,dich-vu-khach-hang,dich-vu-khach-hang-cskh
13899,,
13900,xay-dung,xay-dung-ky-su
13901,,
13902,co-khi-che-tao,co-khi-che-tao-co-khi
13903,bat-dong-san,bat-dong-san-moi-gioi
13904,lao-dong-pho-thong,lao-dong-pho-thong-lai-xe
13905,ke-toan-tai-chinh,ke-toan-tai-chinh-ke-toan
13906,nhan-su-hanh-chinh,nhan-su-hanh-chinh-van-phong
13907,san-xuat-qa-qc,san-xuat-my-pham
13908,dich-vu-khach-hang,dich-vu-khach-hang-cskh
13909,ke-toan-tai-chinh,ke-toan-tai-chinh-ngan-hang
13909,lao-dong-pho-thong,lao-dong-pho-thong-bao-ve
13910,kinh-doanh-ban-hang,kinh-doanh-ban-hang-tong-hop
13911,lao-dong-pho-thong,lao-dong-pho-thong-tap-vu
13912,ke-toan-tai-chinh,ke-toan-tai-chinh-bao-hiem
13913,kinh-doanh-ban-hang,kinh-doanh-ban-hang-ban-hang
13914,nhan-su-hanh-chinh,nhan-su-hanh-chinh-van-phong
13915,dich-vu-khach-hang,dich-vu-khach-hang-cskh
13916,,
13917,kinh-doanh-ban-hang,kinh-doanh-ban-hang-tong-hop
13918,kinh-doanh-ban-hang,kinh-doanh-ban-hang-tong-hop
13919,,
13920,dich-vu-khach-hang,dich-vu-khach-hang-cskh
13920,kinh-doanh-ban-hang,kinh-doanh-ban-hang-tong-hop
13920,,
13921,kinh-doanh-ban-hang,kinh-doanh-ban-hang-tong-hop
13922,dich-vu-khach-hang,dich-vu-khach-hang-cskh
13923,co-khi-che-tao,co-khi-che-tao-co-khi
13924,,
13925,,
13926,,
13927,khach-san-nha-hang-du-lich,khach-san-spa-lam-dep
13928,kinh-doanh-ban-hang,kinh-doanh-ban-hang-tong-hop
13929,nhan-su-hanh-chinh,nhan-su-hanh-chinh-van-phong
13929,nhan-su-hanh-chinh,nhan-su-thu-ky-tro-ly
13929,nhan-su-hanh-chinh,nhan-su-tuyen-dung-cb
13930,,
13931,lao-dong-pho-thong,lao-dong-pho-thong-lai-xe
13932,,
13933,dich-vu-khach-hang,dich-vu-khach-hang-cskh
13934,giao-duc-dao-tao,giao-duc-giang-day
13935,khach-san-nha-hang-du-lich,khach-san-nha-hang-fb
13936,cntt,cntt-phat-trien-phan-mem
13937,lao-dong-pho-thong,lao-dong-pho-thong-lai-xe
13938,,
13939,nhan-su-hanh-chinh,nhan-su-hanh-chinh-van-phong
13940,ke-toan-tai-chinh,ke-toan-tai-chinh-bao-hiem
13941,bat-dong-san,bat-dong-san-moi-gioi
13942,kinh-doanh-ban-hang,kinh-doanh-ban-hang-ban-hang
13943,giao-duc-dao-tao,giao-duc-giang-day
13944,,
13945,kinh-doanh-ban-hang,kinh-doanh-ban-hang-ban-hang
13946,,
13947,,
13948,khach-san-nha-hang-du-lich,khach-san-spa-lam-dep
13949,kinh-doanh-ban-hang,kinh-doanh-ban-hang-tong-hop
13950,nhan-su-hanh-chinh,nhan-su-hanh-chinh-van-phong
13951,,
13952,nhan-su-hanh-chinh,nhan-su-hanh-chinh-van-phong
13953,bat-dong-san,bat-dong-san-moi-gioi
13954,lao-dong-pho-thong,lao-dong-pho-thong-lai-xe
13955,,
13956,kinh-doanh-ban-hang,kinh-doanh-ban-hang-ban-hang
13957,ke-toan-tai-chinh,ke-toan-tai-chinh-ngan-hang
13958,khach-san-nha-hang-du-lich,khach-san-spa-lam-dep
13959,bat-dong-san,bat-dong-san-moi-gioi
13960,ke-toan-tai-chinh,ke-toan-tai-chinh-ke-toan
13961,,
13961,kinh-doanh-ban-hang,kinh-doanh-ban-hang-tong-hop
13961,dich-vu-khach-hang,dich-vu-khach-hang-cskh
13962,kinh-doanh-ban-hang,kinh-doanh-ban-hang-ban-hang
13962,,
13963,thiet-ke-kien-truc,thiet-ke-my-thuat
13964,kinh-doanh-ban-hang,kinh-doanh-ban-hang-ban-hang
13965,kinh-doanh-ban-hang,kinh-doanh-ban-hang-ban-hang
13966,,
13966,nhan-su-hanh-chinh,nhan-su-hanh-chinh-van-phong
13966,nhan-su-hanh-chinh,nhan-su-hanh-chinh-van-phong
13967,lao-dong-pho-thong,lao-dong-pho-thong-lai-xe
13968,bat-dong-san,bat-dong-san-moi-gioi
13968,,
13968,kinh-doanh-ban-hang,kinh-doanh-ban-hang-tong-hop
13969,khach-san-nha-hang-du-lich,khach-san-nha-hang-fb
13970,nhan-su-hanh-chinh,nhan-su-hanh-chinh-van-phong
13971,dich-vu-khach-hang,dich-vu-khach-hang-cskh
13972,,
13973,kinh-doanh-ban-hang,kinh-doanh-ban-hang-tong-hop
13974,co-khi-che-tao,co-khi-che-tao-co-khi
13974,,
13974,san-xuat-qa-qc,san-xuat-quan-ly
13975,marketing-truyen-thong,marketing-tong-hop
13976,,
13977,lao-dong-pho-thong,lao-dong-pho-thong-cong-nhan
13978,co-khi-che-tao,co-khi-tu-dong-hoa
13979,bat-dong-san,bat-dong-san-moi-gioi
13980,,
13981,lao-dong-pho-thong,lao-dong-pho-thong-tap-vu
13982,bat-dong-san,bat-dong-san-moi-gioi
13983,,
13984,,
13985,lao-dong-pho-thong,lao-dong-pho-thong-lai-xe
13986,,
13987,,
13988,bat-dong-san,bat-dong-san-moi-gioi
13989,kinh-doanh-ban-hang,kinh-doanh-ban-hang-ban-hang
13990,ke-toan-tai-chinh,ke-toan-tai-chinh-tai-chinh
13991,,
13992,kinh-doanh-ban-hang,kinh-doanh-ban-hang-tong-hop
13993,kinh-doanh-ban-hang,kinh-doanh-ban-hang-sale
13994,,
13995,giao-duc-dao-tao,giao-duc-giang-day
13996,,
13997,lao-dong-pho-thong,lao-dong-pho-thong-tap-vu
13998,kinh-doanh-ban-hang,kinh-doanh-ban-hang-tong-hop
13999,lao-dong-pho-thong,lao-dong-pho-thong-cong-nhan
13999,,
14000,nhan-su-hanh-chinh,nhan-su-hanh-chinh-van-phong
14001,,
14002,dich-vu-khach-hang,dich-vu-khach-hang-cskh
14003,kinh-doanh-ban-hang,kinh-doanh-ban-hang-sale
14004,lao-dong-pho-thong,lao-dong-pho-thong-tap-vu
14005,dich-vu-khach-hang,dich-vu-khach-hang-cskh
14006,,
14007,,
14008,lao-dong-pho-thong,lao-dong-pho-thong-lai-xe
14009,kinh-doanh-ban-hang,kinh-doanh-ban-hang-tong-hop
14010,lao-dong-pho-thong,lao-dong-pho-thong-lai-xe
14011,giao-duc-dao-tao,giao-duc-giang-day
14012,,
14013,,
14014,cntt,cntt-phat-trien-phan-mem
14015,kinh-doanh-ban-hang,kinh-doanh-ban-hang-ban-hang
14016,kinh-doanh-ban-hang,kinh-doanh-ban-hang-tong-hop
14017,kinh-doanh-ban-hang,kinh-doanh-ban-hang-tong-hop
14018,kinh-doanh-ban-hang,kinh-doanh-ban-hang-ban-hang
14019,nhan-su-hanh-chinh,nhan-su-hanh-chinh-van-phong
14020,y-te-duoc,y-te-duoc-y-te
14021,lao-dong-pho-thong,lao-dong-pho-thong-lai-xe
14022,kinh-doanh-ban-hang,kinh-doanh-ban-hang-sale
14023,marketing-truyen-thong,marketing-truyen-thong-pr
14024,ke-toan-tai-chinh,ke-toan-tai-chinh-bao-hiem
14025,kinh-doanh-ban-hang,kinh-doanh-ban-hang-tong-hop
14026,ke-toan-tai-chinh,ke-toan-tai-chinh-ke-toan
14027,khach-san-nha-hang-du-lich,khach-san-nha-hang-fb
14028,cntt,cntt-phan-cung-mang
14028,,
14028,,
14029,thiet-ke-kien-truc,thiet-ke-kien-truc-kien-truc
14030,kinh-doanh-ban-hang,kinh-doanh-ban-hang-tong-hop
14031,kinh-doanh-ban-hang,kinh-doanh-ban-hang-ban-hang
14032,bat-dong-san,bat-dong-san-moi-gioi
14033,kinh-doanh-ban-hang,kinh-doanh-ban-hang-tong-hop
14034,,
14035,kinh-doanh-ban-hang,kinh-doanh-ban-hang-tong-hop
14035,,
14035,bat-dong-san,bat-dong-san-moi-gioi
14036,bat-dong-san,bat-dong-san-moi-gioi
14037,thiet-ke-kien-truc,thiet-ke-kien-truc-kien-truc
14037,thiet-ke-kien-truc,thiet-ke-noi-that
14038,ke-toan-tai-chinh,ke-toan-tai-chinh-ngan-hang
14039,,
14040,khach-san-nha-hang-du-lich,khach-san-du-lich-le-hanh
14041,kinh-doanh-ban-hang,kinh-doanh-ban-hang-ban-hang
14042,kinh-doanh-ban-hang,kinh-doanh-ban-hang-tong-hop
14043,ke-toan-tai-chinh,ke-toan-tai-chinh-tai-chinh
14044,lao-dong-pho-thong,lao-dong-pho-thong-lai-xe
14045,,
14046,khach-san-nha-hang-du-lich,khach-san-nha-hang-fb
14046,,
14047,ke-toan-tai-chinh,ke-toan-tai-chinh-ke-toan
14048,kinh-doanh-ban-hang,kinh-doanh-ban-hang-ban-hang
14049,ke-toan-tai-chinh,ke-toan-tai-chinh-ke-toan
14050,kinh-doanh-ban-hang,kinh-doanh-ban-hang-tong-hop
14050,,
14050,bat-dong-san,bat-dong-san-moi-gioi
14051,kinh-doanh-ban-hang,kinh-doanh-ban-hang-tong-hop
14052,ke-toan-tai-chinh,ke-toan-tai-chinh-ke-toan
14053,ke-toan-tai-chinh,ke-toan-tai-chinh-bao-hiem
14054,khach-san-nha-hang-du-lich,khach-san-nha-hang-fb
14055,dich-vu-khach-hang,dich-vu-khach-hang-cskh
14055,bat-dong-san,bat-dong-san-moi-gioi
14055,bat-dong-san,bat-dong-san-moi-gioi
14056,bat-dong-san,bat-dong-san-moi-gioi
14057,kinh-doanh-ban-hang,kinh-doanh-ban-hang-tong-hop
14058,ke-toan-tai-chinh,ke-toan-tai-chinh-ke-toan
14059,kinh-doanh-ban-hang,kinh-doanh-ban-hang-tong-hop
14060,kinh-doanh-ban-hang,kinh-doanh-ban-hang-ban-hang
14061,ke-toan-tai-chinh,ke-toan-tai-chinh-tai-chinh
14062,kinh-doanh-ban-hang,kinh-doanh-ban-hang-tong-hop
14063,san-xuat-qa-qc,san-xuat-nong-nghiep
14064,kinh-doanh-ban-hang,kinh-doanh-ban-hang-tong-hop
14064,,
14065,lao-dong-pho-thong,lao-dong-pho-thong-lai-xe
14066,san-xuat-qa-qc,san-xuat-qa-qc-qa-qc
14067,dich-vu-khach-hang,dich-vu-khach-hang-cskh
14068,kinh-doanh-ban-hang,kinh-doanh-ban-hang-ban-hang
14068,kinh-doanh-ban-hang,kinh-doanh-ban-hang-ban-hang
14069,marketing-truyen-thong,marketing-tong-hop
14070,,
14071,van-tai-logistics,van-tai-logistics-kho-van
14071,kinh-doanh-ban-hang,kinh-doanh-ban-hang-tong-hop
14071,,
14072,nhan-su-hanh-chinh,nhan-su-hanh-chinh-van-phong
14073,dich-vu-khach-hang,dich-vu-khach-hang-cskh
14074,dich-vu-khach-hang,dich-vu-khach-hang-cskh
14075,lao-dong-pho-thong,lao-dong-pho-thong-cong-nhan
14076,cntt,cntt-phat-trien-phan-mem
14076,,
14076,cntt,cntt-phat-trien-phan-mem
14077,marketing-truyen-thong,marketing-seo-digital
14078,marketing-truyen-thong,marketing-tong-hop
14078,,
14078,marketing-truyen-thong,marketing-truyen-thong-pr
14079,lao-dong-pho-thong,lao-dong-pho-thong-lai-xe
14080,marketing-truyen-thong,marketing-tong-hop
14081,lao-dong-pho-thong,lao-dong-pho-thong-lai-xe
14082,lao-dong-pho-thong,lao-dong-pho-thong-tap-vu
14083,san-xuat-qa-qc,san-xuat-quan-ly
14084,,
14085,,
14086,,
14087,van-tai-logistics,van-tai-giao-nhan
14088,kinh-doanh-ban-hang,kinh-doanh-ban-hang-ban-hang
14089,,
14090,lao-dong-pho-thong,lao-dong-pho-thong-tap-vu
14091,,
14092,lao-dong-pho-thong,lao-dong-pho-thong-lai-xe
14093,lao-dong-pho-thong,lao-dong-pho-thong-lai-xe
14094,khach-san-nha-hang-du-lich,khach-san-nha-hang-fb
14095,lao-dong-pho-thong,lao-dong-pho-thong-bao-ve
14096,kinh-doanh-ban-hang,kinh-doanh-ban-hang-ban-hang
14097,cntt,cntt-phat-trien-phan-mem
14098,,
14098,,
14098,dich-vu-khach-hang,dich-vu-khach-hang-cskh
14099,bat-dong-san,bat-dong-san-moi-gioi
14100,kinh-doanh-ban-hang,kinh-doanh-ban-hang-tong-hop
14101,kinh-doanh-ban-hang,kinh-doanh-ban-hang-tong-hop
14102,giao-duc-dao-tao,giao-duc-giang-day
14103,,
14104,kinh-doanh-ban-hang,kinh-doanh-ban-hang-ban-hang
14105,kinh-doanh-ban-hang,kinh-doanh-ban-hang-tong-hop
14106,san-xuat-qa-qc,san-xuat-quan-ly
14107,dich-vu-khach-hang,dich-vu-khach-hang-cskh
14108,lao-dong-pho-thong,lao-dong-pho-thong-cong-nhan
14109,,
14110,ke-toan-tai-chinh,ke-toan-tai-chinh-ngan-hang
14110,,
14110,,
14111,kinh-doanh-ban-hang,kinh-doanh-ban-hang-ban-hang
14112,kinh-doanh-ban-hang,kinh-doanh-ban-hang-tong-hop
14113,,
14114,marketing-truyen-thong,marketing-bien-phien-dich
14114,nhan-su-hanh-chinh,nhan-su-hanh-chinh-van-phong
14114,cntt,cntt-phat-trien-phan-mem
14115,marketing-truyen-thong,marketing-bien-phien-dich
14116,dich-vu-khach-hang,dich-vu-khach-hang-cskh
14117,khach-san-nha-hang-du-lich,khach-san-nha-hang-fb
14118,kinh-doanh-ban-hang,kinh-doanh-ban-hang-tong-hop
14119,kinh-doanh-ban-hang,kinh-doanh-ban-hang-tong-hop
14120,kinh-doanh-ban-hang,kinh-doanh-ban-hang-tong-hop
14121,nhan-su-hanh-chinh,nhan-su-hanh-chinh-van-phong
14122,lao-dong-pho-thong,lao-dong-pho-thong-tap-vu
14123,,
14124,marketing-truyen-thong,marketing-seo-digital
14125,marketing-truyen-thong,marketing-seo-digital
14126,marketing-truyen-thong,marketing-tong-hop
14127,kinh-doanh-ban-hang,kinh-doanh-ban-hang-tong-hop
14128,dich-vu-khach-hang,dich-vu-khach-hang-cskh
14128,kinh-doanh-ban-hang,kinh-doanh-ban-hang-tong-hop
14128,,
14129,co-khi-che-tao,co-khi-che-tao-co-khi
14130,lao-dong-pho-thong,lao-dong-pho-thong-lai-xe
14131,marketing-truyen-thong,marketing-tong-hop
14132,,
14133,,
14134,,
14135,kinh-doanh-ban-hang,kinh-doanh-ban-hang-tong-hop
14136,nhan-su-hanh-chinh,nhan-su-phap-ly-phap-che
14137,ke-toan-tai-chinh,ke-toan-tai-chinh-ke-toan
14138,kinh-doanh-ban-hang,kinh-doanh-ban-hang-tong-hop
14138,nhan-su-hanh-chinh,nhan-su-thu-ky-tro-ly
14139,san-xuat-qa-qc,san-xuat-thuc-pham
14140,dich-vu-khach-hang,dich-vu-khach-hang-cskh
14141,marketing-truyen-thong,marketing-tong-hop
14142,marketing-truyen-thong,marketing-seo-digital
14143,kinh-doanh-ban-hang,kinh-doanh-ban-hang-tong-hop
14144,lao-dong-pho-thong,lao-dong-pho-thong-lai-xe
14145,kinh-doanh-ban-hang,kinh-doanh-ban-hang-ban-hang
14146,lao-dong-pho-thong,lao-dong-pho-thong-lai-xe
14147,ke-toan-tai-chinh,ke-toan-tai-chinh-tai-chinh
14148,thiet-ke-kien-truc,thiet-ke-do-hoa
14148,,
14149,lao-dong-pho-thong,lao-dong-pho-thong-tap-vu
14150,marketing-truyen-thong,marketing-tong-hop
14151,xay-dung,xay-dung-ky-su
14152,,
14153,dich-vu-khach-hang,dich-vu-khach-hang-cskh
14154,dich-vu-khach-hang,dich-vu-khach-hang-cskh
14155,,
14156,xay-dung,xay-dung-ky-su
14157,khach-san-nha-hang-du-lich,khach-san-spa-lam-dep
14158,kinh-doanh-ban-hang,kinh-doanh-ban-hang-ban-hang
14159,,
14160,,
14161,,
14162,kinh-doanh-ban-hang,kinh-doanh-ban-hang-tong-hop
14162,,
14162,dich-vu-khach-hang,dich-vu-khach-hang-cskh
14163,ke-toan-tai-chinh,ke-toan-tai-chinh-ke-toan
14164,y-te-duoc,y-te-duoc-y-te
14165,kinh-doanh-ban-hang,kinh-doanh-ban-hang-ban-hang
14166,,
14167,ke-toan-tai-chinh,ke-toan-tai-chinh-bao-hiem
14167,kinh-doanh-ban-hang,kinh-doanh-ban-hang-tong-hop
14167,,
14168,bat-dong-san,bat-dong-san-moi-gioi
14168,kinh-doanh-ban-hang,kinh-doanh-ban-hang-tong-hop
14168,,
14169,san-xuat-qa-qc,san-xuat-nong-nghiep
14170,ke-toan-tai-chinh,ke-toan-tai-chinh-tai-chinh
14171,thiet-ke-kien-truc,thiet-ke-do-hoa
14172,ke-toan-tai-chinh,ke-toan-tai-chinh-bao-hiem
14172,kinh-doanh-ban-hang,kinh-doanh-ban-hang-tong-hop
14172,kinh-doanh-ban-hang,kinh-doanh-ban-hang-tong-hop
14173,co-khi-che-tao,co-khi-tu-dong-hoa
14174,dich-vu-khach-hang,dich-vu-khach-hang-cskh
14175,giao-duc-dao-tao,giao-duc-giang-day
14176,san-xuat-qa-qc,san-xuat-quan-ly
14177,ke-toan-tai-chinh,ke-toan-tai-chinh-ke-toan
14178,nhan-su-hanh-chinh,nhan-su-hanh-chinh-van-phong
14179,,
14180,kinh-doanh-ban-hang,kinh-doanh-ban-hang-ban-hang
14181,nhan-su-hanh-chinh,nhan-su-hanh-chinh-van-phong
14182,nhan-su-hanh-chinh,nhan-su-hanh-chinh-van-phong
14183,ke-toan-tai-chinh,ke-toan-tai-chinh-bao-hiem
14183,kinh-doanh-ban-hang,kinh-doanh-ban-hang-tong-hop
14183,ke-toan-tai-chinh,ke-toan-tai-chinh-bao-hiem
14184,,
14185,lao-dong-pho-thong,lao-dong-pho-thong-lai-xe
14186,cntt,cntt-phat-trien-phan-mem
14187,,
14188,kinh-doanh-ban-hang,kinh-doanh-ban-hang-tong-hop
14189,dich-vu-khach-hang,dich-vu-khach-hang-cskh
14190,lao-dong-pho-thong,lao-dong-pho-thong-lai-xe
14191,dich-vu-khach-hang,dich-vu-khach-hang-cskh
14192,nhan-su-hanh-chinh,nhan-su-thu-ky-tro-ly
14193,cntt,cntt-phat-trien-phan-mem
14194,,
14194,,
14194,,
14195,,
14196,,
14197,khach-san-nha-hang-du-lich,khach-san-khach-san
14198,,
14199,,
14200,nhan-su-hanh-chinh,nhan-su-hanh-chinh-van-phong
14201,,
14202,nhan-su-hanh-chinh,nhan-su-hanh-chinh-van-phong
14203,kinh-doanh-ban-hang,kinh-doanh-ban-hang-tong-hop
14204,lao-dong-pho-thong,lao-dong-pho-thong-tap-vu
14205,kinh-doanh-ban-hang,kinh-doanh-ban-hang-ban-hang
14206,kinh-doanh-ban-hang,kinh-doanh-ban-hang-sale
14207,nhan-su-hanh-chinh,nhan-su-hanh-chinh-van-phong
14208,lao-dong-pho-thong,lao-dong-pho-thong-cong-nhan
14209,,
14210,ke-toan-tai-chinh,ke-toan-tai-chinh-tai-chinh
14211,bat-dong-san,bat-dong-san-moi-gioi
14212,ke-toan-tai-chinh,ke-toan-tai-chinh-bao-hiem
14213,nhan-su-hanh-chinh,nhan-su-hanh-chinh-van-phong
14214,,
14215,lao-dong-pho-thong,lao-dong-pho-thong-tap-vu
14216,giao-duc-dao-tao,giao-duc-giang-day
14217,nhan-su-hanh-chinh,nhan-su-hanh-chinh-van-phong
14218,marketing-truyen-thong,marketing-tong-hop
14218,marketing-truyen-thong,marketing-tong-hop
14218,marketing-truyen-thong,marketing-seo-digital
14219,kinh-doanh-ban-hang,kinh-doanh-ban-hang-ban-hang
14220,bat-dong-san,bat-dong-san-moi-gioi
14221,marketing-truyen-thong,marketing-seo-digital
14222,kinh-doanh-ban-hang,kinh-doanh-ban-hang-tong-hop
14223,kinh-doanh-ban-hang,kinh-doanh-ban-hang-sale
14224,dich-vu-khach-hang,dich-vu-khach-hang-cskh
14225,marketing-truyen-thong,marketing-tong-hop
14226,,
14227,dich-vu-khach-hang,dich-vu-khach-hang-cskh
14228,marketing-truyen-thong,marketing-seo-digital
14229,nhan-su-hanh-chinh,nhan-su-hanh-chinh-van-phong
14230,bat-dong-san,bat-dong-san-moi-gioi
14231,ke-toan-tai-chinh,ke-toan-tai-chinh-tai-chinh
14232,bat-dong-san,bat-dong-san-moi-gioi
14233,kinh-doanh-ban-hang,kinh-doanh-ban-hang-tong-hop
14234,giao-duc-dao-tao,giao-duc-giang-day
14235,kinh-doanh-ban-hang,kinh-doanh-ban-hang-tong-hop
14236,xay-dung,xay-dung-ky-su
14237,,
14238,lao-dong-pho-thong,lao-dong-pho-thong-lai-xe
14239,ke-toan-tai-chinh,ke-toan-tai-chinh-ke-toan
14240,bat-dong-san,bat-dong-san-moi-gioi
14241,kinh-doanh-ban-hang,kinh-doanh-ban-hang-ban-hang
14242,lao-dong-pho-thong,lao-dong-pho-thong-lai-xe
14243,kinh-doanh-ban-hang,kinh-doanh-ban-hang-ban-hang
14244,,
14245,,
14246,bat-dong-san,bat-dong-san-moi-gioi
14247,nhan-su-hanh-chinh,nhan-su-hanh-chinh-van-phong
14248,,
14249,dich-vu-khach-hang,dich-vu-khach-hang-cskh
14250,ke-toan-tai-chinh,ke-toan-tai-chinh-ke-toan
14251,,
14252,nhan-su-hanh-chinh,nhan-su-hanh-chinh-van-phong
14253,,
14254,kinh-doanh-ban-hang,kinh-doanh-ban-hang-tong-hop
14255,,
14256,co-khi-che-tao,co-khi-che-tao-co-khi
14256,,
14257,cntt,cntt-phat-trien-phan-mem
14258,kinh-doanh-ban-hang,kinh-doanh-ban-hang-tong-hop
14259,bat-dong-san,bat-dong-san-moi-gioi
14260,giao-duc-dao-tao,giao-duc-giang-day
14260,nhan-su-hanh-chinh,nhan-su-hanh-chinh-van-phong
14261,bat-dong-san,bat-dong-san-moi-gioi
14262,dich-vu-khach-hang,dich-vu-khach-hang-cskh
14263,marketing-truyen-thong,marketing-seo-digital
14264,bat-dong-san,bat-dong-san-moi-gioi
14265,thiet-ke-kien-truc,thiet-ke-do-hoa
14266,,
14266,kinh-doanh-ban-hang,kinh-doanh-ban-hang-tong-hop
14266,dich-vu-khach-hang,dich-vu-khach-hang-cskh
14267,,
14268,,
14269,marketing-truyen-thong,marketing-seo-digital
14270,dich-vu-khach-hang,dich-vu-khach-hang-cskh
14271,,
14272,lao-dong-pho-thong,lao-dong-pho-thong-cong-nhan
14273,kinh-doanh-ban-hang,kinh-doanh-ban-hang-tong-hop
14273,ke-toan-tai-chinh,ke-toan-tai-chinh-tai-chinh
14273,,
14274,nhan-su-hanh-chinh,nhan-su-hanh-chinh-van-phong
14274,nhan-su-hanh-chinh,nhan-su-thu-ky-tro-ly
14275,san-xuat-qa-qc,san-xuat-my-pham
14276,kinh-doanh-ban-hang,kinh-doanh-ban-hang-tong-hop
14277,kinh-doanh-ban-hang,kinh-doanh-ban-hang-ban-hang
14277,kinh-doanh-ban-hang,kinh-doanh-ban-hang-thu-ngan
14277,kinh-doanh-ban-hang,kinh-doanh-ban-hang-thu-ngan
14278,nhan-su-hanh-chinh,nhan-su-hanh-chinh-van-phong
14279,,
14280,bat-dong-san,bat-dong-san-moi-gioi
14281,bat-dong-san,bat-dong-san-moi-gioi
14282,,
14283,,
14284,san-xuat-qa-qc,san-xuat-quan-ly
14284,lao-dong-pho-thong,lao-dong-pho-thong-cong-nhan
14284,,
14285,kinh-doanh-ban-hang,kinh-doanh-ban-hang-tong-hop
14286,dich-vu-khach-hang,dich-vu-khach-hang-cskh
14287,xay-dung,xay-dung-ky-su
14288,,
14288,,
14288,,
14289,,
14290,thiet-ke-kien-truc,thiet-ke-kien-truc-kien-truc
14291,,
14292,dien-dien-tu-vien-thong,dien-dien-tu-dien-lanh
14293,kinh-doanh-ban-hang,kinh-doanh-ban-hang-ban-hang
14294,y-te-duoc,y-te-duoc-y-te
14295,,
14296,dich-vu-khach-hang,dich-vu-khach-hang-cskh
14297,,
14298,san-xuat-qa-qc,san-xuat-quan-ly
14299,,
14300,lao-dong-pho-thong,lao-dong-pho-thong-lai-xe
14301,thiet-ke-kien-truc,thiet-ke-kien-truc-kien-truc
14302,,
14303,lao-dong-pho-thong,lao-dong-pho-thong-tap-vu
14304,lao-dong-pho-thong,lao-dong-pho-thong-lai-xe
14305,ke-toan-tai-chinh,ke-toan-tai-chinh-tai-chinh
14306,kinh-doanh-ban-hang,kinh-doanh-ban-hang-ban-hang
14306,ke-toan-tai-chinh,ke-toan-tai-chinh-ke-toan
14307,ke-toan-tai-chinh,ke-toan-tai-chinh-bao-hiem
14308,kinh-doanh-ban-hang,kinh-doanh-ban-hang-ban-hang
14309,ke-toan-tai-chinh,ke-toan-tai-chinh-tai-chinh
14310,dich-vu-khach-hang,dich-vu-khach-hang-cskh
14311,lao-dong-pho-thong,lao-dong-pho-thong-lai-xe
14312,kinh-doanh-ban-hang,kinh-doanh-ban-hang-ban-hang
14313,marketing-truyen-thong,marketing-tong-hop
14314,,
14315,kinh-doanh-ban-hang,kinh-doanh-ban-hang-tong-hop
14316,bat-dong-san,bat-dong-san-moi-gioi
14317,ke-toan-tai-chinh,ke-toan-tai-chinh-tai-chinh
14318,bat-dong-san,bat-dong-san-moi-gioi
14319,khach-san-nha-hang-du-lich,khach-san-du-lich-le-hanh
14320,thiet-ke-kien-truc,thiet-ke-do-hoa
14321,kinh-doanh-ban-hang,kinh-doanh-ban-hang-tong-hop
14322,bat-dong-san,bat-dong-san-moi-gioi
14323,,
14324,lao-dong-pho-thong,lao-dong-pho-thong-lai-xe
14325,bat-dong-san,bat-dong-san-moi-gioi
14326,nhan-su-hanh-chinh,nhan-su-hanh-chinh-van-phong
14326,nhan-su-hanh-chinh,nhan-su-phap-ly-phap-che
14326,,
14327,ke-toan-tai-chinh,ke-toan-tai-chinh-bao-hiem
14328,marketing-truyen-thong,marketing-tong-hop
14329,,
14330,dich-vu-khach-hang,dich-vu-khach-hang-cskh
14331,lao-dong-pho-thong,lao-dong-pho-thong-lai-xe
14332,nhan-su-hanh-chinh,nhan-su-hanh-chinh-van-phong
14333,kinh-doanh-ban-hang,kinh-doanh-ban-hang-thu-ngan
14333,kinh-doanh-ban-hang,kinh-doanh-ban-hang-ban-hang
14333,kinh-doanh-ban-hang,kinh-doanh-ban-hang-thu-ngan
14334,marketing-truyen-thong,marketing-tong-hop
14335,,
14336,nhan-su-hanh-chinh,nhan-su-hanh-chinh-van-phong
14337,,
14338,kinh-doanh-ban-hang,kinh-doanh-ban-hang-tong-hop
14339,kinh-doanh-ban-hang,kinh-doanh-ban-hang-ban-hang
14340,dich-vu-khach-hang,dich-vu-khach-hang-cskh
14341,thiet-ke-kien-truc,thiet-ke-do-hoa
14342,nhan-su-hanh-chinh,nhan-su-hanh-chinh-van-phong
14342,dich-vu-khach-hang,dich-vu-khach-hang-cskh
14342,,
14343,nhan-su-hanh-chinh,nhan-su-hanh-chinh-van-phong
14343,kinh-doanh-ban-hang,kinh-doanh-ban-hang-tong-hop
14343,nhan-su-hanh-chinh,nhan-su-thu-ky-tro-ly
14344,,
14345,kinh-doanh-ban-hang,kinh-doanh-ban-hang-ban-hang
14346,,
14347,,
14348,kinh-doanh-ban-hang,kinh-doanh-ban-hang-tong-hop
14349,kinh-doanh-ban-hang,kinh-doanh-ban-hang-tong-hop
14350,kinh-doanh-ban-hang,kinh-doanh-ban-hang-tong-hop
14351,y-te-duoc,y-te-duoc-duoc-pham
14352,,
14353,giao-duc-dao-tao,giao-duc-giang-day
14354,kinh-doanh-ban-hang,kinh-doanh-ban-hang-tong-hop
14355,ke-toan-tai-chinh,ke-toan-tai-chinh-tai-chinh
14356,,
14357,ke-toan-tai-chinh,ke-toan-tai-chinh-ke-toan
14358,kinh-doanh-ban-hang,kinh-doanh-ban-hang-tong-hop
14359,bat-dong-san,bat-dong-san-moi-gioi
14360,ke-toan-tai-chinh,ke-toan-tai-chinh-ke-toan
14361,ke-toan-tai-chinh,ke-toan-tai-chinh-ke-toan
14362,kinh-doanh-ban-hang,kinh-doanh-ban-hang-ban-hang
14363,cntt,cntt-phat-trien-phan-mem
14364,san-xuat-qa-qc,san-xuat-my-pham
14365,,
14366,dich-vu-khach-hang,dich-vu-khach-hang-cskh
14367,bat-dong-san,bat-dong-san-moi-gioi
14368,dich-vu-khach-hang,dich-vu-khach-hang-cskh
14369,dich-vu-khach-hang,dich-vu-khach-hang-cskh
14370,bat-dong-san,bat-dong-san-moi-gioi
14371,ke-toan-tai-chinh,ke-toan-tai-chinh-ke-toan
14372,nhan-su-hanh-chinh,nhan-su-hanh-chinh-van-phong
14373,nhan-su-hanh-chinh,nhan-su-hanh-chinh-van-phong
14374,ke-toan-tai-chinh,ke-toan-tai-chinh-tai-chinh
14375,co-khi-che-tao,co-khi-che-tao-co-khi
14376,kinh-doanh-ban-hang,kinh-doanh-ban-hang-tong-hop
14377,cntt,cntt-phat-trien-phan-mem
14377,,
14377,,
14378,kinh-doanh-ban-hang,kinh-doanh-ban-hang-tong-hop
14379,bat-dong-san,bat-dong-san-moi-gioi
14380,khach-san-nha-hang-du-lich,khach-san-nha-hang-fb
14381,kinh-doanh-ban-hang,kinh-doanh-ban-hang-tong-hop
14382,lao-dong-pho-thong,lao-dong-pho-thong-lai-xe
14383,,
14384,ke-toan-tai-chinh,ke-toan-tai-chinh-ke-toan
14385,kinh-doanh-ban-hang,kinh-doanh-ban-hang-ban-hang
14386,nhan-su-hanh-chinh,nhan-su-tuyen-dung-cb
14387,kinh-doanh-ban-hang,kinh-doanh-ban-hang-tong-hop
14388,van-tai-logistics,van-tai-giao-nhan
14389,,
14390,,
14390,,
14390,san-xuat-qa-qc,san-xuat-thuc-pham
14391,kinh-doanh-ban-hang,kinh-doanh-ban-hang-tong-hop
14392,kinh-doanh-ban-hang,kinh-doanh-ban-hang-sale
14393,dich-vu-khach-hang,dich-vu-khach-hang-cskh
14394,kinh-doanh-ban-hang,kinh-doanh-ban-hang-tong-hop
14395,lao-dong-pho-thong,lao-dong-pho-thong-lai-xe
14396,dien-dien-tu-vien-thong,dien-dien-tu-vien-thong-vt
14397,kinh-doanh-ban-hang,kinh-doanh-ban-hang-tong-hop
14398,nhan-su-hanh-chinh,nhan-su-tuyen-dung-cb
14399,lao-dong-pho-thong,lao-dong-pho-thong-cong-nhan
14399,lao-dong-pho-thong,lao-dong-pho-thong-cong-nhan
14400,kinh-doanh-ban-hang,kinh-doanh-ban-hang-tong-hop
14401,,
14402,ke-toan-tai-chinh,ke-toan-tai-chinh-ke-toan
14403,ke-toan-tai-chinh,ke-toan-tai-chinh-bao-hiem
14404,marketing-truyen-thong,marketing-tong-hop
14404,,
14405,nhan-su-hanh-chinh,nhan-su-hanh-chinh-van-phong
14405,nhan-su-hanh-chinh,nhan-su-tuyen-dung-cb
14406,nhan-su-hanh-chinh,nhan-su-hanh-chinh-van-phong
14407,van-tai-logistics,van-tai-xuat-nhap-khau
14408,khach-san-nha-hang-du-lich,khach-san-nha-hang-fb
14409,,
14410,khach-san-nha-hang-du-lich,khach-san-nha-hang-fb
14411,nhan-su-hanh-chinh,nhan-su-hanh-chinh-van-phong
14412,kinh-doanh-ban-hang,kinh-doanh-ban-hang-tong-hop
14412,kinh-doanh-ban-hang,kinh-doanh-ban-hang-tong-hop
14412,kinh-doanh-ban-hang,kinh-doanh-ban-hang-tong-hop
14413,lao-dong-pho-thong,lao-dong-pho-thong-lai-xe
14414,van-tai-logistics,van-tai-giao-nhan
14415,,
14416,,
14416,,
14416,,
14417,nhan-su-hanh-chinh,nhan-su-phap-ly-phap-che
14418,ke-toan-tai-chinh,ke-toan-tai-chinh-ngan-hang
14419,kinh-doanh-ban-hang,kinh-doanh-ban-hang-ban-hang
14420,lao-dong-pho-thong,lao-dong-pho-thong-cong-nhan
14421,lao-dong-pho-thong,lao-dong-pho-thong-cong-nhan
14422,,
14423,nhan-su-hanh-chinh,nhan-su-hanh-chinh-van-phong
14423,ke-toan-tai-chinh,ke-toan-tai-chinh-kiem-toan
14424,san-xuat-qa-qc,san-xuat-qa-qc-qa-qc
14425,giao-duc-dao-tao,giao-duc-giang-day
14426,kinh-doanh-ban-hang,kinh-doanh-ban-hang-ban-hang
14427,dich-vu-khach-hang,dich-vu-khach-hang-cskh
14428,bat-dong-san,bat-dong-san-moi-gioi
14429,bat-dong-san,bat-dong-san-moi-gioi
14430,kinh-doanh-ban-hang,kinh-doanh-ban-hang-sale
14431,,
14432,bat-dong-san,bat-dong-san-moi-gioi
14433,kinh-doanh-ban-hang,kinh-doanh-ban-hang-tong-hop
14434,kinh-doanh-ban-hang,kinh-doanh-ban-hang-sale
14435,kinh-doanh-ban-hang,kinh-doanh-ban-hang-ban-hang
14436,ke-toan-tai-chinh,ke-toan-tai-chinh-ke-toan
14437,bat-dong-san,bat-dong-san-moi-gioi
14437,ke-toan-tai-chinh,ke-toan-tai-chinh-tai-chinh
14437,,
14438,dich-vu-khach-hang,dich-vu-khach-hang-cskh
14439,kinh-doanh-ban-hang,kinh-doanh-ban-hang-ban-hang
14440,bat-dong-san,bat-dong-san-moi-gioi
14441,bat-dong-san,bat-dong-san-moi-gioi
14442,kinh-doanh-ban-hang,kinh-doanh-ban-hang-ban-hang
14443,kinh-doanh-ban-hang,kinh-doanh-ban-hang-ban-hang
14444,marketing-truyen-thong,marketing-tong-hop
14445,bat-dong-san,bat-dong-san-moi-gioi
14446,ke-toan-tai-chinh,ke-toan-tai-chinh-tai-chinh
14447,kinh-doanh-ban-hang,kinh-doanh-ban-hang-tong-hop
14448,san-xuat-qa-qc,san-xuat-quan-ly
14449,lao-dong-pho-thong,lao-dong-pho-thong-lai-xe
14450,ke-toan-tai-chinh,ke-toan-tai-chinh-ke-toan
14451,van-tai-logistics,van-tai-xuat-nhap-khau
14452,marketing-truyen-thong,marketing-tong-hop
14453,,
14453,nhan-su-hanh-chinh,nhan-su-tuyen-dung-cb
14453,,
14454,kinh-doanh-ban-hang,kinh-doanh-ban-hang-sale
14455,,
14456,lao-dong-pho-thong,lao-dong-pho-thong-bao-ve
14457,khach-san-nha-hang-du-lich,khach-san-spa-lam-dep
14458,nhan-su-hanh-chinh,nhan-su-hanh-chinh-van-phong
14459,dich-vu-khach-hang,dich-vu-khach-hang-cskh
14460,dich-vu-khach-hang,dich-vu-khach-hang-cskh
14461,nhan-su-hanh-chinh,nhan-su-tuyen-dung-cb
14461,kinh-doanh-ban-hang,kinh-doanh-ban-hang-thu-ngan
14462,cntt,cntt-phat-trien-phan-mem
14463,cntt,cntt-phat-trien-phan-mem
14464,nhan-su-hanh-chinh,nhan-su-hanh-chinh-van-phong
14465,ke-toan-tai-chinh,ke-toan-tai-chinh-bao-hiem
14466,kinh-doanh-ban-hang,kinh-doanh-ban-hang-sale
14467,dich-vu-khach-hang,dich-vu-khach-hang-cskh
14468,nhan-su-hanh-chinh,nhan-su-thu-ky-tro-ly
14469,,
14470,,
14471,dich-vu-khach-hang,dich-vu-khach-hang-cskh
14472,kinh-doanh-ban-hang,kinh-doanh-ban-hang-tong-hop
14473,ke-toan-tai-chinh,ke-toan-tai-chinh-tai-chinh
14474,,
14474,xay-dung,xay-dung-ky-su
14474,,
14475,nhan-su-hanh-chinh,nhan-su-hanh-chinh-van-phong
14476,dich-vu-khach-hang,dich-vu-khach-hang-cskh
14477,lao-dong-pho-thong,lao-dong-pho-thong-lai-xe
14478,,
14479,kinh-doanh-ban-hang,kinh-doanh-ban-hang-ban-hang
14480,,
14481,khach-san-nha-hang-du-lich,khach-san-nha-hang-fb
14482,kinh-doanh-ban-hang,kinh-doanh-ban-hang-tong-hop
14483,nhan-su-hanh-chinh,nhan-su-hanh-chinh-van-phong
14484,dich-vu-khach-hang,dich-vu-khach-hang-cskh
14484,kinh-doanh-ban-hang,kinh-doanh-ban-hang-tong-hop
14484,,
14485,co-khi-che-tao,co-khi-che-tao-co-khi
14486,kinh-doanh-ban-hang,kinh-doanh-ban-hang-tong-hop
14486,,
14486,,
14487,kinh-doanh-ban-hang,kinh-doanh-ban-hang-tong-hop
14487,,
14487,kinh-doanh-ban-hang,kinh-doanh-ban-hang-tong-hop
14488,ke-toan-tai-chinh,ke-toan-tai-chinh-bao-hiem
14489,kinh-doanh-ban-hang,kinh-doanh-ban-hang-tong-hop
14490,san-xuat-qa-qc,san-xuat-qa-qc-qa-qc
14491,,
14492,bat-dong-san,bat-dong-san-moi-gioi
14493,san-xuat-qa-qc,san-xuat-quan-ly
14494,,
14495,kinh-doanh-ban-hang,kinh-doanh-ban-hang-sale
14495,kinh-doanh-ban-hang,kinh-doanh-ban-hang-tong-hop
14495,kinh-doanh-ban-hang,kinh-doanh-ban-hang-tong-hop
14496,kinh-doanh-ban-hang,kinh-doanh-ban-hang-tong-hop
14497,,
14498,giao-duc-dao-tao,giao-duc-giang-day
14498,kinh-doanh-ban-hang,kinh-doanh-ban-hang-tong-hop
14498,,
14499,,
14500,dich-vu-khach-hang,dich-vu-khach-hang-cskh
14501,san-xuat-qa-qc,san-xuat-quan-ly
14502,kinh-doanh-ban-hang,kinh-doanh-ban-hang-ban-hang
14503,kinh-doanh-ban-hang,kinh-doanh-ban-hang-tong-hop
14504,lao-dong-pho-thong,lao-dong-pho-thong-lai-xe
14505,marketing-truyen-thong,marketing-tong-hop
14506,kinh-doanh-ban-hang,kinh-doanh-ban-hang-tong-hop
14507,giao-duc-dao-tao,giao-duc-giang-day
14508,kinh-doanh-ban-hang,kinh-doanh-ban-hang-tong-hop
14509,kinh-doanh-ban-hang,kinh-doanh-ban-hang-tong-hop
14510,san-xuat-qa-qc,san-xuat-quan-ly
14511,,
14512,lao-dong-pho-thong,lao-dong-pho-thong-lai-xe
14513,bat-dong-san,bat-dong-san-moi-gioi
14514,nhan-su-hanh-chinh,nhan-su-hanh-chinh-van-phong
14515,bat-dong-san,bat-dong-san-moi-gioi
14516,kinh-doanh-ban-hang,kinh-doanh-ban-hang-tong-hop
14517,lao-dong-pho-thong,lao-dong-pho-thong-cong-nhan
14518,y-te-duoc,y-te-duoc-duoc-pham
14519,bat-dong-san,bat-dong-san-moi-gioi
14520,kinh-doanh-ban-hang,kinh-doanh-ban-hang-tong-hop
14521,lao-dong-pho-thong,lao-dong-pho-thong-cong-nhan
14522,marketing-truyen-thong,marketing-seo-digital
14523,,
14524,,
14524,,
14525,,
14526,kinh-doanh-ban-hang,kinh-doanh-ban-hang-tong-hop
14527,kinh-doanh-ban-hang,kinh-doanh-ban-hang-ban-hang
14528,cntt,cntt-phan-cung-mang
14529,,
14530,kinh-doanh-ban-hang,kinh-doanh-ban-hang-ban-hang
14531,kinh-doanh-ban-hang,kinh-doanh-ban-hang-tong-hop
14532,,
14533,,
14534,marketing-truyen-thong,marketing-bien-phien-dich
14535,kinh-doanh-ban-hang,kinh-doanh-ban-hang-ban-hang
14536,lao-dong-pho-thong,lao-dong-pho-thong-cong-nhan
14537,kinh-doanh-ban-hang,kinh-doanh-ban-hang-tong-hop
14538,ke-toan-tai-chinh,ke-toan-tai-chinh-kiem-toan
14539,kinh-doanh-ban-hang,kinh-doanh-ban-hang-ban-hang
14540,van-tai-logistics,van-tai-logistics-kho-van
14540,,
14540,dien-dien-tu-vien-thong,dien-dien-tu-vien-thong-vt
14541,bat-dong-san,bat-dong-san-moi-gioi
14542,,
14543,bat-dong-san,bat-dong-san-moi-gioi
14544,ke-toan-tai-chinh,ke-toan-tai-chinh-kiem-toan
14545,ke-toan-tai-chinh,ke-toan-tai-chinh-ke-toan
14546,khach-san-nha-hang-du-lich,khach-san-du-lich-le-hanh
14546,kinh-doanh-ban-hang,kinh-doanh-ban-hang-tong-hop
14546,,
14547,,
14547,,
14547,kinh-doanh-ban-hang,kinh-doanh-ban-hang-ban-hang
14548,kinh-doanh-ban-hang,kinh-doanh-ban-hang-tong-hop
14549,kinh-doanh-ban-hang,kinh-doanh-ban-hang-tong-hop
14550,marketing-truyen-thong,marketing-seo-digital
14551,giao-duc-dao-tao,giao-duc-giang-day
14552,,
14553,kinh-doanh-ban-hang,kinh-doanh-ban-hang-tong-hop
14554,giao-duc-dao-tao,giao-duc-giang-day
14555,,
14556,dien-dien-tu-vien-thong,dien-dien-tu-vien-thong-vt
14556,dien-dien-tu-vien-thong,dien-dien-tu-vien-thong-vt
14556,dien-dien-tu-vien-thong,dien-dien-tu-vien-thong-vt
14557,kinh-doanh-ban-hang,kinh-doanh-ban-hang-tong-hop
14558,kinh-doanh-ban-hang,kinh-doanh-ban-hang-ban-hang
14559,ke-toan-tai-chinh,ke-toan-tai-chinh-ke-toan
14560,khach-san-nha-hang-du-lich,khach-san-nha-hang-fb
14561,kinh-doanh-ban-hang,kinh-doanh-ban-hang-ban-hang
14562,bat-dong-san,bat-dong-san-moi-gioi
14563,ke-toan-tai-chinh,ke-toan-tai-chinh-ke-toan
14564,marketing-truyen-thong,marketing-tong-hop
14565,,
14566,dich-vu-khach-hang,dich-vu-khach-hang-cskh
14566,kinh-doanh-ban-hang,kinh-doanh-ban-hang-tong-hop
14566,,
14567,,
14568,dich-vu-khach-hang,dich-vu-khach-hang-cskh
14569,lao-dong-pho-thong,lao-dong-pho-thong-tap-vu
14570,cntt,cntt-phat-trien-phan-mem
14571,dich-vu-khach-hang,dich-vu-khach-hang-cskh
14572,nhan-su-hanh-chinh,nhan-su-hanh-chinh-van-phong
14573,y-te-duoc,y-te-duoc-duoc-pham
14574,marketing-truyen-thong,marketing-tong-hop
14575,y-te-duoc,y-te-duoc-y-te
14576,lao-dong-pho-thong,lao-dong-pho-thong-cong-nhan
14577,dich-vu-khach-hang,dich-vu-khach-hang-cskh
14578,dich-vu-khach-hang,dich-vu-khach-hang-cskh
14579,dich-vu-khach-hang,dich-vu-khach-hang-cskh
14580,bat-dong-san,bat-dong-san-moi-gioi
14581,dich-vu-khach-hang,dich-vu-khach-hang-cskh
14582,,
14583,,
14584,bat-dong-san,bat-dong-san-moi-gioi
14585,lao-dong-pho-thong,lao-dong-pho-thong-cong-nhan
14585,lao-dong-pho-thong,lao-dong-pho-thong-cong-nhan
14586,dich-vu-khach-hang,dich-vu-khach-hang-cskh
14587,kinh-doanh-ban-hang,kinh-doanh-ban-hang-ban-hang
14588,,
14589,lao-dong-pho-thong,lao-dong-pho-thong-lai-xe
14590,lao-dong-pho-thong,lao-dong-pho-thong-cong-nhan
14591,,
14592,khach-san-nha-hang-du-lich,khach-san-khach-san
14593,marketing-truyen-thong,marketing-truyen-thong-pr
14594,ke-toan-tai-chinh,ke-toan-tai-chinh-bao-hiem
14594,,
14594,kinh-doanh-ban-hang,kinh-doanh-ban-hang-tong-hop
14595,,
14596,van-tai-logistics,van-tai-giao-nhan
14596,,
14596,,
14597,lao-dong-pho-thong,lao-dong-pho-thong-cong-nhan
14597,lao-dong-pho-thong,lao-dong-pho-thong-cong-nhan
14597,lao-dong-pho-thong,lao-dong-pho-thong-cong-nhan
14598,xay-dung,xay-dung-ky-su
14598,xay-dung,xay-dung-ky-su
14598,,
14599,,
14600,ke-toan-tai-chinh,ke-toan-tai-chinh-ke-toan
14601,kinh-doanh-ban-hang,kinh-doanh-ban-hang-thu-ngan
14602,kinh-doanh-ban-hang,kinh-doanh-ban-hang-tong-hop
14603,nhan-su-hanh-chinh,nhan-su-hanh-chinh-van-phong
14604,bat-dong-san,bat-dong-san-moi-gioi
14605,bat-dong-san,bat-dong-san-moi-gioi
14606,lao-dong-pho-thong,lao-dong-pho-thong-cong-nhan
14607,dich-vu-khach-hang,dich-vu-khach-hang-cskh
14608,kinh-doanh-ban-hang,kinh-doanh-ban-hang-sale
14609,dich-vu-khach-hang,dich-vu-khach-hang-cskh
14610,kinh-doanh-ban-hang,kinh-doanh-ban-hang-tong-hop
14610,,
14610,kinh-doanh-ban-hang,kinh-doanh-ban-hang-ban-hang
14611,lao-dong-pho-thong,lao-dong-pho-thong-cong-nhan
14612,,
14613,y-te-duoc,y-te-duoc-duoc-pham
14614,san-xuat-qa-qc,san-xuat-thuc-pham
14615,bat-dong-san,bat-dong-san-moi-gioi
14616,cntt,cntt-phat-trien-phan-mem
14617,lao-dong-pho-thong,lao-dong-pho-thong-lai-xe
14618,cntt,cntt-phan-cung-mang
14619,,
14620,lao-dong-pho-thong,lao-dong-pho-thong-bao-ve
14621,ke-toan-tai-chinh,ke-toan-tai-chinh-bao-hiem
14621,kinh-doanh-ban-hang,kinh-doanh-ban-hang-tong-hop
14621,ke-toan-tai-chinh,ke-toan-tai-chinh-tai-chinh
14622,,
14623,,
14623,kinh-doanh-ban-hang,kinh-doanh-ban-hang-ban-hang
14624,xay-dung,xay-dung-ky-su
14625,kinh-doanh-ban-hang,kinh-doanh-ban-hang-tong-hop
14626,marketing-truyen-thong,marketing-tong-hop
14626,,
14627,lao-dong-pho-thong,lao-dong-pho-thong-cong-nhan
14628,cntt,cntt-phan-cung-mang
14629,,
14630,ke-toan-tai-chinh,ke-toan-tai-chinh-ngan-hang
14631,lao-dong-pho-thong,lao-dong-pho-thong-bao-ve
14632,nhan-su-hanh-chinh,nhan-su-thu-ky-tro-ly
14633,kinh-doanh-ban-hang,kinh-doanh-ban-hang-tong-hop
